{"rmse": 0.23529757256289763, "mean": 0.20750551859979627, "median": 0.19442564651066402, "std": 0.11093424811401426, "min": 0.02425779160646263, "max": 0.5391471216923563, "sse": 72.41735153142164}