{"rmse": 1.7403550431504027, "mean": 1.6915494072376436, "median": 1.433159584514103, "std": 0.40926309275699113, "min": 1.2259230081380812, "max": 2.4640044374537293, "sse": 1684.0326359777864}