{"ape_trans": 0.5505020031525992, "ape_rot_deg": 12.15835456581544, "rpe_8m_trans": 1.1057273361316036, "rpe_8m_rot": 2.013485242980319, "rpe_16m_trans": 1.2017738214407823, "rpe_16m_rot": 2.2877802978187605, "rpe_24m_trans": 1.704226104719275, "rpe_24m_rot": 3.243249763528275, "rpe_32m_trans": NaN, "rpe_32m_rot": NaN, "rpe_40m_trans": NaN, "rpe_40m_rot": NaN, "rpe_48m_trans": NaN, "rpe_48m_rot": NaN}