{"rmse": 5.679067098669784, "mean": 5.64124669518681, "median": 5.237453050350915, "std": 0.6543231886747841, "min": 4.923329694241472, "max": 6.933800176208357, "sse": 21544.204478277356}