{"ape_trans": 0.15781807747055507, "ape_rot_deg": 4.313368801436844, "rpe_8m_trans": 0.13060383472006024, "rpe_8m_rot": 2.28063734828817, "rpe_16m_trans": 0.17692240624842165, "rpe_16m_rot": 2.8475845948704728, "rpe_24m_trans": 0.22675167230702759, "rpe_24m_rot": 3.762306592652611, "rpe_32m_trans": 0.2241071106187716, "rpe_32m_rot": 4.7649050270490685, "rpe_40m_trans": 0.2731537046828079, "rpe_40m_rot": 5.8045288572954306, "rpe_48m_trans": 0.3400689900972719, "rpe_48m_rot": 7.047056628587438}