{"ape_trans": 74.39237475156308, "ape_rot_deg": 164.88311898113602, "rpe_8m_trans": 0.1658433903644954, "rpe_8m_rot": 1.5863334858911553, "rpe_16m_trans": 0.1750622897564764, "rpe_16m_rot": 1.8548766926622562, "rpe_24m_trans": 0.21319623688765724, "rpe_24m_rot": 2.1521077923496637, "rpe_32m_trans": 0.24318925598317698, "rpe_32m_rot": 2.4067417232827033, "rpe_40m_trans": 0.2923080514553066, "rpe_40m_rot": 2.6581128732436787, "rpe_48m_trans": 0.3745807794949095, "rpe_48m_rot": 2.465531396498316}