{"ape_trans": 26.081106369217654, "ape_rot_deg": 166.80299101553442, "rpe_8m_trans": 0.07953012693467637, "rpe_8m_rot": 1.3949567964862604, "rpe_16m_trans": 0.08445136332000122, "rpe_16m_rot": 1.3779301493076344, "rpe_24m_trans": 0.10126065621565526, "rpe_24m_rot": 1.367436132737899, "rpe_32m_trans": 0.11614145443670756, "rpe_32m_rot": 1.499382369515495, "rpe_40m_trans": 0.13712656590213418, "rpe_40m_rot": 1.5758351573707376, "rpe_48m_trans": 8.962643832626362, "rpe_48m_rot": 4.721991972373487}