{"rmse": 16.502358454596365, "mean": 11.824097175376783, "median": 6.911649142534817, "std": 11.511670623816286, "min": 5.5261029664084145, "max": 93.90435870482, "sse": 341226.7767086771}