{"ape_trans": 0.099784032078894, "ape_rot_deg": 0.7742598106678872, "rpe_8m_trans": 0.04074106059386479, "rpe_8m_rot": 0.7405022983895773, "rpe_16m_trans": 0.06104090098943353, "rpe_16m_rot": 0.9556965421020521, "rpe_24m_trans": 0.07437064608760376, "rpe_24m_rot": 0.957141327371676, "rpe_32m_trans": 0.09153399320240752, "rpe_32m_rot": 0.9369983425677268, "rpe_40m_trans": 0.10601403742562726, "rpe_40m_rot": 0.9314104970401564, "rpe_48m_trans": 0.1208488049657766, "rpe_48m_rot": 0.9302693324349529}