{"rmse": 3.1336458705922303, "mean": 3.1287946534876716, "median": 3.113102020737321, "std": 0.17429990988723765, "min": 2.77502491672631, "max": 3.605014671332069, "sse": 9613.521976991862}