{"rmse": 0.7024435943033948, "mean": 0.6907508878617781, "median": 0.6794426106616098, "std": 0.12763312303644936, "min": 0.273605096501814, "max": 1.4353533045236426, "sse": 239.8055235444459}