{"rmse": 0.14684159883579564, "mean": 0.13199252116180643, "median": 0.12157618393862134, "std": 0.06434616931879335, "min": 0.009262627869287554, "max": 0.28690438881808006, "sse": 27.5136927696809}