{"rmse": 0.1062542641607504, "mean": 0.0981895950651773, "median": 0.10312081808308195, "std": 0.04060507447695467, "min": 0.01576225811347103, "max": 0.20066974605668372, "sse": 29.21843887226246}