{"rmse": 0.06972006310866419, "mean": 0.06415803518975262, "median": 0.061210380058002174, "std": 0.02728797758109934, "min": 0.006846810655028607, "max": 0.13698646163492714, "sse": 6.129578759043783}