{"rmse": 0.17162897145669992, "mean": 0.1569253624138353, "median": 0.16069009141318796, "std": 0.069504924103053, "min": 0.016932566127910893, "max": 0.33424361162147925, "sse": 49.221817922128764}