{"ape_trans": 0.07024771450754519, "ape_rot_deg": 0.6983464432152083, "rpe_8m_trans": 0.0567843854328861, "rpe_8m_rot": 0.7577481247135401, "rpe_16m_trans": 0.07234532266783994, "rpe_16m_rot": 0.8922112068710037, "rpe_24m_trans": 0.08947329078538555, "rpe_24m_rot": 0.9173715143056557, "rpe_32m_trans": 0.10262581879745239, "rpe_32m_rot": 0.9632492800538441, "rpe_40m_trans": 0.13396609937229592, "rpe_40m_rot": 0.8564693049745723, "rpe_48m_trans": 0.14988786334896864, "rpe_48m_rot": 0.8081750623596765}