{"rmse_8m_trans": 0.07332058763027513, "rmse_8m_rot": 0.7988767130098533, "rmse_16m_trans": 0.09700033930054777, "rmse_16m_rot": 0.9856180296372585, "rmse_24m_trans": 0.1179623875204784, "rmse_24m_rot": 1.1599001240782616, "rmse_32m_trans": 0.14095219011606208, "rmse_32m_rot": 1.3185144027929439, "rmse_40m_trans": 0.16440670046865766, "rmse_40m_rot": 1.474889537666114, "rmse_48m_trans": 0.19188639536606467, "rmse_48m_rot": 1.6234498039117344}