{"rmse": 0.22196188447502221, "mean": 0.21134205756772625, "median": 0.20723498811232152, "std": 0.06783518897108635, "min": 0.07458271671965744, "max": 0.5133748363546913, "sse": 25.963750190163537}