{"ape_trans": 2.182915455597553, "ape_rot_deg": 17.47160836272443, "rpe_8m_trans": 1.518352284914339, "rpe_8m_rot": 2.704274798688354, "rpe_16m_trans": 3.186356437416708, "rpe_16m_rot": 5.460238060547952, "rpe_24m_trans": 4.303129558403293, "rpe_24m_rot": 7.525054292225661, "rpe_32m_trans": 4.523220887664588, "rpe_32m_rot": 8.005997809973419, "rpe_40m_trans": 4.563604257541357, "rpe_40m_rot": 8.182331335557391, "rpe_48m_trans": 4.54009251606929, "rpe_48m_rot": 8.266483565178273}