{"rmse": 0.12573011192710204, "mean": 0.11578872459849178, "median": 0.11963276565082366, "std": 0.04900032960150603, "min": 0.009410861764691317, "max": 0.2244241652327938, "sse": 26.41527000653188}