{"std": 0.042862786591522165, "rmse": 0.07682056400312205, "sse": 6.338102583735847, "max": 0.18439039892758094, "min": 0.00739681517301215, "median": 0.05088639616086957, "mean": 0.06375092610595866}