{"std": 0.26867075150024217, "rmse": 0.7012878752376936, "sse": 483.9358090121126, "max": 1.273098666744919, "min": 0.1342961696184217, "median": 0.5582601306479338, "mean": 0.6477813761167376}