{"rmse": 0.3231458325731636, "mean": 0.31728329511197545, "median": 0.3204898713586346, "std": 0.06127429928028705, "min": 0.13198074742571725, "max": 0.4684583245634234, "sse": 112.15054806349889}