{"rmse": 0.11007791302568172, "mean": 0.09184153717976613, "median": 0.08417841590909372, "std": 0.060681784619003955, "min": 0.009239440335682702, "max": 0.25999734035735195, "sse": 13.025932956296264}