{"ape_trans": 0.19069070831826906, "ape_rot_deg": 1.36093738971162, "rpe_8m_trans": 0.1821024336632455, "rpe_8m_rot": 0.759736041424713, "rpe_16m_trans": 0.27765569858654293, "rpe_16m_rot": 1.0445015984378434, "rpe_24m_trans": 0.3044938854931402, "rpe_24m_rot": 1.1692518551116817, "rpe_32m_trans": 0.3896832172679149, "rpe_32m_rot": 1.434745803000379, "rpe_40m_trans": 0.35467005666447177, "rpe_40m_rot": 1.5379239346258813, "rpe_48m_trans": 0.4088026867838245, "rpe_48m_rot": 1.7689775998053177}