{"ape_trans": 0.12202071000251033, "ape_rot_deg": 1.0225800847637976, "rpe_8m_trans": 0.08655764766417721, "rpe_8m_rot": 1.0083349397591708, "rpe_16m_trans": 0.09262389310036395, "rpe_16m_rot": 1.1799229711288648, "rpe_24m_trans": 0.10781427946394724, "rpe_24m_rot": 1.3614471492153244, "rpe_32m_trans": 0.11857517616583979, "rpe_32m_rot": 1.5710964897101838, "rpe_40m_trans": 0.12044767257731062, "rpe_40m_rot": 1.7855671705520406, "rpe_48m_trans": 0.11983014946025489, "rpe_48m_rot": 1.8266739811475166}