{"rmse_8m_trans": 0.19630797598565336, "rmse_8m_rot": 2.22468499723251, "rmse_16m_trans": 0.27499970439549143, "rmse_16m_rot": 3.481443908783316, "rmse_24m_trans": 0.32506035792266563, "rmse_24m_rot": 4.668177313478664, "rmse_32m_trans": 0.39360009512063854, "rmse_32m_rot": 5.94658352340076, "rmse_40m_trans": 0.45848588587233857, "rmse_40m_rot": 7.211606801933518, "rmse_48m_trans": 0.5293388078404452, "rmse_48m_rot": 8.532846420865962}