{"ape_trans": 36.86517513941876, "ape_rot_deg": 66.13207429305116, "rpe_8m_trans": 4.531095946750996, "rpe_8m_rot": 1.9951516471598818, "rpe_16m_trans": 8.973374107588311, "rpe_16m_rot": 2.7735202288752268, "rpe_24m_trans": 13.349995981895923, "rpe_24m_rot": 3.3793008314632367, "rpe_32m_trans": 18.66079522523912, "rpe_32m_rot": 3.7011356336016767, "rpe_40m_trans": 24.787265383506536, "rpe_40m_rot": 3.9877764143879886, "rpe_48m_trans": 32.12499940162963, "rpe_48m_rot": 4.448986941084414}