{"rmse": 0.2515486958496181, "mean": 0.2398711786479701, "median": 0.2396807875166893, "std": 0.07575331040738284, "min": 0.052301992753646574, "max": 0.4328832018329705, "sse": 87.6382937413465}