{"ape_trans": 3.1354081654059605, "ape_rot_deg": 17.06614103136599, "rpe_8m_trans": 1.051267129023858, "rpe_8m_rot": 0.9262468741275212, "rpe_16m_trans": 3.1502593037614166, "rpe_16m_rot": 2.181378344360159, "rpe_24m_trans": 4.080824853970672, "rpe_24m_rot": 2.8222703291266025, "rpe_32m_trans": 5.113234047403363, "rpe_32m_rot": 3.5269958801390513, "rpe_40m_trans": 6.025136158727077, "rpe_40m_rot": 4.214298774162191, "rpe_48m_trans": 6.284045802995037, "rpe_48m_rot": 4.517070340612081}