{"ape_trans": 0.2652816093392542, "ape_rot_deg": 1.7572778597098695, "rpe_8m_trans": 0.1829363207607402, "rpe_8m_rot": 0.6258052096703627, "rpe_16m_trans": 0.24135294015692157, "rpe_16m_rot": 0.7107939778823287, "rpe_24m_trans": 0.24504384090821993, "rpe_24m_rot": 0.8035527997630817, "rpe_32m_trans": 0.28165838188619335, "rpe_32m_rot": 0.8772026033749231, "rpe_40m_trans": 0.28769191013726375, "rpe_40m_rot": 0.9618797422888149, "rpe_48m_trans": 0.3315987405700117, "rpe_48m_rot": 1.1231847565812272}