{"rmse": 0.533115067699725, "mean": 0.4976282708838161, "median": 0.5646621377676639, "std": 0.19125318147854625, "min": 0.07556877501418677, "max": 1.057363383071938, "sse": 370.32781305725257}