{"rmse": 19.287345598553298, "mean": 19.200318516064645, "median": 17.755511620142734, "std": 1.8301554905795723, "min": 17.214922627677442, "max": 21.758361432861527, "sse": 1351854.178665013}