{"std": 0.702148097648662, "rmse": 5.945285296534381, "sse": 58710.39906418912, "max": 7.237296275062827, "min": 4.675430699357631, "median": 5.773484043187304, "mean": 5.903677269817201}