{"std": 0.6048344372158968, "rmse": 4.945491835059436, "sse": 40624.55444395229, "max": 6.208218848692124, "min": 3.896540537752964, "median": 4.75849339885672, "mean": 4.908366815367132}