{"std": 0.0331021388270189, "rmse": 0.06911152950473365, "sse": 6.639200879572301, "max": 0.15385140424540794, "min": 0.004187517082544371, "median": 0.057019612337606614, "mean": 0.06066837656934985}