{"rmse": 0.5891545185726123, "mean": 0.5478417404089345, "median": 0.5275624270002073, "std": 0.21673134111206935, "min": 0.22770811195246565, "max": 2.181236695986839, "sse": 174.9399355642814}