{"rmse": 0.29670007777331214, "mean": 0.2785257007439306, "median": 0.261322406670555, "std": 0.10224661449550243, "min": 0.06684114748656557, "max": 0.5588716128737596, "sse": 77.55525474875742}