{"ape_trans": 14.454159395566021, "ape_rot_deg": 172.4807312312904, "rpe_8m_trans": 0.055104206169008046, "rpe_8m_rot": 1.2292835152358013, "rpe_16m_trans": 0.07118616306188372, "rpe_16m_rot": 1.4954083443591768, "rpe_24m_trans": 0.08688133203233599, "rpe_24m_rot": 1.765198157006548, "rpe_32m_trans": 12.843309010244882, "rpe_32m_rot": 9.149165932015016, "rpe_40m_trans": 16.822152371034015, "rpe_40m_rot": 11.563870778413396, "rpe_48m_trans": 19.77547354825459, "rpe_48m_rot": 13.411345422520695}