{"rmse": 0.15056892476274675, "mean": 0.1392728849490129, "median": 0.12926191881343038, "std": 0.057219442693796856, "min": 0.045742773405890454, "max": 0.269940558652758, "sse": 22.512304096480225}