{"ape_trans": 0.277166464344241, "ape_rot_deg": 1.4243722261267961, "rpe_8m_trans": 0.5337017012262834, "rpe_8m_rot": 1.4241354199792466, "rpe_16m_trans": 0.39963948222706613, "rpe_16m_rot": 1.452695273287655, "rpe_24m_trans": 0.3650989516768089, "rpe_24m_rot": 1.5007943216760335, "rpe_32m_trans": 0.40502633185974657, "rpe_32m_rot": 1.6618100427459628, "rpe_40m_trans": 0.4104513169463326, "rpe_40m_rot": 1.729713502668176, "rpe_48m_trans": 0.4604381234351479, "rpe_48m_rot": 1.9033819868029112}