{"ape_trans": 0.12638717430151733, "ape_rot_deg": 1.9580175398889, "rpe_8m_trans": 0.11167993004462134, "rpe_8m_rot": 0.5885121848880535, "rpe_16m_trans": 0.21004620666719417, "rpe_16m_rot": 0.6065639740454754, "rpe_24m_trans": 0.21389749561776641, "rpe_24m_rot": 0.5488193736397606, "rpe_32m_trans": 0.26481877535735526, "rpe_32m_rot": 0.7075900187176326, "rpe_40m_trans": 0.27410937166294047, "rpe_40m_rot": 0.8042156658008311, "rpe_48m_trans": 0.3354897169278342, "rpe_48m_rot": 0.7712142423264747}