{"ape_trans": 0.07682055667594781, "ape_rot_deg": 6.110231999064567, "rpe_8m_trans": 0.315526395054128, "rpe_8m_rot": 3.6547687882987003, "rpe_16m_trans": 0.26383943610073296, "rpe_16m_rot": 2.993880423889396, "rpe_24m_trans": 0.3119022264336427, "rpe_24m_rot": 2.8954295724813113, "rpe_32m_trans": 0.275807564716542, "rpe_32m_rot": 3.132842325481178, "rpe_40m_trans": 0.27527252821939974, "rpe_40m_rot": 2.997464117295102, "rpe_48m_trans": 0.3905367669057367, "rpe_48m_rot": 3.23909232134363}