{"rmse": 0.14286567950318754, "mean": 0.12992959187454345, "median": 0.11912171527678386, "std": 0.059404575036120455, "min": 0.03495123532690141, "max": 0.30795963948965144, "sse": 47.12808089520641}