{"ape_trans": 0.30262157887494884, "ape_rot_deg": 0.7100067150501245, "rpe_8m_trans": 0.19476347729823437, "rpe_8m_rot": 0.546911471965117, "rpe_16m_trans": 0.29819387401802006, "rpe_16m_rot": 0.6309759945256045, "rpe_24m_trans": 0.3276136388007632, "rpe_24m_rot": 0.7187344638975312, "rpe_32m_trans": 0.3869063217620051, "rpe_32m_rot": 0.7831336408777358, "rpe_40m_trans": 0.49685421521435574, "rpe_40m_rot": 0.9467187098347677, "rpe_48m_trans": 0.6563411698052867, "rpe_48m_rot": 0.9952786076128772}