{"ape_trans": 0.8407605459992451, "ape_rot_deg": 30.483737099443154, "rpe_8m_trans": 0.793243438580201, "rpe_8m_rot": 1.8357111427052544, "rpe_16m_trans": 1.1575767508555554, "rpe_16m_rot": 2.6514676391954546, "rpe_24m_trans": 1.5556070214832853, "rpe_24m_rot": 3.531753918339333, "rpe_32m_trans": 1.712342399305283, "rpe_32m_rot": 4.001910338403017, "rpe_40m_trans": 1.8228744891181408, "rpe_40m_rot": 4.272066292246528, "rpe_48m_trans": 1.8282514867572934, "rpe_48m_rot": 4.51797976096507}