{"rmse": 4.289733344278768, "mean": 4.244393982467405, "median": 4.241688556313474, "std": 0.6220384928696762, "min": 3.0417142493595617, "max": 7.434764070648024, "sse": 27105.86931907019}