{"rmse": 0.08209140858795246, "mean": 0.07181214725685271, "median": 0.06749862889036477, "std": 0.039774550535666066, "min": 0.004583645840094526, "max": 0.19223962489670374, "sse": 9.367209115896273}