{"rmse": 0.21856471373360098, "mean": 0.20969348408806995, "median": 0.20525283584652315, "std": 0.06163746280029134, "min": 0.10129016759939274, "max": 0.3819131829243451, "sse": 25.175071465140647}