{"ape_trans": 4.414053630132479, "ape_rot_deg": 25.0170468287673, "rpe_8m_trans": 2.9081445229650975, "rpe_8m_rot": 5.2375725626832565, "rpe_16m_trans": 4.802354180423636, "rpe_16m_rot": 8.628675105119312, "rpe_24m_trans": 6.090401192752274, "rpe_24m_rot": 11.787179411320173, "rpe_32m_trans": 6.7693310212245805, "rpe_32m_rot": 13.618523643311896, "rpe_40m_trans": 7.4247435705993166, "rpe_40m_rot": 16.308888614360033, "rpe_48m_trans": 8.046887750383345, "rpe_48m_rot": 19.61096868016704}