{"std": 0.2551286716361685, "rmse": 0.3726396310336796, "sse": 207.59614045229074, "max": 1.040294830080114, "min": 0.02771143385508379, "median": 0.20625115480151146, "mean": 0.27160569862593276}