{"ape_trans": 0.16694107539118838, "ape_rot_deg": 3.2860378964772976, "rpe_8m_trans": 0.17141792296731656, "rpe_8m_rot": 1.17794787335677, "rpe_16m_trans": 0.18629742690309464, "rpe_16m_rot": 1.4450347711144713, "rpe_24m_trans": 0.2339428560222519, "rpe_24m_rot": 1.6436931483109112, "rpe_32m_trans": 0.27954204763972146, "rpe_32m_rot": 1.8966809615355968, "rpe_40m_trans": 0.3160503532140639, "rpe_40m_rot": 1.8215855950841788, "rpe_48m_trans": 0.33759367336665685, "rpe_48m_rot": 2.368887848570356}