{"ape_trans": 13725950.797412595, "ape_rot_deg": 147.2411207701156, "rpe_8m_trans": 0.034085950913778446, "rpe_8m_rot": 0.5045531583238648, "rpe_16m_trans": 0.04318625257060764, "rpe_16m_rot": 0.5739170748199343, "rpe_24m_trans": 0.04747577651329734, "rpe_24m_rot": 0.6587481188294271, "rpe_32m_trans": 0.05294359911141781, "rpe_32m_rot": 0.8069561504905162, "rpe_40m_trans": 0.0692245046503971, "rpe_40m_rot": 0.9681517217510708, "rpe_48m_trans": 0.08505850621051975, "rpe_48m_rot": 1.1804410403017112}