{"ape_trans": 0.10845421823421857, "ape_rot_deg": 1.3185838216606511, "rpe_8m_trans": 0.06587474963309349, "rpe_8m_rot": 0.7336096412408333, "rpe_16m_trans": 0.10619164766103371, "rpe_16m_rot": 0.9212253204564798, "rpe_24m_trans": 0.146137441951048, "rpe_24m_rot": 1.126153656441667, "rpe_32m_trans": 0.18035762522866539, "rpe_32m_rot": 1.3464232968683616, "rpe_40m_trans": 0.2171610765182258, "rpe_40m_rot": 1.5400169731847526, "rpe_48m_trans": 0.2400426616591336, "rpe_48m_rot": 1.7871589074149168}