{"ape_trans": 0.5201014874124007, "ape_rot_deg": 8.434203560294675, "rpe_8m_trans": 0.3144262903676316, "rpe_8m_rot": 1.8830293217542042, "rpe_16m_trans": 0.5414076555786885, "rpe_16m_rot": 2.566570655094521, "rpe_24m_trans": 0.6015267715823911, "rpe_24m_rot": 3.355654701531579, "rpe_32m_trans": 0.7296151607160178, "rpe_32m_rot": 4.435443333238627, "rpe_40m_trans": 0.8056370661073976, "rpe_40m_rot": 5.455010631453959, "rpe_48m_trans": 1.0224519333977928, "rpe_48m_rot": 6.368622294883831}