{"std": 0.39035372004844454, "rmse": 1.2117128005729985, "sse": 441.9426212328102, "max": 2.1231450316933813, "min": 0.5127937939514969, "median": 1.145132712087264, "mean": 1.1471145907522926}