{"ape_trans": 0.08755976809002376, "ape_rot_deg": 6.270085209650126, "rpe_8m_trans": 0.30868510528598697, "rpe_8m_rot": 3.7025139649859105, "rpe_16m_trans": 0.25952088038109045, "rpe_16m_rot": 3.074054709926278, "rpe_24m_trans": 0.30585187797045393, "rpe_24m_rot": 3.0423659174493345, "rpe_32m_trans": 0.26689912414236355, "rpe_32m_rot": 3.3813355221004797, "rpe_40m_trans": 0.2828740631533298, "rpe_40m_rot": 3.5123467648774644, "rpe_48m_trans": 0.3667217345792427, "rpe_48m_rot": 3.8391459550578153}