{"rmse": 4.425399386771667, "mean": 2.9944452074056698, "median": 1.801061207314651, "std": 3.2584440508138637, "min": 0.21662516750814828, "max": 14.23688778371726, "sse": 22051.763858726365}