{"ape_trans": 0.04969093943567765, "ape_rot_deg": 1.66323942273368, "rpe_8m_trans": 0.03465452960684219, "rpe_8m_rot": 0.7724461979928334, "rpe_16m_trans": 0.04678356534215395, "rpe_16m_rot": 1.0805715434979402, "rpe_24m_trans": 0.056412166148014156, "rpe_24m_rot": 1.2842338272777702, "rpe_32m_trans": 0.06506819486380613, "rpe_32m_rot": 1.380312100401242, "rpe_40m_trans": 0.07424306437938775, "rpe_40m_rot": 1.5787772796341368, "rpe_48m_trans": 0.07823152497698553, "rpe_48m_rot": 1.8000134460646167}