{"rmse": 0.048225880787346846, "mean": 0.042624626922587394, "median": 0.03520787806082278, "std": 0.02255829686447156, "min": 0.0028534944845411097, "max": 0.10554039342294527, "sse": 2.8746091740562214}