{"ape_trans": 0.09023611964352295, "ape_rot_deg": 0.9728467152849146, "rpe_8m_trans": 0.07574410516085675, "rpe_8m_rot": 0.9647048366612542, "rpe_16m_trans": 0.08916138061163449, "rpe_16m_rot": 1.1280617579274523, "rpe_24m_trans": 0.09093738122485225, "rpe_24m_rot": 1.281018905411003, "rpe_32m_trans": 0.09492724217655844, "rpe_32m_rot": 1.4625521029063264, "rpe_40m_trans": 0.09750504929257885, "rpe_40m_rot": 1.6565857794372372, "rpe_48m_trans": 0.09614551198046055, "rpe_48m_rot": 1.7012656448452415}