{"rmse": 140.95799482463497, "mean": 105.82971131416333, "median": 74.24745631421199, "std": 93.10869190436874, "min": 14.362374196880577, "max": 514.5245492464874, "sse": 17266296.829029195}