{"rmse_8m_trans": 0.20372941845532191, "rmse_8m_rot": 0.9424032768736152, "rmse_16m_trans": 0.1578499983866982, "rmse_16m_rot": 1.1141477038515362, "rmse_24m_trans": 0.14455272439435077, "rmse_24m_rot": 1.2507501086512307, "rmse_32m_trans": 0.15498139011321052, "rmse_32m_rot": 1.398504664057341, "rmse_40m_trans": 0.15236137211288509, "rmse_40m_rot": 1.5505465409692398, "rmse_48m_trans": 0.162285396109998, "rmse_48m_rot": 1.717097949099163}