{"rmse": 0.7043908225339961, "mean": 0.4548350959840948, "median": 0.2620405190062782, "std": 0.5378582214034279, "min": 0.13863704932023094, "max": 2.1289212831715907, "sse": 196.97807305543745}