{"rmse_8m_trans": 0.19031118906119032, "rmse_8m_rot": 1.7953002489801804, "rmse_16m_trans": 0.2539435438614507, "rmse_16m_rot": 2.0434798451329295, "rmse_24m_trans": 0.2994086270223424, "rmse_24m_rot": 2.4410636012783584, "rmse_32m_trans": 0.3398880037469435, "rmse_32m_rot": 2.82247396755646, "rmse_40m_trans": 0.3758596666241521, "rmse_40m_rot": 2.9666190488948168, "rmse_48m_trans": 0.466472300718426, "rmse_48m_rot": 3.4251480322309487}