{"ape_trans": 11.032414705604133, "ape_rot_deg": 41.76367177342855, "rpe_8m_trans": 0.03176386744612226, "rpe_8m_rot": 0.6628444817857746, "rpe_16m_trans": 0.042466427115347136, "rpe_16m_rot": 0.7125639794738542, "rpe_24m_trans": 8.010793212793276, "rpe_24m_rot": 0.8543330538420676, "rpe_32m_trans": 15.306326104496453, "rpe_32m_rot": 0.9427685727272784, "rpe_40m_trans": 20.374264049941623, "rpe_40m_rot": 0.9813236904582547, "rpe_48m_trans": 22.087079825763723, "rpe_48m_rot": 0.9964414087948203}