{"rmse": 2.5892284592161467, "mean": 2.506576511481319, "median": 2.2540499556002187, "std": 0.6489824389804109, "min": 1.920480980666546, "max": 4.7830360918734485, "sse": 3901.788536156626}