{"std": 0.46954443646663724, "rmse": 1.7806270582021704, "sse": 596.0789514355225, "max": 3.1841466679024544, "min": 0.6897044891489543, "median": 1.6111422731859295, "mean": 1.717603197069959}