{"rmse": 0.24528491108122213, "mean": 0.21818901844143457, "median": 0.19145667639244135, "std": 0.11206355266404137, "min": 0.037293092145440396, "max": 0.5096455118900924, "sse": 125.98485584303366}