{"rmse": 0.18570153313255164, "mean": 0.17500388183127716, "median": 0.16531650149365806, "std": 0.06211844131789338, "min": 0.010938147768038984, "max": 0.3349937361731356, "sse": 47.796292339183324}