{"rmse": 22.73574421381538, "mean": 22.72221246379786, "median": 22.65634633880791, "std": 0.7842995002348131, "min": 19.768783024966638, "max": 24.879404268472708, "sse": 2470849.2304898687}