{"ape_trans": 0.051562454660399465, "ape_rot_deg": 0.6884034035781671, "rpe_8m_trans": 0.04429516062971525, "rpe_8m_rot": 0.8120934903319563, "rpe_16m_trans": 0.057163517511846944, "rpe_16m_rot": 0.8804154137868263, "rpe_24m_trans": 0.07566086807542521, "rpe_24m_rot": 0.935694359375351, "rpe_32m_trans": 0.09061998603223158, "rpe_32m_rot": 0.8821295405070768, "rpe_40m_trans": 0.102772592512024, "rpe_40m_rot": 0.9763126591974006, "rpe_48m_trans": 0.11465607175990226, "rpe_48m_rot": 1.0896312581010517}