{"rmse": 0.35674557694250125, "mean": 0.32975711720354994, "median": 0.3424316863209751, "std": 0.13611631173978492, "min": 0.04343478721514434, "max": 0.6922070867737402, "sse": 112.75892230788173}