{"ape_trans": 0.4987178971235804, "ape_rot_deg": 32.344540621510525, "rpe_8m_trans": 0.5212997352125579, "rpe_8m_rot": 0.9664596023419402, "rpe_16m_trans": 0.8381932769357712, "rpe_16m_rot": 1.1963451879315974, "rpe_24m_trans": 1.1394460313654593, "rpe_24m_rot": 1.3670742967829608, "rpe_32m_trans": 1.2025790146060262, "rpe_32m_rot": 1.3382882797842612, "rpe_40m_trans": 1.2012724810223283, "rpe_40m_rot": 1.363431181891131, "rpe_48m_trans": 1.1955302323519017, "rpe_48m_rot": 1.6010093749655956}