{"rmse_8m_trans": 0.05486559888880332, "rmse_8m_rot": 0.8280898018486347, "rmse_16m_trans": 0.06703789346743555, "rmse_16m_rot": 1.0312410338964644, "rmse_24m_trans": 0.07964023016458713, "rmse_24m_rot": 1.2186505043127163, "rmse_32m_trans": 0.09144630364068874, "rmse_32m_rot": 1.3849047394584788, "rmse_40m_trans": 0.10106173004584618, "rmse_40m_rot": 1.562396085202961, "rmse_48m_trans": 0.11185414224858156, "rmse_48m_rot": 1.6753250150623198}