{"rmse": 0.7234611771799702, "mean": 0.47112433523597513, "median": 0.266083373534699, "std": 0.549033637981398, "min": 0.12317617289292446, "max": 2.1530584638900785, "sse": 207.26484565510475}