{"ape_trans": 0.8612751440167122, "ape_rot_deg": 4.887052950628394, "rpe_8m_trans": 0.710666306900059, "rpe_8m_rot": 0.9188494078954564, "rpe_16m_trans": 0.9723734562522706, "rpe_16m_rot": 0.9933923256955507, "rpe_24m_trans": 1.204466132032967, "rpe_24m_rot": 1.0088839686889723, "rpe_32m_trans": 1.4171532735464818, "rpe_32m_rot": 1.0724046452277651, "rpe_40m_trans": 1.6744549815042489, "rpe_40m_rot": 0.817049454758382, "rpe_48m_trans": 1.7050164414960527, "rpe_48m_rot": 0.7445952398957093}