{"ape_trans": 0.14211566138183818, "ape_rot_deg": 4.132999597846412, "rpe_8m_trans": 0.14993775447049623, "rpe_8m_rot": 1.769298973022072, "rpe_16m_trans": 0.18349307208986804, "rpe_16m_rot": 2.2371839213604203, "rpe_24m_trans": 0.2200488883243234, "rpe_24m_rot": 2.7502323439280865, "rpe_32m_trans": 0.25427979488942093, "rpe_32m_rot": 2.7453858872820094, "rpe_40m_trans": 0.3041363965664908, "rpe_40m_rot": 1.9963069766440524, "rpe_48m_trans": 0.3334618345369437, "rpe_48m_rot": 1.8678881433114691}