{"rmse": 2.0046592665587197, "mean": 1.9455655533507616, "median": 1.660886306525775, "std": 0.48314951372705506, "min": 1.3927809488264502, "max": 2.846547426646009, "sse": 2226.336961349858}