{"ape_trans": 1.480795442056825, "ape_rot_deg": 112.55558213696669, "rpe_8m_trans": 1.3434636194699, "rpe_8m_rot": 0.8370669998884948, "rpe_16m_trans": 2.684049037815095, "rpe_16m_rot": 1.2496072758198296, "rpe_24m_trans": 3.6387025906898085, "rpe_24m_rot": 1.4548542488297078, "rpe_32m_trans": 3.6595980287670886, "rpe_32m_rot": 1.4513527295975994, "rpe_40m_trans": 3.67810482848082, "rpe_40m_rot": 1.4857858759284626, "rpe_48m_trans": NaN, "rpe_48m_rot": NaN}