{"ape_trans": 0.46452977113083727, "ape_rot_deg": 18.56708772253789, "rpe_8m_trans": 0.5291017338968121, "rpe_8m_rot": 1.6118450631736374, "rpe_16m_trans": 0.8661654657299565, "rpe_16m_rot": 2.801537277143696, "rpe_24m_trans": 1.0102357576100913, "rpe_24m_rot": 3.5363915276764044, "rpe_32m_trans": 1.0195517303948178, "rpe_32m_rot": 3.8370192163546113, "rpe_40m_trans": 0.6917458166724125, "rpe_40m_rot": 4.556080328335665, "rpe_48m_trans": NaN, "rpe_48m_rot": NaN}