{"ape_trans": 74.40717290587162, "ape_rot_deg": 165.10787819078845, "rpe_8m_trans": 0.16531619879707637, "rpe_8m_rot": 1.5854387242888208, "rpe_16m_trans": 0.17479765229386182, "rpe_16m_rot": 1.8539075426984697, "rpe_24m_trans": 0.21267044041458935, "rpe_24m_rot": 2.1547442297654307, "rpe_32m_trans": 0.24260231363498178, "rpe_32m_rot": 2.407222132659468, "rpe_40m_trans": 0.2916303050153608, "rpe_40m_rot": 2.654618670581141, "rpe_48m_trans": 0.37410415697926563, "rpe_48m_rot": 2.4666968841963324}