{"ape_trans": 0.21507420095200494, "ape_rot_deg": 1.59546613660275, "rpe_8m_trans": 0.1729960878313273, "rpe_8m_rot": 0.6640496011278091, "rpe_16m_trans": 0.20620015433377153, "rpe_16m_rot": 0.7368873532515139, "rpe_24m_trans": 0.21941656445861266, "rpe_24m_rot": 0.7488973905447244, "rpe_32m_trans": 0.2587817308036332, "rpe_32m_rot": 0.8204171770204621, "rpe_40m_trans": 0.24960992141133942, "rpe_40m_rot": 0.8378632057750709, "rpe_48m_trans": 0.28713036587014884, "rpe_48m_rot": 1.0618369609520284}