{"ape_trans": 14.82177835604514, "ape_rot_deg": 44.62500575717467, "rpe_8m_trans": 2.8606860556306293, "rpe_8m_rot": 3.1513033442151928, "rpe_16m_trans": 6.015657881663727, "rpe_16m_rot": 5.185430708318595, "rpe_24m_trans": 10.855911954692473, "rpe_24m_rot": 5.950365741400734, "rpe_32m_trans": 16.39147378680586, "rpe_32m_rot": 6.267417290400008, "rpe_40m_trans": 22.54838197751505, "rpe_40m_rot": 7.62500758724946, "rpe_48m_trans": 27.479538619168633, "rpe_48m_rot": 9.723950202194322}