{"rmse": 0.6107687732473449, "mean": 0.39396767149636, "median": 0.22829026421243373, "std": 0.4667204390101238, "min": 0.09304222870677467, "max": 1.8577761753712223, "sse": 148.09628226650446}