{"rmse": 0.09911541532338737, "mean": 0.08560649682108645, "median": 0.08370067256978472, "std": 0.04995391132583, "min": 0.015886850541046847, "max": 0.19290099715682002, "sse": 12.427189926730378}