{"ape_trans": 0.26790735249602227, "ape_rot_deg": 3.558632120400919, "rpe_8m_trans": 0.1754119280293929, "rpe_8m_rot": 1.98613520757483, "rpe_16m_trans": 0.2728403110548048, "rpe_16m_rot": 2.7161297340841744, "rpe_24m_trans": 0.3793130899663722, "rpe_24m_rot": 3.623493429197128, "rpe_32m_trans": 0.44199279700575894, "rpe_32m_rot": 4.3733772178927675, "rpe_40m_trans": 0.465756977767889, "rpe_40m_rot": 4.99975789675508, "rpe_48m_trans": 0.5259420375172196, "rpe_48m_rot": 6.151909565090531}