{"rmse": 4.227504831795369, "mean": 4.192201286458937, "median": 4.070525487292915, "std": 0.5452022346480473, "min": 3.3014969908761556, "max": 5.460794006634723, "sse": 29667.1831907363}