{"ape_trans": 0.1669502372339161, "ape_rot_deg": 3.286074570136057, "rpe_8m_trans": 0.1714162670992194, "rpe_8m_rot": 1.1780101247029948, "rpe_16m_trans": 0.18629612773243695, "rpe_16m_rot": 1.4450513526997975, "rpe_24m_trans": 0.2339440848226922, "rpe_24m_rot": 1.6436615579888456, "rpe_32m_trans": 0.27954843427317705, "rpe_32m_rot": 1.896519120115999, "rpe_40m_trans": 0.3160689164453057, "rpe_40m_rot": 1.8212907222261812, "rpe_48m_trans": 0.3376288645358579, "rpe_48m_rot": 2.36855011054622}