{"ape_trans": 0.5456564411450412, "ape_rot_deg": 2.023260269947297, "rpe_8m_trans": 0.2536346642304723, "rpe_8m_rot": 0.7477310886429694, "rpe_16m_trans": 0.41448741756181834, "rpe_16m_rot": 0.9555830434715258, "rpe_24m_trans": 0.4460129551080599, "rpe_24m_rot": 1.1326878648333627, "rpe_32m_trans": 0.51717924853413, "rpe_32m_rot": 1.2291649829835063, "rpe_40m_trans": 0.5793181270001918, "rpe_40m_rot": 1.227276009445722, "rpe_48m_trans": 0.7021448038436618, "rpe_48m_rot": 0.9803297644262965}