{"rmse": 0.24309838469859388, "mean": 0.2262949689550841, "median": 0.24337858867026574, "std": 0.08881110104419968, "min": 0.01313319170293351, "max": 0.3912600567309799, "sse": 155.48374563590542}