{"std": 0.06506445766694392, "rmse": 0.1478204154941507, "sse": 28.58094480981726, "max": 0.37745097613236356, "min": 0.03536416564047765, "median": 0.124945518164782, "mean": 0.13273089913569414}