{"rmse": 0.1894673433972467, "mean": 0.1607667971754008, "median": 0.13141534134758906, "std": 0.10025921972553815, "min": 0.03761893781515522, "max": 0.48737138304974925, "sse": 37.83635942156675}