{"rmse": 0.7234674670289927, "mean": 0.4711284049545481, "median": 0.2660864092732657, "std": 0.549038433895415, "min": 0.12317999112740728, "max": 2.1530802564247162, "sse": 207.26844963634124}