{"rmse": 0.9039948101127647, "mean": 0.8872974420317673, "median": 0.8696369345005859, "std": 0.17294469079649818, "min": 0.5368625743100005, "max": 1.2925017587258187, "sse": 663.5717727691806}