{"rmse": 129.4322677290289, "mean": 85.12592332202098, "median": 65.89903682728281, "std": 97.50020055390873, "min": 0.5252125575911719, "max": 545.1205515401533, "sse": 22817193.647950422}