{"ape_trans": 0.45166680327172887, "ape_rot_deg": 8.429122021606545, "rpe_8m_trans": 0.8357587540653513, "rpe_8m_rot": 2.3267755052186776, "rpe_16m_trans": 0.8745487866134645, "rpe_16m_rot": 2.6424516986740794, "rpe_24m_trans": 1.3331528478226269, "rpe_24m_rot": 3.8255049251926208, "rpe_32m_trans": NaN, "rpe_32m_rot": NaN, "rpe_40m_trans": NaN, "rpe_40m_rot": NaN, "rpe_48m_trans": NaN, "rpe_48m_rot": NaN}