{"rmse": 29.18652895037378, "mean": 14.67956430478771, "median": 8.47077745768683, "std": 25.226253467223575, "min": 2.3825051449140657, "max": 181.97186826654354, "sse": 661890.1478768722}