{"rmse": 0.9730042450499692, "mean": 0.9581590619058495, "median": 0.9679033143886944, "std": 0.16931766881504998, "min": 0.6124294015257394, "max": 1.4719581723689676, "sse": 650.4084982281739}