{"ape_trans": 0.18710015238110245, "ape_rot_deg": 6.216177966213886, "rpe_8m_trans": 0.17520310347541307, "rpe_8m_rot": 2.2264434192696902, "rpe_16m_trans": 0.21024394525458434, "rpe_16m_rot": 3.1174981596231315, "rpe_24m_trans": 0.25353968859082615, "rpe_24m_rot": 4.00212536103458, "rpe_32m_trans": 0.31036139374589916, "rpe_32m_rot": 4.706556077730549, "rpe_40m_trans": 0.34949731522144606, "rpe_40m_rot": 4.868024910940392, "rpe_48m_trans": 0.3928282717712732, "rpe_48m_rot": 5.551824124498854}