{"ape_trans": 5.594134849607287, "ape_rot_deg": 21.007191947334366, "rpe_8m_trans": 0.1947251888370052, "rpe_8m_rot": 1.9367827556216273, "rpe_16m_trans": 6.959549202996206, "rpe_16m_rot": 20.51205414416633, "rpe_24m_trans": 10.984352783754218, "rpe_24m_rot": 31.986390386065167, "rpe_32m_trans": 11.305373554205934, "rpe_32m_rot": 32.72626303923407, "rpe_40m_trans": 11.30448731244267, "rpe_40m_rot": 33.70336290881687, "rpe_48m_trans": 11.25404544890953, "rpe_48m_rot": 34.685455454665124}