{"ape_trans": 0.14286567950318754, "ape_rot_deg": 2.0088625875063832, "rpe_8m_trans": 0.14215490816332196, "rpe_8m_rot": 1.0547151287209986, "rpe_16m_trans": 0.19401693697245162, "rpe_16m_rot": 1.1536503057898282, "rpe_24m_trans": 0.24553040535565215, "rpe_24m_rot": 1.3477596018527351, "rpe_32m_trans": 0.26527062315900213, "rpe_32m_rot": 1.5809698633991633, "rpe_40m_trans": 0.23497679037269387, "rpe_40m_rot": 1.7216437490882086, "rpe_48m_trans": 0.1979413049967844, "rpe_48m_rot": 1.9153437039267576}