{"rmse": 0.07603037609742258, "mean": 0.06710988536050622, "median": 0.06246360640811327, "std": 0.03573347697069574, "min": 0.005481649672614488, "max": 0.17212690350798668, "sse": 8.035059144426583}