{"ape_trans": 0.5949756386295986, "ape_rot_deg": 11.813312456958773, "rpe_8m_trans": 1.179535684447866, "rpe_8m_rot": 2.441224732949205, "rpe_16m_trans": 1.302146584887385, "rpe_16m_rot": 2.8386906894191246, "rpe_24m_trans": 1.859769369358863, "rpe_24m_rot": 3.9767586740892016, "rpe_32m_trans": NaN, "rpe_32m_rot": NaN, "rpe_40m_trans": NaN, "rpe_40m_rot": NaN, "rpe_48m_trans": NaN, "rpe_48m_rot": NaN}