{"rmse": 100.61743015438853, "mean": 95.71270439242268, "median": 73.55632879971623, "std": 31.0313626636338, "min": 71.28456854789958, "max": 139.06747195982808, "sse": 54598016.08395946}