{"ape_trans": 6.160850960832671, "ape_rot_deg": 25.44760503407589, "rpe_8m_trans": 2.9857737996811653, "rpe_8m_rot": 4.064688614264899, "rpe_16m_trans": 5.444821221200761, "rpe_16m_rot": 4.980836211613933, "rpe_24m_trans": 7.1294816375994055, "rpe_24m_rot": 6.139208205159822, "rpe_32m_trans": 8.982318686391112, "rpe_32m_rot": 5.987330336646804, "rpe_40m_trans": 10.952806127145132, "rpe_40m_rot": 6.113290569753099, "rpe_48m_trans": 12.302475367710118, "rpe_48m_rot": 6.79945063500432}