{"rmse": 12524727.081204288, "mean": 12393651.720276741, "median": 11403501.183396393, "std": 1807259.1112326754, "min": 9841163.404603416, "max": 17264500.72629554, "sse": 9.774494208858612e+17}