{"rmse": 0.06305120478434058, "mean": 0.05496560971731796, "median": 0.04288977963623138, "std": 0.030890713380566894, "min": 0.005999753006662012, "max": 0.14231999334161205, "sse": 4.917637123424227}