{"ape_trans": 21.839033578590875, "ape_rot_deg": 51.56873729255596, "rpe_8m_trans": 0.15311009980319631, "rpe_8m_rot": 1.492890100174572, "rpe_16m_trans": 0.2481954222098261, "rpe_16m_rot": 1.3754620706316, "rpe_24m_trans": 0.3351637454772009, "rpe_24m_rot": 1.115670520655626, "rpe_32m_trans": 0.4575767507318913, "rpe_32m_rot": 1.0633787901744605, "rpe_40m_trans": 31.999709745701637, "rpe_40m_rot": 38.34308429235039, "rpe_48m_trans": 42.98796775588439, "rpe_48m_rot": 50.20784193840508}