{"ape_trans": 129.39723624090956, "ape_rot_deg": 60.179953985021655, "rpe_8m_trans": 4.293558005803141, "rpe_8m_rot": 1.5652445626808715, "rpe_16m_trans": 9.788317964386692, "rpe_16m_rot": 1.976176842177017, "rpe_24m_trans": 15.527120734867909, "rpe_24m_rot": 2.3839585642442347, "rpe_32m_trans": 22.491556591644283, "rpe_32m_rot": 9.144084895279638, "rpe_40m_trans": 28.02251080932661, "rpe_40m_rot": 10.882543860063981, "rpe_48m_trans": 34.02455160359025, "rpe_48m_rot": 12.214237441899934}