{"rmse": 0.06972152251193177, "mean": 0.06415998107426088, "median": 0.06121094180442053, "std": 0.02728713121477402, "min": 0.006846710983257071, "max": 0.13697938133784943, "sse": 6.129835374442459}