{"rmse": 0.1411087270080107, "mean": 0.12410762110573943, "median": 0.11967812008064244, "std": 0.06714887356684031, "min": 0.002317698348716071, "max": 0.2527836891990526, "sse": 33.272405311999364}