{"rmse": 0.04271606814298748, "mean": 0.03892427498244739, "median": 0.03622298312963411, "std": 0.017594410893439168, "min": 0.0015066385971885905, "max": 0.10606447352796906, "sse": 4.651064655393096}