{"rmse_8m_trans": 0.17958501912892064, "rmse_8m_rot": 1.6406703189692171, "rmse_16m_trans": 0.23534614973646206, "rmse_16m_rot": 1.7688847696330212, "rmse_24m_trans": 0.27650425403451584, "rmse_24m_rot": 2.0580563610670946, "rmse_32m_trans": 0.3150728457445928, "rmse_32m_rot": 2.3018101947530396, "rmse_40m_trans": 0.34514426647656377, "rmse_40m_rot": 2.3528730964873925, "rmse_48m_trans": 0.43670435790596374, "rmse_48m_rot": 2.640425799880927}