{"ape_trans": 0.47531497573767456, "ape_rot_deg": 35.70690519385075, "rpe_8m_trans": 0.5043283685367407, "rpe_8m_rot": 1.2678456812004564, "rpe_16m_trans": 0.874934868869258, "rpe_16m_rot": 1.9177135364472582, "rpe_24m_trans": 1.137032151601569, "rpe_24m_rot": 2.4449741542396315, "rpe_32m_trans": 1.1522474130119584, "rpe_32m_rot": 2.5686045140671783, "rpe_40m_trans": 1.1523869566270983, "rpe_40m_rot": 2.479272630576495, "rpe_48m_trans": NaN, "rpe_48m_rot": NaN}