{"ape_trans": 2.777239498579751, "ape_rot_deg": 11.552166636178043, "rpe_8m_trans": 1.6384887540427793, "rpe_8m_rot": 4.928068431917792, "rpe_16m_trans": 3.871638236969226, "rpe_16m_rot": 11.082986542007925, "rpe_24m_trans": 5.441961874936289, "rpe_24m_rot": 15.489737295325412, "rpe_32m_trans": 5.7382146825925755, "rpe_32m_rot": 16.50541019548453, "rpe_40m_trans": 5.804186962582754, "rpe_40m_rot": 16.818988641875652, "rpe_48m_trans": 5.791648815907717, "rpe_48m_rot": 17.369092009530334}