{"rmse": 133.7526178402955, "mean": 133.3061619633783, "median": 124.61190668795463, "std": 10.919247305821495, "min": 122.04432128740363, "max": 147.9342395830269, "sse": 55350926.03863482}