{"ape_trans": 0.04226527408875874, "ape_rot_deg": 0.8131985072658567, "rpe_8m_trans": 0.0442334864698657, "rpe_8m_rot": 0.7696616919690026, "rpe_16m_trans": 0.0491097433366126, "rpe_16m_rot": 0.9055039004812168, "rpe_24m_trans": 0.05826953018911652, "rpe_24m_rot": 1.0019955165892425, "rpe_32m_trans": 0.07000874560578828, "rpe_32m_rot": 1.049545926270998, "rpe_40m_trans": 0.08507232415953495, "rpe_40m_rot": 0.881466968906343, "rpe_48m_trans": 0.10382379774571443, "rpe_48m_rot": 0.6605765492972528}