{"ape_trans": 1.6860048322276708, "ape_rot_deg": 7.046382240655383, "rpe_8m_trans": 2.694160318624401, "rpe_8m_rot": 2.275244289981483, "rpe_16m_trans": 3.0098020129472487, "rpe_16m_rot": 2.839150164191861, "rpe_24m_trans": 2.4369550681339938, "rpe_24m_rot": 3.682084676586391, "rpe_32m_trans": 2.2229440560716034, "rpe_32m_rot": 4.831851674324499, "rpe_40m_trans": 2.493130981483086, "rpe_40m_rot": 5.894675267904141, "rpe_48m_trans": 2.4741236242021407, "rpe_48m_rot": 6.7478489974001254}