{"ape_trans": 0.19109017166765324, "ape_rot_deg": 1.906078550708857, "rpe_8m_trans": 0.13107507111060834, "rpe_8m_rot": 0.5050606333568534, "rpe_16m_trans": 0.23706127320259304, "rpe_16m_rot": 0.5220959016997693, "rpe_24m_trans": 0.25941057285285557, "rpe_24m_rot": 0.5518135685634615, "rpe_32m_trans": 0.3145275764074189, "rpe_32m_rot": 0.7454944185631454, "rpe_40m_trans": 0.3560779309650532, "rpe_40m_rot": 0.8220304404938287, "rpe_48m_trans": 0.40581836407607835, "rpe_48m_rot": 0.8999746080120699}