{"rmse": 0.3113430889822353, "mean": 0.2836573951438147, "median": 0.26962244087635706, "std": 0.12834719021944294, "min": 0.022157632275164853, "max": 0.5122443449345072, "sse": 255.03471963896723}