{"rmse": 0.589263974468135, "mean": 0.5479492604833501, "median": 0.5276634723112514, "std": 0.2167570980192635, "min": 0.22778146339217797, "max": 2.1815881038214524, "sse": 175.0049439294154}