{"std": 0.03246035375223377, "rmse": 0.08501809232768646, "sse": 9.859095695425225, "max": 0.1944081317247982, "min": 0.004549496033098557, "median": 0.07477625342109771, "mean": 0.07857735969933619}