{"ape_trans": 0.2759711651084979, "ape_rot_deg": 0.9187082550460354, "rpe_8m_trans": 0.18345622969448594, "rpe_8m_rot": 0.5947850921744406, "rpe_16m_trans": 0.2866203623036763, "rpe_16m_rot": 0.7287589102843121, "rpe_24m_trans": 0.30744106830016854, "rpe_24m_rot": 0.9481539097834589, "rpe_32m_trans": 0.38803541501272687, "rpe_32m_rot": 1.0930371819633917, "rpe_40m_trans": 0.49926366193625066, "rpe_40m_rot": 1.3186257766017593, "rpe_48m_trans": 0.6475719883681895, "rpe_48m_rot": 1.4001869164851675}