{"ape_trans": 0.2710846753775507, "ape_rot_deg": 4.376065120576727, "rpe_8m_trans": 0.16676804797215194, "rpe_8m_rot": 1.3782152619909955, "rpe_16m_trans": 0.30247700509888675, "rpe_16m_rot": 2.3221804417473453, "rpe_24m_trans": 0.4382099642730685, "rpe_24m_rot": 3.3054285362463354, "rpe_32m_trans": 0.5525731017237825, "rpe_32m_rot": 4.55311655112993, "rpe_40m_trans": 0.531948452248518, "rpe_40m_rot": 5.514994183111041, "rpe_48m_trans": 0.6080446774110662, "rpe_48m_rot": 6.610226171890608}