{"rmse": 0.10847729250503876, "mean": 0.0832802277621972, "median": 0.06298111498882399, "std": 0.0695106225918046, "min": 0.014617072182014218, "max": 0.2852172195105413, "sse": 14.779757674465015}