{"ape_trans": 0.6678965156751696, "ape_rot_deg": 30.286363054433117, "rpe_8m_trans": 0.6999007487670621, "rpe_8m_rot": 1.4707790068682784, "rpe_16m_trans": 0.9925126044375766, "rpe_16m_rot": 1.9585005036495682, "rpe_24m_trans": 1.2672547946056834, "rpe_24m_rot": 2.531585556222598, "rpe_32m_trans": 1.387671481206667, "rpe_32m_rot": 2.884753633438585, "rpe_40m_trans": 1.4872259858465993, "rpe_40m_rot": 3.180742791492776, "rpe_48m_trans": 1.485637899268525, "rpe_48m_rot": 3.264530671219849}