{"ape_trans": 0.1406366804744802, "ape_rot_deg": 2.549594089797988, "rpe_8m_trans": 0.11871011931054001, "rpe_8m_rot": 1.4728962791628708, "rpe_16m_trans": 0.15761905238389676, "rpe_16m_rot": 1.5642387147288679, "rpe_24m_trans": 0.18451100263119474, "rpe_24m_rot": 1.874639853972078, "rpe_32m_trans": 0.2233151849918932, "rpe_32m_rot": 2.3185108029040404, "rpe_40m_trans": 0.2376016455412405, "rpe_40m_rot": 2.6994983973586253, "rpe_48m_trans": 0.2567771674110566, "rpe_48m_rot": 3.190928241270925}