{"ape_trans": 0.15438671517768254, "ape_rot_deg": 1.553699341492668, "rpe_8m_trans": 0.17810335454267226, "rpe_8m_rot": 0.48471955679361795, "rpe_16m_trans": 0.2258811922634207, "rpe_16m_rot": 0.56473888043331, "rpe_24m_trans": 0.2111859447933729, "rpe_24m_rot": 0.6058417277990811, "rpe_32m_trans": 0.22953848846334535, "rpe_32m_rot": 0.6640825613140093, "rpe_40m_trans": 0.20492510864773011, "rpe_40m_rot": 0.6838065959405715, "rpe_48m_trans": 0.2074356314629283, "rpe_48m_rot": 0.79304089460432}