{"ape_trans": 0.06738491276974987, "ape_rot_deg": 1.6157506068004768, "rpe_8m_trans": 0.09452689098388119, "rpe_8m_rot": 1.4120212789483026, "rpe_16m_trans": 0.12656835563129132, "rpe_16m_rot": 2.2016839712933454, "rpe_24m_trans": 0.18971351920929808, "rpe_24m_rot": 3.2456628641512437, "rpe_32m_trans": 0.17997662200402564, "rpe_32m_rot": 4.846581138626703, "rpe_40m_trans": NaN, "rpe_40m_rot": NaN, "rpe_48m_trans": NaN, "rpe_48m_rot": NaN}