{"rmse": 0.49547368207283565, "mean": 0.4897928570715567, "median": 0.4713434201410185, "std": 0.07481394782054449, "min": 0.29113684032191106, "max": 0.7026321328325416, "sse": 261.2057964829295}