{"rmse": 0.08377024486647014, "mean": 0.07853224772435816, "median": 0.07900974773615048, "std": 0.0291571602243499, "min": 0.013177635405709416, "max": 0.15271363062600313, "sse": 7.410431344787715}