{"rmse": 0.19504394836907332, "mean": 0.17070853793622237, "median": 0.15491456643404822, "std": 0.09434371664861975, "min": 0.024963934960848894, "max": 0.44798168381823805, "sse": 49.759121468380236}