{"std": 0.05119921114994443, "rmse": 0.14012255025211823, "sse": 15.668194613147602, "max": 0.21652657471141054, "min": 0.004987213770220759, "median": 0.13510896152602858, "mean": 0.13043377578978843}