{"std": 0.05279827771812394, "rmse": 0.09441479854811029, "sse": 9.056780651838332, "max": 0.2240892836992803, "min": 0.0037458760779809064, "median": 0.060537202601305753, "mean": 0.07827193657295127}