{"rmse": 0.36458797108230945, "mean": 0.31782498174779633, "median": 0.280097207118215, "std": 0.17863837671376168, "min": 0.008200677378745387, "max": 0.7507458812836311, "sse": 118.16978151688635}