{"ape_trans": 0.1577191480135034, "ape_rot_deg": 4.305846795933919, "rpe_8m_trans": 0.13069811883625598, "rpe_8m_rot": 2.276639721528075, "rpe_16m_trans": 0.17694835840554818, "rpe_16m_rot": 2.841403671543444, "rpe_24m_trans": 0.22655760117211599, "rpe_24m_rot": 3.753160730988634, "rpe_32m_trans": 0.22426696913776487, "rpe_32m_rot": 4.753744574226704, "rpe_40m_trans": 0.2729537743986793, "rpe_40m_rot": 5.7906676510427, "rpe_48m_trans": 0.3398042289321407, "rpe_48m_rot": 7.029625622852678}