{"ape_trans": 1.649570499250754, "ape_rot_deg": 15.171319316994222, "rpe_8m_trans": 1.2067795435997555, "rpe_8m_rot": 3.4576133975646353, "rpe_16m_trans": 1.9177998110761663, "rpe_16m_rot": 5.418049610534535, "rpe_24m_trans": 2.6302875014093434, "rpe_24m_rot": 7.2929659622317535, "rpe_32m_trans": 3.1409910392957117, "rpe_32m_rot": 8.227570384499337, "rpe_40m_trans": 3.288171740528262, "rpe_40m_rot": 8.33254429887416, "rpe_48m_trans": 3.508897163265601, "rpe_48m_rot": 7.782273640560741}