{"ape_trans": 0.0678326796699489, "ape_rot_deg": 0.6449679048685402, "rpe_8m_trans": 0.04349403970930802, "rpe_8m_rot": 0.7882351219879631, "rpe_16m_trans": 0.058924382610299184, "rpe_16m_rot": 0.9382970723277563, "rpe_24m_trans": 0.06462342330509893, "rpe_24m_rot": 0.9822392164650015, "rpe_32m_trans": 0.06999878924951505, "rpe_32m_rot": 0.9474882003446744, "rpe_40m_trans": 0.07672623571638157, "rpe_40m_rot": 0.9660137944591298, "rpe_48m_trans": 0.08828154950404526, "rpe_48m_rot": 0.9646336714467921}