{"ape_trans": 0.3096913169822368, "ape_rot_deg": 18.757821961896635, "rpe_8m_trans": 0.3675080105412482, "rpe_8m_rot": 0.5370817841355863, "rpe_16m_trans": 0.6111035050996985, "rpe_16m_rot": 0.589265833303841, "rpe_24m_trans": 0.7123153178560057, "rpe_24m_rot": 0.6447231268764029, "rpe_32m_trans": 0.7208330497154466, "rpe_32m_rot": 0.6024242143184708, "rpe_40m_trans": NaN, "rpe_40m_rot": NaN, "rpe_48m_trans": NaN, "rpe_48m_rot": NaN}