{"std": 0.0962051181568506, "rmse": 0.211562650017758, "sse": 93.72483272403115, "max": 0.4531960098478182, "min": 0.04207155880804113, "median": 0.17681855379416794, "mean": 0.1884232738356989}