{"ape_trans": 0.9034748685159439, "ape_rot_deg": 12.817478168369652, "rpe_8m_trans": 0.6802927827934221, "rpe_8m_rot": 0.6050809736240595, "rpe_16m_trans": 1.0722255505119467, "rpe_16m_rot": 0.7272648934211335, "rpe_24m_trans": 1.3699609603515785, "rpe_24m_rot": 0.804861527794561, "rpe_32m_trans": 1.6850387308850947, "rpe_32m_rot": 0.856790812685435, "rpe_40m_trans": 1.8686024267844272, "rpe_40m_rot": 0.9401185473488431, "rpe_48m_trans": 1.8719372581850284, "rpe_48m_rot": 0.8733326347304632}