{"std": 0.5769855807730939, "rmse": 2.343346223818453, "sse": 1032.3590466406301, "max": 4.069247124324622, "min": 1.1100001562685384, "median": 2.21319021565359, "mean": 2.2712021407757037}