{"rmse": 2.9978886319504845, "mean": 2.946086209016044, "median": 2.557532527177065, "std": 0.55489845793931, "min": 2.3130861013533455, "max": 3.985077727183199, "sse": 4673.414849780533}