{"rmse": 0.30261694061833455, "mean": 0.2962398639111472, "median": 0.2977912751327556, "std": 0.06179770043541741, "min": 0.12485387709020902, "max": 0.4297533698876226, "sse": 98.35371169264147}