{"ape_trans": 0.2771537287261662, "ape_rot_deg": 3.217083245689655, "rpe_8m_trans": 0.21253512925664728, "rpe_8m_rot": 1.7644616456757487, "rpe_16m_trans": 0.3160713379690778, "rpe_16m_rot": 2.4697723934458593, "rpe_24m_trans": 0.39876201983338877, "rpe_24m_rot": 3.3936769703179195, "rpe_32m_trans": 0.4348281468987954, "rpe_32m_rot": 4.091547786669855, "rpe_40m_trans": 0.43339018320595024, "rpe_40m_rot": 4.5761012593306845, "rpe_48m_trans": 0.49127423490115385, "rpe_48m_rot": 5.677349005257833}