{"rmse": 0.19326765119565523, "mean": 0.1778465150054787, "median": 0.15508775989988055, "std": 0.07565052609923799, "min": 0.0495057833827141, "max": 0.390211110337851, "sse": 67.83193115761277}