{"ape_trans": 0.10610443568898227, "ape_rot_deg": 3.1314634558685546, "rpe_8m_trans": 0.1358290538304048, "rpe_8m_rot": 2.39406500268349, "rpe_16m_trans": 0.2120411490203732, "rpe_16m_rot": 3.872797778169336, "rpe_24m_trans": 0.3178532705977685, "rpe_24m_rot": 5.76761964782958, "rpe_32m_trans": 0.2733744216778995, "rpe_32m_rot": 8.858206799558301, "rpe_40m_trans": 0.17954224626522225, "rpe_40m_rot": 9.857643133756419, "rpe_48m_trans": NaN, "rpe_48m_rot": NaN}