{"std": 0.6559930566652964, "rmse": 1.6207326843197485, "sse": 1305.5068937090819, "max": 2.749794004568681, "min": 0.15280808161201093, "median": 1.4792200569664051, "mean": 1.4820416808002463}