{"std": 0.1973624902108155, "rmse": 0.2991799815320604, "sse": 133.81544871753837, "max": 0.8303818819197434, "min": 0.01265555103520189, "median": 0.16763724417281015, "mean": 0.2248481905804664}