{"rmse": 0.15800380535365163, "mean": 0.1429055180072683, "median": 0.13011531990330646, "std": 0.06740337847103023, "min": 0.010191577446168385, "max": 0.3135210963617683, "sse": 31.780702790436685}