{"std": 0.47824955231437644, "rmse": 1.19320054567857, "sse": 681.9654927174581, "max": 1.9542869815431667, "min": 0.1523409453867853, "median": 1.0739948789618996, "mean": 1.0931628002812463}