{"ape_trans": 0.0785520470203801, "ape_rot_deg": 6.328584546678599, "rpe_8m_trans": 0.3103853690489913, "rpe_8m_rot": 3.6929538232242405, "rpe_16m_trans": 0.2584509127028539, "rpe_16m_rot": 3.040974316585646, "rpe_24m_trans": 0.3053297434575443, "rpe_24m_rot": 2.9680597776909754, "rpe_32m_trans": 0.26713210989198943, "rpe_32m_rot": 3.311731239712845, "rpe_40m_trans": 0.27957869802446966, "rpe_40m_rot": 3.40527864740208, "rpe_48m_trans": 0.37046958417555753, "rpe_48m_rot": 3.7412762625538067}