{"rmse": 0.15781807747055507, "mean": 0.13797643448743038, "median": 0.11735588085041256, "std": 0.07660971937448904, "min": 0.012667293207126297, "max": 0.558792741750924, "sse": 27.82061140895287}