{"ape_trans": 0.14704881523946992, "ape_rot_deg": 4.013646698932631, "rpe_8m_trans": 0.15612480547178745, "rpe_8m_rot": 1.7751930149935529, "rpe_16m_trans": 0.19775987030442002, "rpe_16m_rot": 2.399127669758042, "rpe_24m_trans": 0.23618614072540228, "rpe_24m_rot": 2.972471391001972, "rpe_32m_trans": 0.2619581222035923, "rpe_32m_rot": 3.0312254989823075, "rpe_40m_trans": 0.3064106234980186, "rpe_40m_rot": 2.1363032319729456, "rpe_48m_trans": 0.336157981511779, "rpe_48m_rot": 1.3292789858541885}