{"rmse_8m_trans": 0.06143009671623262, "rmse_8m_rot": 0.796575107535512, "rmse_16m_trans": 0.0832791606535666, "rmse_16m_rot": 0.9900558209936688, "rmse_24m_trans": 0.10371713510281352, "rmse_24m_rot": 1.1346361438384827, "rmse_32m_trans": 0.127601103345747, "rmse_32m_rot": 1.263480408819347, "rmse_40m_trans": 0.15352787433119228, "rmse_40m_rot": 1.4077240826496433, "rmse_48m_trans": 0.18349386088201042, "rmse_48m_rot": 1.5488446459341232}