{"rmse": 5.829656807818901, "mean": 5.347988404377957, "median": 5.26949327378548, "std": 2.320327244935112, "min": 0.6613446393527437, "max": 9.68654532356157, "sse": 44146.38314753708}