{"ape_trans": 5.284190273960956, "ape_rot_deg": 29.885258051387886, "rpe_8m_trans": 0.027745998230827344, "rpe_8m_rot": 0.5293000957167051, "rpe_16m_trans": 4.471339089873394, "rpe_16m_rot": 1.306665297354981, "rpe_24m_trans": 7.018530908540445, "rpe_24m_rot": 2.0001318690890475, "rpe_32m_trans": 8.908266112937115, "rpe_32m_rot": 2.4164764307562066, "rpe_40m_trans": 10.749282988578804, "rpe_40m_rot": 2.9642004508810866, "rpe_48m_trans": 10.734545782063204, "rpe_48m_rot": 2.9893635038427644}