{"ape_trans": 0.07534611469512605, "ape_rot_deg": 2.428787269829911, "rpe_8m_trans": 0.1448568209385702, "rpe_8m_rot": 0.8026333079869808, "rpe_16m_trans": 0.1285789863204885, "rpe_16m_rot": 1.059681947254715, "rpe_24m_trans": 0.15371758655939716, "rpe_24m_rot": 0.9892270327999599, "rpe_32m_trans": 0.16721982232997595, "rpe_32m_rot": 0.9575075618590596, "rpe_40m_trans": 0.16549583450090194, "rpe_40m_rot": 0.87864689593263, "rpe_48m_trans": 0.16554050479030238, "rpe_48m_rot": 1.0755542253627943}