{"std": 0.09215164579717283, "rmse": 0.2537074227871322, "sse": 57.22266871940961, "max": 0.43749325875958045, "min": 0.03438039375469276, "median": 0.22745681377993449, "mean": 0.23638005532227344}