{"rmse": 0.4458737469024748, "mean": 0.4176031444173101, "median": 0.4100148067467846, "std": 0.1562402379338542, "min": 0.04451283057936149, "max": 0.832426180906539, "sse": 596.4101945305564}