{"rmse": 0.11059896994699303, "mean": 0.098797575414062, "median": 0.09275244409244317, "std": 0.04971087653259192, "min": 0.0337955736089366, "max": 0.39799519266760347, "sse": 9.67561653328867}