{"rmse": 5.189075401978186, "mean": 5.143547753464727, "median": 5.135841690288975, "std": 0.6858717338125448, "min": 3.861184533937685, "max": 6.609827752030837, "sse": 44724.92235903643}