{"std": 0.04671299984771906, "rmse": 0.11906227224093001, "sse": 17.875714910349572, "max": 0.245864744329691, "min": 0.02643734507087354, "median": 0.09531211545503446, "mean": 0.10951584504719093}