{"rmse": 0.27716355719256086, "mean": 0.24196295564191794, "median": 0.2201253593467063, "std": 0.13517975267273283, "min": 0.03201453375771899, "max": 0.6081754617287931, "sse": 83.73340480484103}