{"rmse": 0.07829451199359816, "mean": 0.07599903190768653, "median": 0.0771466998317081, "std": 0.01881961097924534, "min": 0.016623717985813163, "max": 0.11988253148682555, "sse": 4.756903752052973}