{"ape_trans": 5.045861873807161, "ape_rot_deg": 20.152688099624772, "rpe_8m_trans": 0.2074301133579609, "rpe_8m_rot": 2.79570770261559, "rpe_16m_trans": 5.722089589562276, "rpe_16m_rot": 18.286493135026497, "rpe_24m_trans": 8.2642918456113, "rpe_24m_rot": 26.097035595925654, "rpe_32m_trans": 9.70659349187809, "rpe_32m_rot": 30.09252568966862, "rpe_40m_trans": 10.164145103252975, "rpe_40m_rot": 32.85793331618797, "rpe_48m_trans": 10.197762001023108, "rpe_48m_rot": 33.53649178339966}