{"rmse": 1.6355866921414133, "mean": 1.5441071435842448, "median": 1.4822771209955552, "std": 0.5393300998852123, "min": 0.25714824543309045, "max": 2.8665759865851395, "sse": 3999.3400221275847}