{"ape_trans": 0.868872150731294, "ape_rot_deg": 21.362294157186618, "rpe_8m_trans": 0.831720934754369, "rpe_8m_rot": 1.809194780441493, "rpe_16m_trans": 1.2407266465357198, "rpe_16m_rot": 2.5737957734079213, "rpe_24m_trans": 1.5741814996409471, "rpe_24m_rot": 3.3263849151868925, "rpe_32m_trans": 1.6796921196727868, "rpe_32m_rot": 3.808523433373531, "rpe_40m_trans": 1.7588318457844343, "rpe_40m_rot": 4.101642601998333, "rpe_48m_trans": 1.7643103912592621, "rpe_48m_rot": 4.242632748102116}