{"ape_trans": 0.3465230947447722, "ape_rot_deg": 1.4918162348868875, "rpe_8m_trans": 0.2015310049502448, "rpe_8m_rot": 1.2111903616729653, "rpe_16m_trans": 0.3278476468458051, "rpe_16m_rot": 1.5025663669102438, "rpe_24m_trans": 0.41964553219283746, "rpe_24m_rot": 1.5272412875944867, "rpe_32m_trans": 0.47151363762895293, "rpe_32m_rot": 1.642503337188002, "rpe_40m_trans": 0.6213620087844554, "rpe_40m_rot": 2.0131390269504297, "rpe_48m_trans": 0.8028372502626324, "rpe_48m_rot": 2.2940351656871374}