{"rmse": 5.594134849607287, "mean": 5.585967171815424, "median": 5.532439110341347, "std": 0.3021844982641096, "min": 4.774705362161578, "max": 6.248792418689618, "sse": 15177.75718706151}