{"rmse": 0.5114680658480139, "mean": 0.38903813528869596, "median": 0.31217407159600935, "std": 0.3320375154608324, "min": 0.05813782451411066, "max": 1.5019035287573026, "sse": 391.0913756615507}