{"ape_trans": 4.212777361132207, "ape_rot_deg": 25.043008720244387, "rpe_8m_trans": 2.8241815461914945, "rpe_8m_rot": 5.238675770273617, "rpe_16m_trans": 4.666901463665798, "rpe_16m_rot": 8.620313335407504, "rpe_24m_trans": 5.934454157345409, "rpe_24m_rot": 11.651682606862419, "rpe_32m_trans": 6.536586341124084, "rpe_32m_rot": 13.593276391960016, "rpe_40m_trans": 7.167361259264699, "rpe_40m_rot": 16.332208415095867, "rpe_48m_trans": 7.769183579242152, "rpe_48m_rot": 19.662507928633197}