{"ape_trans": 0.2899002673610394, "ape_rot_deg": 3.0124604395155594, "rpe_8m_trans": 0.2039136187614945, "rpe_8m_rot": 0.4139424090681065, "rpe_16m_trans": 0.3322842616933242, "rpe_16m_rot": 0.49628018467060975, "rpe_24m_trans": 0.39684075573117394, "rpe_24m_rot": 0.5927840257517654, "rpe_32m_trans": 0.43642960640612566, "rpe_32m_rot": 0.716748219880726, "rpe_40m_trans": 0.47928353593584466, "rpe_40m_rot": 0.8067640047022456, "rpe_48m_trans": 0.5732658857848688, "rpe_48m_rot": 0.8263053194157178}