{"rmse": 4.592871598538981, "mean": 3.2752184449330146, "median": 2.30652895612606, "std": 3.2198468377605445, "min": 0.06903406200592628, "max": 13.944457314397402, "sse": 22381.23216142664}