{"ape_trans": 0.08131556246110996, "ape_rot_deg": 1.612658512278296, "rpe_8m_trans": 0.07394681137407999, "rpe_8m_rot": 1.2175444116035001, "rpe_16m_trans": 0.11289679264066255, "rpe_16m_rot": 1.9215575430067242, "rpe_24m_trans": 0.13523272529207203, "rpe_24m_rot": 2.5483016252828667, "rpe_32m_trans": 0.16102682075939517, "rpe_32m_rot": 2.9476527200514178, "rpe_40m_trans": 0.1635525434324623, "rpe_40m_rot": 2.9076401157783325, "rpe_48m_trans": 0.16243411542354566, "rpe_48m_rot": 2.86341404392974}