{"ape_trans": 22.73574421381538, "ape_rot_deg": 129.5505613038978, "rpe_8m_trans": 0.06905696852385815, "rpe_8m_rot": 1.3875796221173946, "rpe_16m_trans": 0.0822599306722397, "rpe_16m_rot": 1.5024765370482007, "rpe_24m_trans": 0.09138273662338241, "rpe_24m_rot": 1.5422306909506323, "rpe_32m_trans": 0.10602121686073229, "rpe_32m_rot": 1.7427280281789426, "rpe_40m_trans": 0.13321817179190337, "rpe_40m_rot": 1.896951828427848, "rpe_48m_trans": 34.17011051464772, "rpe_48m_rot": 4.358401120705267}