{"rmse": 0.08892007253822408, "mean": 0.0788264366250387, "median": 0.07216517689311534, "std": 0.0411481735828188, "min": 0.011193443808072863, "max": 0.20193383661729522, "sse": 10.998330006582417}