{"rmse": 0.16112636757819004, "mean": 0.15443148461560716, "median": 0.1573543140004513, "std": 0.04596327760681897, "min": 0.05199421595372329, "max": 0.3138680478157358, "sse": 44.55028806046449}