{"ape_trans": 0.11049041893275327, "ape_rot_deg": 3.283952564916423, "rpe_8m_trans": 0.15166576044933597, "rpe_8m_rot": 1.9971969531681264, "rpe_16m_trans": 0.1519421661195967, "rpe_16m_rot": 2.4404474332526753, "rpe_24m_trans": 0.16437652292239466, "rpe_24m_rot": 2.725071001236308, "rpe_32m_trans": 0.17954810141766783, "rpe_32m_rot": 3.062106556192287, "rpe_40m_trans": 0.19734489779019662, "rpe_40m_rot": 3.305780208430281, "rpe_48m_trans": 0.21618893201463174, "rpe_48m_rot": 4.065907187877375}