{"ape_trans": 0.12479699856699362, "ape_rot_deg": 1.2592779373716048, "rpe_8m_trans": 0.1591832929332968, "rpe_8m_rot": 0.823768641487057, "rpe_16m_trans": 0.23411238852632135, "rpe_16m_rot": 1.1101383277792085, "rpe_24m_trans": 0.2534441020521401, "rpe_24m_rot": 1.204820671772371, "rpe_32m_trans": 0.3362327680011448, "rpe_32m_rot": 1.5347671488169534, "rpe_40m_trans": 0.2741997283187887, "rpe_40m_rot": 1.6443708558629404, "rpe_48m_trans": 0.3084929038529853, "rpe_48m_rot": 1.922074994655652}