{"rmse": 0.13209557039858397, "mean": 0.11506577818698575, "median": 0.09160246256242871, "std": 0.06487762641427818, "min": 0.015370070567440839, "max": 0.30625510175360854, "sse": 19.595496204355307}