{"rmse": 5.894469231283893, "mean": 5.707112583773211, "median": 4.895261031146237, "std": 1.4743247521119616, "min": 3.4192882949816994, "max": 8.457659194285926, "sse": 166601.1602514594}