{"ape_trans": 0.6319859222538379, "ape_rot_deg": 10.212737088313046, "rpe_8m_trans": 1.243037681508333, "rpe_8m_rot": 3.0894676144033415, "rpe_16m_trans": 1.3661796906375538, "rpe_16m_rot": 3.605043070875626, "rpe_24m_trans": 1.9461097945879857, "rpe_24m_rot": 4.985071822584823, "rpe_32m_trans": NaN, "rpe_32m_rot": NaN, "rpe_40m_trans": NaN, "rpe_40m_rot": NaN, "rpe_48m_trans": NaN, "rpe_48m_rot": NaN}