{"ape_trans": 0.2231920328625182, "ape_rot_deg": 4.337540425641019, "rpe_8m_trans": 0.17859114297837486, "rpe_8m_rot": 0.7966847671800911, "rpe_16m_trans": 0.23110125962172146, "rpe_16m_rot": 1.1311380524726369, "rpe_24m_trans": 0.29123185357428993, "rpe_24m_rot": 1.1391109855048402, "rpe_32m_trans": 0.3721898315080674, "rpe_32m_rot": 1.1509466846523415, "rpe_40m_trans": 0.41094700311057636, "rpe_40m_rot": 1.1003972076394148, "rpe_48m_trans": 0.45152809481994116, "rpe_48m_rot": 1.2073227061590708}