{"ape_trans": 1.875832032655191, "ape_rot_deg": 17.466483262644157, "rpe_8m_trans": 1.4076453292162197, "rpe_8m_rot": 5.355627560542297, "rpe_16m_trans": 2.460708148905555, "rpe_16m_rot": 9.112501524411341, "rpe_24m_trans": 3.1973589708932186, "rpe_24m_rot": 12.078792606524976, "rpe_32m_trans": 3.6138023628884177, "rpe_32m_rot": 13.538934505201555, "rpe_40m_trans": 3.8643450782832685, "rpe_40m_rot": 14.579664951188972, "rpe_48m_trans": 3.8247850499191864, "rpe_48m_rot": 15.013140618488189}