{"ape_trans": 0.08886927540794065, "ape_rot_deg": 6.3371370847001405, "rpe_8m_trans": 0.3158947121678225, "rpe_8m_rot": 3.676049190298027, "rpe_16m_trans": 0.26968998833741664, "rpe_16m_rot": 3.0263271869860193, "rpe_24m_trans": 0.32069436788184014, "rpe_24m_rot": 2.925225699517489, "rpe_32m_trans": 0.2868705086209108, "rpe_32m_rot": 3.208765400275933, "rpe_40m_trans": 0.29718421355191416, "rpe_40m_rot": 3.1585290296679642, "rpe_48m_trans": 0.41165589146176457, "rpe_48m_rot": 3.4462565399800993}