{"ape_trans": 36.86154119221179, "ape_rot_deg": 66.12627875884026, "rpe_8m_trans": 4.529933739367639, "rpe_8m_rot": 1.9952822831151045, "rpe_16m_trans": 8.982227828804062, "rpe_16m_rot": 2.7710818512114415, "rpe_24m_trans": 13.343870621834801, "rpe_24m_rot": 3.3787733748042315, "rpe_32m_trans": 18.659855113178434, "rpe_32m_rot": 3.7015004680978616, "rpe_40m_trans": 24.790285576227504, "rpe_40m_rot": 3.987597119583671, "rpe_48m_trans": 32.118985802239585, "rpe_48m_rot": 4.44713214252573}