{"rmse": 14.454159395566021, "mean": 14.296840102352057, "median": 13.352536259893562, "std": 2.126755021201912, "min": 8.21424586700482, "max": 19.461205620831485, "sse": 1146150.0629447082}