{"rmse": 0.8800247214122244, "mean": 0.8738119189981032, "median": 0.8588673669862154, "std": 0.10438505886148634, "min": 0.6359938304836045, "max": 1.2906320101972637, "sse": 1097.386454090372}