{"rmse": 16.505289160295817, "mean": 11.83236168638545, "median": 6.919611193706056, "std": 11.507379683817524, "min": 5.528910492991136, "max": 93.8840293860629, "sse": 341347.98654201825}