{"ape_trans": 0.1894673433972467, "ape_rot_deg": 2.409092271560853, "rpe_8m_trans": 0.16788507572168612, "rpe_8m_rot": 1.4625886033377142, "rpe_16m_trans": 0.23006558544540914, "rpe_16m_rot": 2.0854180862478073, "rpe_24m_trans": 0.2502937829521555, "rpe_24m_rot": 2.8041135725760453, "rpe_32m_trans": 0.2954242786500071, "rpe_32m_rot": 3.371148440488486, "rpe_40m_trans": 0.31475334462294796, "rpe_40m_rot": 3.6972879554628406, "rpe_48m_trans": 0.3686452277366447, "rpe_48m_rot": 4.077899966995542}