{"ape_trans": 0.2122760282839626, "ape_rot_deg": 6.892558514414954, "rpe_8m_trans": 0.11328112534983674, "rpe_8m_rot": 0.7703532543340814, "rpe_16m_trans": 0.16299599390757166, "rpe_16m_rot": 0.9860004699408556, "rpe_24m_trans": 0.20174530619728134, "rpe_24m_rot": 1.2638819815629383, "rpe_32m_trans": 0.2424040603205125, "rpe_32m_rot": 1.5720935917420809, "rpe_40m_trans": 0.29395623950879246, "rpe_40m_rot": 1.878900062334604, "rpe_48m_trans": 0.3547905626788373, "rpe_48m_rot": 2.1713959218577537}