{"ape_trans": 0.12686825349661848, "ape_rot_deg": 3.129276972966091, "rpe_8m_trans": 0.11466509210175167, "rpe_8m_rot": 1.746696772916025, "rpe_16m_trans": 0.15911712427402774, "rpe_16m_rot": 2.100826225131785, "rpe_24m_trans": 0.19373792327810552, "rpe_24m_rot": 2.6906993810668545, "rpe_32m_trans": 0.20385943555035632, "rpe_32m_rot": 3.3463407400697958, "rpe_40m_trans": 0.23985963083348089, "rpe_40m_rot": 3.965489521196075, "rpe_48m_trans": 0.2778037803176307, "rpe_48m_rot": 4.761568032136515}