{"rmse": 5.6903240445372685, "mean": 5.273103105144585, "median": 5.067681875588958, "std": 2.138731253419538, "min": 0.2687825533663513, "max": 10.211897280571602, "sse": 39827.13891016194}