{"ape_trans": 1.375937913074403, "ape_rot_deg": 21.528110433250696, "rpe_8m_trans": 1.177752055242837, "rpe_8m_rot": 1.9813018753529994, "rpe_16m_trans": 2.1728573250144043, "rpe_16m_rot": 3.3899596378743593, "rpe_24m_trans": 2.7541530358981294, "rpe_24m_rot": 4.27780350393413, "rpe_32m_trans": 2.968085467395618, "rpe_32m_rot": 4.697213651422099, "rpe_40m_trans": 2.992821547244836, "rpe_40m_rot": 4.675894143380273, "rpe_48m_trans": NaN, "rpe_48m_rot": NaN}