{"rmse_8m_trans": 0.22880038134993963, "rmse_8m_rot": 1.7762187522245336, "rmse_16m_trans": 0.3839100805573804, "rmse_16m_rot": 2.3821741692557996, "rmse_24m_trans": 0.4869138415536672, "rmse_24m_rot": 3.218780632087698, "rmse_32m_trans": 0.5693407229169543, "rmse_32m_rot": 3.843079002095285, "rmse_40m_trans": 0.5621791294891184, "rmse_40m_rot": 4.466518518279998, "rmse_48m_trans": 0.6203613421310881, "rmse_48m_rot": 5.474791193410424}