{"std": 0.041439691209694075, "rmse": 0.09136454110593938, "sse": 21.594929134067616, "max": 0.20360614840872215, "min": 0.0036000429249792468, "median": 0.07679751895257207, "mean": 0.08142623265228527}