{"std": 0.028193833526165932, "rmse": 0.09229823302654976, "sse": 22.047078365702653, "max": 0.1502958722870659, "min": 0.003185936817305663, "median": 0.09087670631340536, "mean": 0.0878866973490421}