{"ape_trans": 0.03613211919926813, "ape_rot_deg": 0.7380995625368983, "rpe_8m_trans": 0.04481791534567024, "rpe_8m_rot": 0.7337218054582205, "rpe_16m_trans": 0.05646236943891587, "rpe_16m_rot": 0.798060309414819, "rpe_24m_trans": 0.06379071483440142, "rpe_24m_rot": 0.8893597391438364, "rpe_32m_trans": 0.06560677859185506, "rpe_32m_rot": 0.9367284710634274, "rpe_40m_trans": 0.06026203044579281, "rpe_40m_rot": 0.939216248622949, "rpe_48m_trans": 0.06369666933200337, "rpe_48m_rot": 0.9317537307172657}