{"rmse": 0.7841008938681938, "mean": 0.5348512160720574, "median": 0.3192249433872179, "std": 0.5733658417024351, "min": 0.17790748542859747, "max": 2.200467401527113, "sse": 1047.0286026356257}