{"rmse": 0.1950667741360509, "mean": 0.17071051379418495, "median": 0.1548947360690141, "std": 0.09438732357668844, "min": 0.025058172363003665, "max": 0.448157725086453, "sse": 49.770768654373384}