{"ape_trans": 7.012082470221497, "ape_rot_deg": 18.104958702818962, "rpe_8m_trans": 0.033642454377511934, "rpe_8m_rot": 1.0374396477379029, "rpe_16m_trans": 2.8693286788033348, "rpe_16m_rot": 2.9469440429431013, "rpe_24m_trans": 7.735713374375331, "rpe_24m_rot": 7.938521803621448, "rpe_32m_trans": 9.424381993849751, "rpe_32m_rot": 9.490849759573361, "rpe_40m_trans": 11.069622447461764, "rpe_40m_rot": 11.480634551965904, "rpe_48m_trans": 13.206140876701417, "rpe_48m_rot": 13.741636845115524}