{"ape_trans": 1.7576803328581245, "ape_rot_deg": 14.578800778370644, "rpe_8m_trans": 1.4507711557475806, "rpe_8m_rot": 5.69440795832929, "rpe_16m_trans": 2.4637594572044996, "rpe_16m_rot": 9.547456479414615, "rpe_24m_trans": 3.1888242482412177, "rpe_24m_rot": 12.480422928205394, "rpe_32m_trans": 3.5572649076216147, "rpe_32m_rot": 13.892907721754115, "rpe_40m_trans": 3.58446884973161, "rpe_40m_rot": 14.325751910410679, "rpe_48m_trans": 3.5362532379615494, "rpe_48m_rot": 14.867520119024709}