{"ape_trans": 0.07358557305386212, "ape_rot_deg": 6.338730345577652, "rpe_8m_trans": 0.3102186051937556, "rpe_8m_rot": 3.685439821582526, "rpe_16m_trans": 0.26129841740900883, "rpe_16m_rot": 3.0535455253196493, "rpe_24m_trans": 0.30557805592048526, "rpe_24m_rot": 2.9851579001416524, "rpe_32m_trans": 0.2632792834479406, "rpe_32m_rot": 3.265380522415048, "rpe_40m_trans": 0.27405898424592745, "rpe_40m_rot": 3.2996638041616455, "rpe_48m_trans": 0.371628957927821, "rpe_48m_rot": 3.551938033052986}