{"rmse": 0.5891731426585687, "mean": 0.5478596909655695, "median": 0.5275800276366165, "std": 0.21673659369216997, "min": 0.22771685153611734, "max": 2.181299262450462, "sse": 174.95099598320775}