{"rmse": 0.18711951912696767, "mean": 0.1664731471026374, "median": 0.14451047953889867, "std": 0.0854424117874213, "min": 0.014090136875697832, "max": 0.37499044808889637, "sse": 34.73360472280116}