{"ape_trans": 16.505289160295817, "ape_rot_deg": 123.24235602133831, "rpe_8m_trans": 3.605099485021059, "rpe_8m_rot": 1.5402228908679787, "rpe_16m_trans": 7.777569456721505, "rpe_16m_rot": 1.940301053184346, "rpe_24m_trans": 13.705516825977723, "rpe_24m_rot": 3.8368414694088715, "rpe_32m_trans": 18.418462727424902, "rpe_32m_rot": 5.147656054051442, "rpe_40m_trans": 22.59482305577783, "rpe_40m_rot": 5.757939590089218, "rpe_48m_trans": 26.938051994960457, "rpe_48m_rot": 6.315642546853734}