{"ape_trans": 0.15848301013641727, "ape_rot_deg": 2.410423619786806, "rpe_8m_trans": 0.15039929015286937, "rpe_8m_rot": 0.7594962279042935, "rpe_16m_trans": 0.1660404674674437, "rpe_16m_rot": 1.2717820350763722, "rpe_24m_trans": 0.19966377141325722, "rpe_24m_rot": 1.6769858361447982, "rpe_32m_trans": 0.24155256661597804, "rpe_32m_rot": 2.1061933083682827, "rpe_40m_trans": 0.2817714829318578, "rpe_40m_rot": 2.541763688169712, "rpe_48m_trans": 0.30004758792337133, "rpe_48m_rot": 3.082370110299783}