{"ape_trans": 6.973833904587862, "ape_rot_deg": 27.984078394468234, "rpe_8m_trans": 0.034312984572479686, "rpe_8m_rot": 0.6465970465642951, "rpe_16m_trans": 3.794274173635107, "rpe_16m_rot": 0.96147804574304, "rpe_24m_trans": 7.942870421890417, "rpe_24m_rot": 1.491543492544495, "rpe_32m_trans": 10.491919378664655, "rpe_32m_rot": 1.837147720614447, "rpe_40m_trans": 13.127872478618057, "rpe_40m_rot": 2.181947799255336, "rpe_48m_trans": 13.955002508068707, "rpe_48m_rot": 2.307812046380573}