{"rmse": 0.06801259417903797, "mean": 0.05961289880044698, "median": 0.048199154971264715, "std": 0.03274164417939601, "min": 0.015706504491344267, "max": 0.15538401528575982, "sse": 5.934789736612901}