{"ape_trans": 0.2530722505278744, "ape_rot_deg": 4.182346641557985, "rpe_8m_trans": 0.20792180963834384, "rpe_8m_rot": 0.9272779794652657, "rpe_16m_trans": 0.2612037238383057, "rpe_16m_rot": 1.3767945026595758, "rpe_24m_trans": 0.32639098507446984, "rpe_24m_rot": 1.5247458369369602, "rpe_32m_trans": 0.40290263476409727, "rpe_32m_rot": 1.5832136799273688, "rpe_40m_trans": 0.4381894931022433, "rpe_40m_rot": 1.5607359633728188, "rpe_48m_trans": 0.4733226398781688, "rpe_48m_rot": 1.6108533227519297}