{"rmse": 0.06972059786837066, "mean": 0.06415889841784284, "median": 0.06121454612892333, "std": 0.027287314285799086, "min": 0.0068445395565257285, "max": 0.13698383813740683, "sse": 6.129672788342168}