{"std": 0.10456232586058738, "rmse": 0.23714668994529786, "sse": 102.12921143445242, "max": 0.40993971264647, "min": 0.014497682703962135, "median": 0.1900689839871012, "mean": 0.2128503525076611}