{"rmse": 0.3023457348605742, "mean": 0.28180799791471, "median": 0.32568457517709715, "std": 0.10953171093196443, "min": 0.028551156650581166, "max": 0.6646215116948295, "sse": 274.2388301651419}