{"ape_trans": 0.3473338428801601, "ape_rot_deg": 1.4884456175746166, "rpe_8m_trans": 0.20165808014871558, "rpe_8m_rot": 1.2066997800610177, "rpe_16m_trans": 0.32792509440727063, "rpe_16m_rot": 1.4993440493240884, "rpe_24m_trans": 0.4199357617625082, "rpe_24m_rot": 1.523900210337295, "rpe_32m_trans": 0.47210491768670965, "rpe_32m_rot": 1.63881018088774, "rpe_40m_trans": 0.6220052489502685, "rpe_40m_rot": 2.009222707464576, "rpe_48m_trans": 0.8034766589469521, "rpe_48m_rot": 2.289184909317032}