{"std": 0.7436285893604125, "rmse": 1.8333008764942085, "sse": 1542.6953756232847, "max": 3.5212520383374453, "min": 0.33426404714952906, "median": 1.6809895847972747, "mean": 1.6757113787404667}