{"rmse": 4.341677527517849, "mean": 4.314091251726503, "median": 4.229914712465357, "std": 0.4886516394430205, "min": 3.374510270330914, "max": 6.38149230945335, "sse": 59151.813856768094}