{"ape_trans": 9.072744475956824, "ape_rot_deg": 39.68126398249681, "rpe_8m_trans": 0.06966205377047009, "rpe_8m_rot": 0.8983527910910147, "rpe_16m_trans": 0.07635306946762956, "rpe_16m_rot": 0.9210694287392016, "rpe_24m_trans": 8.743096018929057, "rpe_24m_rot": 1.0894911506688767, "rpe_32m_trans": 10.764124540254425, "rpe_32m_rot": 1.1484496341228863, "rpe_40m_trans": 12.646581429828544, "rpe_40m_rot": 1.178187356141721, "rpe_48m_trans": 14.45585306768468, "rpe_48m_rot": 1.2361676036228284}