{"ape_trans": 0.8464982542517525, "ape_rot_deg": 11.436567546183607, "rpe_8m_trans": 1.6196778205144866, "rpe_8m_rot": 3.282135640084414, "rpe_16m_trans": 1.866949220345156, "rpe_16m_rot": 4.000108141888512, "rpe_24m_trans": 2.6446989221018855, "rpe_24m_rot": 5.549814812833658, "rpe_32m_trans": NaN, "rpe_32m_rot": NaN, "rpe_40m_trans": NaN, "rpe_40m_rot": NaN, "rpe_48m_trans": NaN, "rpe_48m_rot": NaN}