{"rmse": 17.004925341004572, "mean": 16.927929338092156, "median": 15.730053266747053, "std": 1.6163830541361328, "min": 15.054591851260454, "max": 19.409977758945967, "sse": 1049967.1411327496}