{"rmse": 0.14787068698448727, "mean": 0.09980061600986025, "median": 0.07252035352011457, "std": 0.1091126808089538, "min": 0.011204892898733805, "max": 0.6191934657988449, "sse": 62.79840547892681}