{"ape_trans": 0.16112636757819004, "ape_rot_deg": 1.2931543425244187, "rpe_8m_trans": 0.1590288937514957, "rpe_8m_rot": 0.8286862663119748, "rpe_16m_trans": 0.24990907925812297, "rpe_16m_rot": 1.0737005525684336, "rpe_24m_trans": 0.28208449166811617, "rpe_24m_rot": 1.2408708132124084, "rpe_32m_trans": 0.3542094248136108, "rpe_32m_rot": 1.5307262325317954, "rpe_40m_trans": 0.32397673174302594, "rpe_40m_rot": 1.767225754842362, "rpe_48m_trans": 0.3564285993976502, "rpe_48m_rot": 2.0682498218968357}