{"ape_trans": 0.05013168431053605, "ape_rot_deg": 1.1865024487355145, "rpe_8m_trans": 0.05168115456570126, "rpe_8m_rot": 0.7799807681155596, "rpe_16m_trans": 0.06412334182344896, "rpe_16m_rot": 0.8369158028401599, "rpe_24m_trans": 0.07591138100326919, "rpe_24m_rot": 0.9160127555326727, "rpe_32m_trans": 0.09039350622592286, "rpe_32m_rot": 0.9579330105789978, "rpe_40m_trans": 0.10090058761549363, "rpe_40m_rot": 0.9159841380034713, "rpe_48m_trans": 0.13174405590587765, "rpe_48m_rot": 0.8471115316036766}