{"ape_trans": 0.3167809976197792, "ape_rot_deg": 1.4034857355752777, "rpe_8m_trans": 0.18612518513186058, "rpe_8m_rot": 1.0843726257049184, "rpe_16m_trans": 0.31120873903655355, "rpe_16m_rot": 1.3950437522057164, "rpe_24m_trans": 0.41000632879872567, "rpe_24m_rot": 1.5144868117377652, "rpe_32m_trans": 0.4683238704927041, "rpe_32m_rot": 1.675561553086623, "rpe_40m_trans": 0.6004292320180986, "rpe_40m_rot": 2.132016780539682, "rpe_48m_trans": 0.7518609008649183, "rpe_48m_rot": 2.3331482270890795}