{"ape_trans": 0.8021695776806937, "ape_rot_deg": 147.86667228186488, "rpe_8m_trans": 0.9476862042110732, "rpe_8m_rot": 2.32581226162118, "rpe_16m_trans": 1.6533881551338425, "rpe_16m_rot": 4.1374190458258076, "rpe_24m_trans": 2.264666514874829, "rpe_24m_rot": 5.821075510173985, "rpe_32m_trans": 2.2560396739767667, "rpe_32m_rot": 6.099633067619816, "rpe_40m_trans": 2.2258292567799, "rpe_40m_rot": 6.429589192239207, "rpe_48m_trans": NaN, "rpe_48m_rot": NaN}