{"rmse": 24.211140912711876, "mean": 23.8308464956358, "median": 20.86132982820117, "std": 4.274353705138807, "min": 18.92452932110673, "max": 30.251461316452815, "sse": 1494757.3279527365}