{"ape_trans": 0.19501352352676707, "ape_rot_deg": 1.6278378830149383, "rpe_8m_trans": 0.18892370199951983, "rpe_8m_rot": 0.5716851540274923, "rpe_16m_trans": 0.2564006913962199, "rpe_16m_rot": 0.6354016572777464, "rpe_24m_trans": 0.2527533590482927, "rpe_24m_rot": 0.6357529317550021, "rpe_32m_trans": 0.28763511190861335, "rpe_32m_rot": 0.6239395025098406, "rpe_40m_trans": 0.25460963339090636, "rpe_40m_rot": 0.6250680879082637, "rpe_48m_trans": 0.2659640537008647, "rpe_48m_rot": 0.652143596658787}