{"ape_trans": 0.04363822701456264, "ape_rot_deg": 1.1645309321761848, "rpe_8m_trans": 0.0499133816253135, "rpe_8m_rot": 0.768291090292371, "rpe_16m_trans": 0.05900623672255502, "rpe_16m_rot": 0.8877774781822801, "rpe_24m_trans": 0.06410464519264589, "rpe_24m_rot": 0.9675112189714583, "rpe_32m_trans": 0.06767600710422642, "rpe_32m_rot": 0.9875112298555028, "rpe_40m_trans": 0.08194108559208396, "rpe_40m_rot": 0.9056922086544119, "rpe_48m_trans": 0.10820434716804377, "rpe_48m_rot": 0.7840527961971134}