{"ape_trans": 19.66644888927813, "ape_rot_deg": 173.5498764808736, "rpe_8m_trans": 0.06077630968941261, "rpe_8m_rot": 1.197125372224434, "rpe_16m_trans": 0.08037187412386587, "rpe_16m_rot": 1.345004650905675, "rpe_24m_trans": 0.09728229984907695, "rpe_24m_rot": 1.4786418270936745, "rpe_32m_trans": 0.10392457789806367, "rpe_32m_rot": 1.4677403804874134, "rpe_40m_trans": 16.3884953525019, "rpe_40m_rot": 9.785438039759493, "rpe_48m_trans": 24.786973926760883, "rpe_48m_rot": 14.431565316930879}