{"rmse": 0.251429796705163, "mean": 0.23005651583757103, "median": 0.22632903836698362, "std": 0.10144428121819891, "min": 0.07295621740459587, "max": 0.5383306799195096, "sse": 114.80196789089848}