{"rmse": 0.05844530826537274, "mean": 0.05420611893666837, "median": 0.05530586253665325, "std": 0.021852934083509464, "min": 0.008986970556447647, "max": 0.10511300314122188, "sse": 4.314223675550107}