{"rmse": 0.18247718255513568, "mean": 0.16844094789765496, "median": 0.15517326221446048, "std": 0.07018239967826548, "min": 0.032692689336865095, "max": 0.38502424271138175, "sse": 60.46902663032072}