{"rmse_8m_trans": 1.3291617222780103, "rmse_8m_rot": 5.574721959581317, "rmse_16m_trans": 1.230561371405975, "rmse_16m_rot": 7.604269594888862, "rmse_24m_trans": 1.6503450908930748, "rmse_24m_rot": 10.86081550160708, "rmse_32m_trans": 1.763025347856231, "rmse_32m_rot": 14.0375372938926, "rmse_40m_trans": 1.82000334298708, "rmse_40m_rot": 16.883897592392085, "rmse_48m_trans": 2.0160166125081678, "rmse_48m_rot": 19.97761748143857}