{"ape_trans": 0.07429080658917214, "ape_rot_deg": 1.3510577281127114, "rpe_8m_trans": 0.04124730803674575, "rpe_8m_rot": 0.7324372631207773, "rpe_16m_trans": 0.05866793279152608, "rpe_16m_rot": 0.9843152600359799, "rpe_24m_trans": 0.07157955610278652, "rpe_24m_rot": 1.1547325524460132, "rpe_32m_trans": 0.08194522235465904, "rpe_32m_rot": 1.2067218096731094, "rpe_40m_trans": 0.09385753884446373, "rpe_40m_rot": 1.3335268350025324, "rpe_48m_trans": 0.10013672886818728, "rpe_48m_rot": 1.485546978069802}