{"rmse": 0.22181419050530085, "mean": 0.20553785916116013, "median": 0.21309911328091008, "std": 0.08340098057558443, "min": 0.06419442388256343, "max": 0.49979781572042403, "sse": 83.83941582662533}