{"rmse_8m_trans": 0.16620356354027235, "rmse_8m_rot": 1.003255282862003, "rmse_16m_trans": 0.29111664237864077, "rmse_16m_rot": 1.385134657804485, "rmse_24m_trans": 0.33140574623385016, "rmse_24m_rot": 1.9587743097754395, "rmse_32m_trans": 0.4307476116105476, "rmse_32m_rot": 2.57194598071164, "rmse_40m_trans": 0.40631140492075923, "rmse_40m_rot": 3.2175977477623823, "rmse_48m_trans": 0.514744550000226, "rmse_48m_rot": 3.7420347159397434}