{"rmse": 0.6675196935335512, "mean": 0.6517365570204704, "median": 0.6496787429324555, "std": 0.14429830732974372, "min": 0.3335485790115612, "max": 1.2614148600656558, "sse": 306.56078838352676}