{"ape_trans": 0.309906616006117, "ape_rot_deg": 1.393641574170328, "rpe_8m_trans": 0.20449716715744584, "rpe_8m_rot": 1.0916013239289915, "rpe_16m_trans": 0.32615124613037483, "rpe_16m_rot": 1.3876406345501855, "rpe_24m_trans": 0.3996800436299337, "rpe_24m_rot": 1.4246596845141406, "rpe_32m_trans": 0.4309027332501687, "rpe_32m_rot": 1.55279291371269, "rpe_40m_trans": 0.5553659367065843, "rpe_40m_rot": 1.9164640219688702, "rpe_48m_trans": 0.6968774204387688, "rpe_48m_rot": 2.144168389920121}