{"rmse": 0.08609530145380458, "mean": 0.07113929350731672, "median": 0.058970985451304386, "std": 0.048493317598421, "min": 0.012899359772251597, "max": 0.22655110779945106, "sse": 7.960918601420673}