{"ape_trans": 0.375170225579797, "ape_rot_deg": 9.957643884380373, "rpe_8m_trans": 0.4482115737678905, "rpe_8m_rot": 1.4564895892951, "rpe_16m_trans": 0.7316780625338088, "rpe_16m_rot": 2.5638887021808645, "rpe_24m_trans": 0.7581602175913734, "rpe_24m_rot": 3.428636568762144, "rpe_32m_trans": 0.782521619653554, "rpe_32m_rot": 3.775095138121977, "rpe_40m_trans": NaN, "rpe_40m_rot": NaN, "rpe_48m_trans": NaN, "rpe_48m_rot": NaN}