{"ape_trans": 0.055320707939969065, "ape_rot_deg": 1.4736895356587048, "rpe_8m_trans": 0.04948289628838906, "rpe_8m_rot": 0.9197458087385971, "rpe_16m_trans": 0.06007054906634376, "rpe_16m_rot": 1.1776220352984494, "rpe_24m_trans": 0.07116416508230733, "rpe_24m_rot": 1.4640419757345144, "rpe_32m_trans": 0.08852045096939971, "rpe_32m_rot": 1.7338273891430473, "rpe_40m_trans": 0.10811292609155566, "rpe_40m_rot": 1.9903726013368548, "rpe_48m_trans": 0.12300867848706427, "rpe_48m_rot": 2.2092353637700772}