{"rmse": 0.4841072584024673, "mean": 0.4560620616735115, "median": 0.4418609740427671, "std": 0.16237990497613775, "min": 0.15387221387653455, "max": 1.0836313412226521, "sse": 280.0600059773542}