{"rmse": 0.054591246040577385, "mean": 0.044546572225827766, "median": 0.037496440195271874, "std": 0.03155641055620817, "min": 0.0047858062685678425, "max": 0.22265054138989035, "sse": 3.8146613046564557}