{"rmse": 4.075912930604791, "mean": 4.046025192235043, "median": 3.8459098343581846, "std": 0.49269296896822373, "min": 3.4400180418163067, "max": 5.072190298779254, "sse": 11097.528233538054}