{"rmse": 0.3096983873395964, "mean": 0.3021290130403491, "median": 0.2894708635757673, "std": 0.06805255763019664, "min": 0.17423186090129178, "max": 0.7007607623513153, "sse": 50.354372838392024}