{"rmse": 0.4884815193698618, "mean": 0.45318466329124746, "median": 0.48659292699261586, "std": 0.18231252212474935, "min": 0.04095713650186982, "max": 0.8456164696170454, "sse": 333.3440300879464}