{"rmse": 1.4736328556521778, "mean": 1.4722341314958733, "median": 1.479017683051052, "std": 0.06419077282744048, "min": 1.3053687757326393, "max": 1.679070030491571, "sse": 2065.1856973879703}