{"rmse": 0.061368703830269856, "mean": 0.0572327663009342, "median": 0.056701199074437755, "std": 0.022147872840298448, "min": 0.003452117844175268, "max": 0.22931340367939862, "sse": 10.676943990803919}