{"rmse": 0.29668988680275366, "mean": 0.287336008969192, "median": 0.2890857144953185, "std": 0.07391148003312611, "min": 0.13072603645763708, "max": 0.6736049798360478, "sse": 92.4261333775823}