{"rmse": 4.620437947828205, "mean": 4.587827797355377, "median": 4.324676196268603, "std": 0.5479807766192365, "min": 3.8631817453875046, "max": 5.710161329093559, "sse": 14260.76248226025}