{"ape_trans": 0.16443371916059946, "ape_rot_deg": 1.5686081967216121, "rpe_8m_trans": 0.19361269435079465, "rpe_8m_rot": 0.5015536944616846, "rpe_16m_trans": 0.2503757941504252, "rpe_16m_rot": 0.5462420418928502, "rpe_24m_trans": 0.22585469228816002, "rpe_24m_rot": 0.5794959057553115, "rpe_32m_trans": 0.2406764274158766, "rpe_32m_rot": 0.6515328712033955, "rpe_40m_trans": 0.22651065383060193, "rpe_40m_rot": 0.6836146523936663, "rpe_48m_trans": 0.22409213983615636, "rpe_48m_rot": 0.7514664969088493}