{"ape_trans": 0.05813690381296357, "ape_rot_deg": 1.4615578506954392, "rpe_8m_trans": 0.03337452107508773, "rpe_8m_rot": 0.716804266890141, "rpe_16m_trans": 0.0465592763341797, "rpe_16m_rot": 0.9919359152198456, "rpe_24m_trans": 0.05316959012686474, "rpe_24m_rot": 1.2058432961595802, "rpe_32m_trans": 0.0605702207747282, "rpe_32m_rot": 1.2912716291242499, "rpe_40m_trans": 0.07223950781431525, "rpe_40m_rot": 1.4689751389243895, "rpe_48m_trans": 0.0806258502708736, "rpe_48m_rot": 1.642106529313242}