{"ape_trans": 29.450116440944207, "ape_rot_deg": 171.9149982019055, "rpe_8m_trans": 0.07107314401373256, "rpe_8m_rot": 1.2429844949614113, "rpe_16m_trans": 0.08090970794189178, "rpe_16m_rot": 1.3945079187181608, "rpe_24m_trans": 0.0828626075920153, "rpe_24m_rot": 1.5174070743349999, "rpe_32m_trans": 0.09457365093711156, "rpe_32m_rot": 1.5195551720204536, "rpe_40m_trans": 0.1017774910964813, "rpe_40m_rot": 1.6330644215494297, "rpe_48m_trans": 0.11428753173641562, "rpe_48m_rot": 1.9282014024609153}