{"rmse": 0.4760049452415633, "mean": 0.4649142643689841, "median": 0.4555266914839877, "std": 0.10215397535421761, "min": 0.1684110096752711, "max": 1.1885773867134388, "sse": 114.64983819457838}