{"ape_trans": 9.415993610570704, "ape_rot_deg": 41.65380763995471, "rpe_8m_trans": 0.04176034371639134, "rpe_8m_rot": 1.0218448805388693, "rpe_16m_trans": 0.04948301695894971, "rpe_16m_rot": 1.0593727165038729, "rpe_24m_trans": 8.254648497613886, "rpe_24m_rot": 5.828138840478025, "rpe_32m_trans": 11.543806902888928, "rpe_32m_rot": 8.265670281986901, "rpe_40m_trans": 15.399232101430172, "rpe_40m_rot": 10.875514900532252, "rpe_48m_trans": 18.3537072569631, "rpe_48m_rot": 12.936703829552687}