{"ape_trans": 129.6853471607437, "ape_rot_deg": 60.144232306878266, "rpe_8m_trans": 4.294347702728916, "rpe_8m_rot": 1.5647124449981744, "rpe_16m_trans": 9.79825471080115, "rpe_16m_rot": 1.9761466386927782, "rpe_24m_trans": 15.519980604957219, "rpe_24m_rot": 2.385368277430332, "rpe_32m_trans": 22.49527676264239, "rpe_32m_rot": 9.165685408781837, "rpe_40m_trans": 28.019124245218688, "rpe_40m_rot": 10.88068295949119, "rpe_48m_trans": 34.0202093574975, "rpe_48m_rot": 12.21697215195016}