{"rmse": 0.9031438225483213, "mean": 0.8864539239574736, "median": 0.8687630958313728, "std": 0.17282420232013598, "min": 0.5362862569223544, "max": 1.2913625255294858, "sse": 662.3230365362411}