{"ape_trans": 2.9279294842312042, "ape_rot_deg": 20.121418947596602, "rpe_8m_trans": 2.4510992803444056, "rpe_8m_rot": 6.63651774595999, "rpe_16m_trans": 3.5192577491498227, "rpe_16m_rot": 11.692380657884701, "rpe_24m_trans": 4.199757101174737, "rpe_24m_rot": 16.247482150336968, "rpe_32m_trans": 4.288744553953517, "rpe_32m_rot": 21.00800027685873, "rpe_40m_trans": 4.147136161896665, "rpe_40m_rot": 26.51366242029883, "rpe_48m_trans": 4.331652930164922, "rpe_48m_rot": 30.917286479134532}