{"ape_trans": 0.048225880787346846, "ape_rot_deg": 0.7689815150034446, "rpe_8m_trans": 0.05433831005601239, "rpe_8m_rot": 0.6582846452577275, "rpe_16m_trans": 0.06459940924850346, "rpe_16m_rot": 0.8168303640103005, "rpe_24m_trans": 0.06445729589564515, "rpe_24m_rot": 1.0021750998388173, "rpe_32m_trans": 0.07760564448570671, "rpe_32m_rot": 1.1762061369824548, "rpe_40m_trans": 0.0838969000922826, "rpe_40m_rot": 1.2863613844412336, "rpe_48m_trans": 0.09456918962351123, "rpe_48m_rot": 1.3561226254509664}