{"ape_trans": 0.044195817622428024, "ape_rot_deg": 0.8775941853986287, "rpe_8m_trans": 0.05191091894690053, "rpe_8m_rot": 0.8167492316549746, "rpe_16m_trans": 0.06068262872020546, "rpe_16m_rot": 0.9982125788554639, "rpe_24m_trans": 0.07084352217724461, "rpe_24m_rot": 1.245356915415811, "rpe_32m_trans": 0.07526101149499623, "rpe_32m_rot": 1.382108200399246, "rpe_40m_trans": 0.08052784704359094, "rpe_40m_rot": 1.5018568734851523, "rpe_48m_trans": 0.1079886944205819, "rpe_48m_rot": 1.6382975386288512}