{"ape_trans": 0.12225584065013467, "ape_rot_deg": 1.0495879924947427, "rpe_8m_trans": 0.09300616932737592, "rpe_8m_rot": 1.0273912446079139, "rpe_16m_trans": 0.10221551290393725, "rpe_16m_rot": 1.1961605737583547, "rpe_24m_trans": 0.11971149262847425, "rpe_24m_rot": 1.3810306680430884, "rpe_32m_trans": 0.14120005569917674, "rpe_32m_rot": 1.6178428516028145, "rpe_40m_trans": 0.14776731335554996, "rpe_40m_rot": 1.816427831422429, "rpe_48m_trans": 0.14160871261089975, "rpe_48m_rot": 1.9269795706871973}