{"rmse": 0.15692094253512928, "mean": 0.14640951872651567, "median": 0.14171048505161565, "std": 0.05646622913196357, "min": 0.03637558758880339, "max": 0.35162285284982303, "sse": 44.71751488630184}