{"rmse": 0.19364328368615244, "mean": 0.1813808941909463, "median": 0.18685471128864584, "std": 0.06781366041770961, "min": 0.03287050596759253, "max": 0.37240511408109794, "sse": 68.09586191122837}