{"rmse": 0.08236949626544152, "mean": 0.08016488237755212, "median": 0.08321468418563664, "std": 0.018929488857753595, "min": 0.016919746680532338, "max": 0.12342933651234905, "sse": 5.359939792867841}