{"std": 0.059891363528667856, "rmse": 0.13804708666910986, "sse": 24.392957616420773, "max": 0.2786829823507011, "min": 0.017322679597639213, "median": 0.12490223104780529, "mean": 0.12437854602987479}