{"ape_trans": 0.09758649851698972, "ape_rot_deg": 0.6909639256750059, "rpe_8m_trans": 0.07447663494896888, "rpe_8m_rot": 0.6616402533190137, "rpe_16m_trans": 0.10249399417784917, "rpe_16m_rot": 0.7633032610833852, "rpe_24m_trans": 0.11805588190994443, "rpe_24m_rot": 0.7810747232745499, "rpe_32m_trans": 0.14658830507922388, "rpe_32m_rot": 0.7589075685766234, "rpe_40m_trans": 0.1762950005616751, "rpe_40m_rot": 0.6689404434062239, "rpe_48m_trans": 0.2030047687330999, "rpe_48m_rot": 0.6293124300626322}