{"rmse": 0.4295481600572016, "mean": 0.2809270654260979, "median": 0.17140450965942328, "std": 0.32494862012264064, "min": 0.03416322962211858, "max": 1.2650740591142748, "sse": 73.43562547979386}