{"ape_trans": 2.18608794738622, "ape_rot_deg": 10.799953839561933, "rpe_8m_trans": 1.296854547370893, "rpe_8m_rot": 1.0701427458443866, "rpe_16m_trans": 2.104406571612992, "rpe_16m_rot": 1.5006105457529353, "rpe_24m_trans": 2.4755135390352, "rpe_24m_rot": 1.5757978281521714, "rpe_32m_trans": 2.951812717277839, "rpe_32m_rot": 1.8149889150849146, "rpe_40m_trans": 3.4990126018354046, "rpe_40m_rot": 2.0180626480320796, "rpe_48m_trans": 4.118478764049869, "rpe_48m_rot": 2.1930976223671204}