{"ape_trans": 0.06061291593419396, "ape_rot_deg": 0.549278303094785, "rpe_8m_trans": 0.04180888468978632, "rpe_8m_rot": 0.7493784419954839, "rpe_16m_trans": 0.06228973980990659, "rpe_16m_rot": 0.9570310903965374, "rpe_24m_trans": 0.06554906037479094, "rpe_24m_rot": 0.9425096788802475, "rpe_32m_trans": 0.07041134345311723, "rpe_32m_rot": 0.9038561758438615, "rpe_40m_trans": 0.07920198180947634, "rpe_40m_rot": 0.8792540512350726, "rpe_48m_trans": 0.08699103400113888, "rpe_48m_rot": 0.8633075170705315}