{"ape_trans": 0.4774451954025066, "ape_rot_deg": 15.295270104843857, "rpe_8m_trans": 0.1627217457431242, "rpe_8m_rot": 1.5146223011647741, "rpe_16m_trans": 0.24576324232332192, "rpe_16m_rot": 2.20367161763128, "rpe_24m_trans": 0.33626668030170015, "rpe_24m_rot": 2.7066895050177124, "rpe_32m_trans": 0.4387677148634562, "rpe_32m_rot": 3.1394609577896393, "rpe_40m_trans": 0.5478216906325551, "rpe_40m_rot": 3.443104136231693, "rpe_48m_trans": 0.664785949391881, "rpe_48m_rot": 3.73258239824764}