{"rmse": 0.15653046290386619, "mean": 0.14606363164762728, "median": 0.14141772921693846, "std": 0.05627789376660147, "min": 0.03636843994036277, "max": 0.350829091660587, "sse": 44.49524304348791}