{"std": 0.019345335577472755, "rmse": 0.09007120159381701, "sse": 6.40912887167768, "max": 0.14549452197125665, "min": 0.04375881582693944, "median": 0.0882159822511093, "mean": 0.08796919544902632}