{"std": 0.09723443564087805, "rmse": 0.31801735739025444, "sse": 99.51687896785712, "max": 0.4475110385163014, "min": 0.0891119308594436, "median": 0.3490270908106353, "mean": 0.30278788636119636}