{"rmse_8m_trans": 0.18802896124116003, "rmse_8m_rot": 1.6481203082754206, "rmse_16m_trans": 0.25756469190767234, "rmse_16m_rot": 1.7645354135730411, "rmse_24m_trans": 0.2985508151862722, "rmse_24m_rot": 2.043355028564997, "rmse_32m_trans": 0.3459052762017072, "rmse_32m_rot": 2.3206071740181664, "rmse_40m_trans": 0.37374343105734753, "rmse_40m_rot": 2.4067502568799077, "rmse_48m_trans": 0.4554985868215818, "rmse_48m_rot": 2.7928334509691224}