{"rmse": 2.8964232900727116, "mean": 2.8870592072827814, "median": 2.8715703187813135, "std": 0.23271658496838785, "min": 2.393813967205186, "max": 3.449676646436838, "sse": 16963.099643807327}