{"ape_trans": 0.4927322881849757, "ape_rot_deg": 30.71513647042407, "rpe_8m_trans": 0.4982047358520955, "rpe_8m_rot": 1.3406320914043093, "rpe_16m_trans": 0.8082964593986685, "rpe_16m_rot": 1.883787133422878, "rpe_24m_trans": 1.1170554633003935, "rpe_24m_rot": 2.4443421290821186, "rpe_32m_trans": 1.1881431564776603, "rpe_32m_rot": 2.4443077707134946, "rpe_40m_trans": 1.1917185694536767, "rpe_40m_rot": 2.643130257025601, "rpe_48m_trans": 1.195174995263657, "rpe_48m_rot": 2.7936490057103165}