{"ape_trans": 129.8034033553105, "ape_rot_deg": 60.172257201139224, "rpe_8m_trans": 4.294457126838839, "rpe_8m_rot": 1.5650266185645707, "rpe_16m_trans": 9.79823518142746, "rpe_16m_rot": 1.9761926774562175, "rpe_24m_trans": 15.519813533556436, "rpe_24m_rot": 2.385453238711557, "rpe_32m_trans": 22.485370705573455, "rpe_32m_rot": 9.144474156852818, "rpe_40m_trans": 28.027752494865656, "rpe_40m_rot": 10.883053767565984, "rpe_48m_trans": 34.01982976333656, "rpe_48m_rot": 12.214379927008107}