{"rmse_8m_trans": 0.0740700761634815, "rmse_8m_rot": 0.8310905828322992, "rmse_16m_trans": 0.0886545398416989, "rmse_16m_rot": 1.0251128209982088, "rmse_24m_trans": 0.10141407856401705, "rmse_24m_rot": 1.1584817776386516, "rmse_32m_trans": 0.11948277125653273, "rmse_32m_rot": 1.2893967448069672, "rmse_40m_trans": 0.13352163879636253, "rmse_40m_rot": 1.4399583383718322, "rmse_48m_trans": 0.14783996107311378, "rmse_48m_rot": 1.58789698203264}