{"ape_trans": 16.506311114108694, "ape_rot_deg": 123.04454154306667, "rpe_8m_trans": 3.604841840172668, "rpe_8m_rot": 1.54064016126372, "rpe_16m_trans": 7.776505330596264, "rpe_16m_rot": 1.9389563994970203, "rpe_24m_trans": 13.697457049063322, "rpe_24m_rot": 3.8372996853590795, "rpe_32m_trans": 18.40969950732912, "rpe_32m_rot": 5.14635424406857, "rpe_40m_trans": 22.58451293969817, "rpe_40m_rot": 5.756156317953454, "rpe_48m_trans": 26.930902303406068, "rpe_48m_rot": 6.316240380101473}