{"ape_trans": 0.32513886326950325, "ape_rot_deg": 3.537284335440532, "rpe_8m_trans": 0.22578686369355064, "rpe_8m_rot": 1.9618256238164162, "rpe_16m_trans": 0.3990769050848469, "rpe_16m_rot": 2.5057623915055656, "rpe_24m_trans": 0.542096344029936, "rpe_24m_rot": 3.284694990990112, "rpe_32m_trans": 0.6349096244950245, "rpe_32m_rot": 3.880076051764468, "rpe_40m_trans": 0.5937226740371336, "rpe_40m_rot": 4.534403705130936, "rpe_48m_trans": 0.6197591750745869, "rpe_48m_rot": 5.551069383300774}