{"rmse": 3.1354081654059605, "mean": 3.130554904515044, "median": 3.1148405845375766, "std": 0.17438564594362277, "min": 2.7765678417369606, "max": 3.6069759976046774, "sse": 9624.337892056788}