{"std": 0.14895693279943156, "rmse": 0.3657236225787694, "sse": 168.93100912563048, "max": 0.8088197602665922, "min": 0.035891407425355785, "median": 0.30578365243928163, "mean": 0.33401437137213696}