{"rmse": 0.36012114363694103, "mean": 0.3210944466178924, "median": 0.3334279283461994, "std": 0.16305089526135022, "min": 0.07486352347880929, "max": 0.7847331928682348, "sse": 235.51202437939105}