{"std": 0.3465594984184991, "rmse": 0.8712432288699087, "sse": 363.59202188494703, "max": 1.4397652320275385, "min": 0.07882010274812826, "median": 0.7608670220703161, "mean": 0.7993505350642996}