{"ape_trans": 0.06263616176873496, "ape_rot_deg": 1.963737201734673, "rpe_8m_trans": 0.03522448209051602, "rpe_8m_rot": 0.801399943777413, "rpe_16m_trans": 0.046742160488214474, "rpe_16m_rot": 1.1576195515591248, "rpe_24m_trans": 0.05648156611504837, "rpe_24m_rot": 1.4142053981031326, "rpe_32m_trans": 0.06743287316721074, "rpe_32m_rot": 1.5653534685125687, "rpe_40m_trans": 0.0766853942612229, "rpe_40m_rot": 1.8247562483728015, "rpe_48m_trans": 0.08431285268119157, "rpe_48m_rot": 2.1189060444424914}