{"rmse": 0.0678326796699489, "mean": 0.06152289483965376, "median": 0.05765302952045523, "std": 0.028569316438353986, "min": 0.0032020366448817796, "max": 0.12483931515701702, "sse": 5.903432529237167}