{"ape_trans": 136.28139006084348, "ape_rot_deg": 139.94546722115982, "rpe_8m_trans": 6.669649797419775, "rpe_8m_rot": 7.757040929140257, "rpe_16m_trans": 13.498057419799684, "rpe_16m_rot": 8.773857548237316, "rpe_24m_trans": 20.31448970471889, "rpe_24m_rot": 10.308860214918182, "rpe_32m_trans": 27.25958174881011, "rpe_32m_rot": 11.649946247589911, "rpe_40m_trans": 34.458146787804175, "rpe_40m_rot": 13.117291087658312, "rpe_48m_trans": 41.883621250596065, "rpe_48m_rot": 14.586890656985627}