{"rmse": 1.643455693030414, "mean": 1.5963758937635415, "median": 1.3852669017529111, "std": 0.3905516876992511, "min": 1.1105115313671374, "max": 2.3409349542782882, "sse": 1501.726317914468}