{"rmse": 0.42959673395798187, "mean": 0.2809601545565912, "median": 0.17141899674573877, "std": 0.32498422327691767, "min": 0.03421034059534997, "max": 1.265201251293279, "sse": 73.45223482329129}