{"ape_trans": 21.82168018223593, "ape_rot_deg": 51.58213472779345, "rpe_8m_trans": 0.15320518285516946, "rpe_8m_rot": 1.4926672379793247, "rpe_16m_trans": 0.2483754345663337, "rpe_16m_rot": 1.3755488725721605, "rpe_24m_trans": 0.33542784454235847, "rpe_24m_rot": 1.113026118742216, "rpe_32m_trans": 0.45786055474704596, "rpe_32m_rot": 1.0612266923744536, "rpe_40m_trans": 32.34275693795736, "rpe_40m_rot": 38.758862158821465, "rpe_48m_trans": 42.959573369568886, "rpe_48m_rot": 50.21716869022095}