{"ape_trans": 0.04378293997221846, "ape_rot_deg": 0.7048249394915116, "rpe_8m_trans": 0.03673275136926935, "rpe_8m_rot": 0.7671926085890808, "rpe_16m_trans": 0.05124276670452993, "rpe_16m_rot": 0.9367663718648106, "rpe_24m_trans": 0.05737560026517812, "rpe_24m_rot": 0.940801764483362, "rpe_32m_trans": 0.062492095509797084, "rpe_32m_rot": 0.9110049204210071, "rpe_40m_trans": 0.06448989748460165, "rpe_40m_rot": 0.8946420525415474, "rpe_48m_trans": 0.0710328710941911, "rpe_48m_rot": 0.88545060331899}