{"rmse": 0.09074358335189613, "mean": 0.07530401896359173, "median": 0.06781328201393678, "std": 0.050633019339888626, "min": 0.008018756665279044, "max": 0.23745889130141773, "sse": 8.851977763508208}