{"ape_trans": 0.6483975107841576, "ape_rot_deg": 7.479588355904728, "rpe_8m_trans": 0.5146225146913501, "rpe_8m_rot": 1.2243328520725576, "rpe_16m_trans": 0.7058744645288955, "rpe_16m_rot": 1.3817245265546636, "rpe_24m_trans": 0.8770490120364313, "rpe_24m_rot": 1.6229753475836504, "rpe_32m_trans": 1.0375437950426094, "rpe_32m_rot": 1.89817864923417, "rpe_40m_trans": 1.2194531755001723, "rpe_40m_rot": 2.3532835837944774, "rpe_48m_trans": 1.3007317935435614, "rpe_48m_rot": 2.3205306784835686}