{"std": 0.054302083834967506, "rmse": 0.13982253314261578, "sse": 43.792763334696076, "max": 0.3764500218436674, "min": 0.02145321564802414, "median": 0.12356383197191115, "mean": 0.1288472912621684}