{"rmse": 16.4996550203237, "mean": 11.823503671162642, "median": 6.909912518701934, "std": 11.508404612616667, "min": 5.5222373955300705, "max": 93.86903455899458, "sse": 341114.98558448546}