{"rmse_8m_trans": 0.04467030318996189, "rmse_8m_rot": 0.8249515662502369, "rmse_16m_trans": 0.060802360026282844, "rmse_16m_rot": 0.9995344016450967, "rmse_24m_trans": 0.07590621587708005, "rmse_24m_rot": 1.136822967473682, "rmse_32m_trans": 0.09054148823392677, "rmse_32m_rot": 1.2621566952945407, "rmse_40m_trans": 0.10379597952201823, "rmse_40m_rot": 1.4013991779393227, "rmse_48m_trans": 0.11649683224357994, "rmse_48m_rot": 1.5240971529317426}