{"std": 0.5687304053901311, "rmse": 1.339602440339819, "sse": 728.5810874547457, "max": 2.4839555834824054, "min": 0.07895242353495467, "median": 1.1288114278518762, "mean": 1.2128810428682506}