{"ape_trans": 1.6270848352152407, "ape_rot_deg": 13.069972160937414, "rpe_8m_trans": 1.1913934174539857, "rpe_8m_rot": 3.1959929812226893, "rpe_16m_trans": 1.9107326903373476, "rpe_16m_rot": 4.505739721280234, "rpe_24m_trans": 2.5925301299371046, "rpe_24m_rot": 5.938512157185978, "rpe_32m_trans": 3.148858794793423, "rpe_32m_rot": 6.435116334197356, "rpe_40m_trans": 3.376652965032048, "rpe_40m_rot": 6.324664070101145, "rpe_48m_trans": 3.569138110446398, "rpe_48m_rot": 5.291863048786553}