{"rmse": 11.440727811011884, "mean": 7.426311792176361, "median": 4.1944353266722105, "std": 8.70288147747877, "min": 3.6353539964528596, "max": 33.35253948182153, "sse": 51963.430379727324}