{"ape_trans": 0.08837945563590219, "ape_rot_deg": 1.188121460845583, "rpe_8m_trans": 0.06995793959424758, "rpe_8m_rot": 0.9680905531606326, "rpe_16m_trans": 0.07619656644101172, "rpe_16m_rot": 1.1641772785059854, "rpe_24m_trans": 0.08821144856842693, "rpe_24m_rot": 1.3516161359700947, "rpe_32m_trans": 0.10250469057487732, "rpe_32m_rot": 1.5669270226238183, "rpe_40m_trans": 0.10824634434118584, "rpe_40m_rot": 1.7947260675655268, "rpe_48m_trans": 0.11196766277688712, "rpe_48m_rot": 1.8775408813265917}