{"rmse": 13.738763165092422, "mean": 13.586795637519497, "median": 14.011106392707893, "std": 2.037792337501907, "min": 10.029531549242725, "max": 17.051020604736447, "sse": 189131.12053311334}