{"ape_trans": 0.9031438225483213, "ape_rot_deg": 12.813207266412668, "rpe_8m_trans": 0.6800354226315004, "rpe_8m_rot": 0.6051013383840584, "rpe_16m_trans": 1.0718261285087483, "rpe_16m_rot": 0.727354179730075, "rpe_24m_trans": 1.3718690163828422, "rpe_24m_rot": 0.8036002981435532, "rpe_32m_trans": 1.6844220906710454, "rpe_32m_rot": 0.8573006677651885, "rpe_40m_trans": 1.867922974810633, "rpe_40m_rot": 0.9342301728841239, "rpe_48m_trans": 1.871262941607977, "rpe_48m_rot": 0.8739235738157543}