{"rmse_8m_trans": 0.17771559746605778, "rmse_8m_rot": 1.6538594844948387, "rmse_16m_trans": 0.23235998273366706, "rmse_16m_rot": 1.769377520775303, "rmse_24m_trans": 0.27289333601184024, "rmse_24m_rot": 2.017350275244477, "rmse_32m_trans": 0.3130044268606129, "rmse_32m_rot": 2.214109288983422, "rmse_40m_trans": 0.3375183032227367, "rmse_40m_rot": 2.2143389963254294, "rmse_48m_trans": 0.4214236531711067, "rmse_48m_rot": 2.5003263320790823}