{"ape_trans": 131.62126417529743, "ape_rot_deg": 153.69858155876588, "rpe_8m_trans": 3.536766143506438, "rpe_8m_rot": 2.4612846508388886, "rpe_16m_trans": 7.871653866626749, "rpe_16m_rot": 3.079856819153237, "rpe_24m_trans": 12.842153798310592, "rpe_24m_rot": 3.7394061399295677, "rpe_32m_trans": 18.411209051467623, "rpe_32m_rot": 4.640424272886363, "rpe_40m_trans": 24.99994435914886, "rpe_40m_rot": 5.323507234813383, "rpe_48m_trans": 32.630392354461215, "rpe_48m_rot": 6.038747879131174}