{"ape_trans": 3.5028807000430104, "ape_rot_deg": 17.655342049681597, "rpe_8m_trans": 2.3221646075351305, "rpe_8m_rot": 6.005379867071614, "rpe_16m_trans": 4.511295416869146, "rpe_16m_rot": 9.681198324877732, "rpe_24m_trans": 5.259847387871712, "rpe_24m_rot": 13.319643168098828, "rpe_32m_trans": 5.844111753314813, "rpe_32m_rot": 18.085298454583455, "rpe_40m_trans": 8.432155025053502, "rpe_40m_rot": 21.50975006183883, "rpe_48m_trans": 11.40421435143919, "rpe_48m_rot": 24.742624034159498}