{"ape_trans": 0.1671425818266909, "ape_rot_deg": 1.489607568373025, "rpe_8m_trans": 0.18768113146993398, "rpe_8m_rot": 0.4989621015303145, "rpe_16m_trans": 0.23726300663194652, "rpe_16m_rot": 0.5114193912549385, "rpe_24m_trans": 0.21504976720011065, "rpe_24m_rot": 0.5282736231050165, "rpe_32m_trans": 0.23414888446507448, "rpe_32m_rot": 0.5652091759112106, "rpe_40m_trans": 0.21752070523600994, "rpe_40m_rot": 0.5976832549500757, "rpe_48m_trans": 0.23210314162223072, "rpe_48m_rot": 0.6204812005443221}