{"rmse": 0.3455422987878272, "mean": 0.3242979862834645, "median": 0.3817805911352732, "std": 0.11929080578177818, "min": 0.0945631933511473, "max": 0.49550792718613546, "sse": 116.53389272553824}