{"std": 0.4938633078829307, "rmse": 1.1083009659672167, "sse": 846.3200804719033, "max": 2.8846333557959336, "min": 0.17828281077597555, "median": 0.922280463217696, "mean": 0.9921844910553658}