{"ape_trans": 0.04972643263847912, "ape_rot_deg": 0.6232435290637792, "rpe_8m_trans": 0.03568258101789457, "rpe_8m_rot": 0.7996055922940889, "rpe_16m_trans": 0.04636217555360609, "rpe_16m_rot": 0.9491711439674229, "rpe_24m_trans": 0.05530379372555898, "rpe_24m_rot": 1.099965142036806, "rpe_32m_trans": 0.06081573852057002, "rpe_32m_rot": 1.0346893870459555, "rpe_40m_trans": 0.0685514229673372, "rpe_40m_rot": 1.0857936011667924, "rpe_48m_trans": 0.07775614385176141, "rpe_48m_rot": 1.1012679199221964}