{"rmse": 0.6319859222538379, "mean": 0.40658539372824437, "median": 0.23522315659320658, "std": 0.48383315671198335, "min": 0.08152779214221786, "max": 1.9336126118695114, "sse": 158.56426375303252}