{"std": 0.32835143600145567, "rmse": 1.76101744138755, "sse": 583.0222966277767, "max": 2.4508854730545093, "min": 0.9467117587205846, "median": 1.7186175120805518, "mean": 1.7301351864368675}