{"ape_trans": 0.18973298772250508, "ape_rot_deg": 3.2045088336193777, "rpe_8m_trans": 0.13964115696852508, "rpe_8m_rot": 1.551645775107471, "rpe_16m_trans": 0.1923715328553439, "rpe_16m_rot": 1.8071335495585086, "rpe_24m_trans": 0.23680465547556367, "rpe_24m_rot": 2.174365059883737, "rpe_32m_trans": 0.30056152299326305, "rpe_32m_rot": 2.795710564960893, "rpe_40m_trans": 0.3241609204826332, "rpe_40m_rot": 3.366259676379968, "rpe_48m_trans": 0.34779861406372287, "rpe_48m_rot": 4.090614864741823}