{"rmse_8m_trans": 0.19596855573292554, "rmse_8m_rot": 1.910328455288778, "rmse_16m_trans": 0.31460827407392183, "rmse_16m_rot": 2.390247781366345, "rmse_24m_trans": 0.41251472176006126, "rmse_24m_rot": 3.0983897828589297, "rmse_32m_trans": 0.47526567757870086, "rmse_32m_rot": 3.6664638034756245, "rmse_40m_trans": 0.4401706383455975, "rmse_40m_rot": 4.24667670803607, "rmse_48m_trans": 0.4844652262097489, "rmse_48m_rot": 5.215986237381799}