{"rmse": 0.43662277521536363, "mean": 0.41823095677553784, "median": 0.4012894668267342, "std": 0.12538865431682467, "min": 0.18256764122461971, "max": 0.7237693907654813, "sse": 423.41021364545725}