{"rmse": 0.03613346594447488, "mean": 0.033956923104063015, "median": 0.03220465461128701, "std": 0.012351304970134827, "min": 0.0067970252761188205, "max": 0.06803397133677201, "sse": 1.381353748107836}