{"ape_trans": 0.10060036630500888, "ape_rot_deg": 2.153645179705689, "rpe_8m_trans": 0.13048512529504006, "rpe_8m_rot": 1.8622078839506662, "rpe_16m_trans": 0.19664519566432148, "rpe_16m_rot": 3.1054161375227975, "rpe_24m_trans": 0.30797592841158244, "rpe_24m_rot": 4.547189232838629, "rpe_32m_trans": 0.2737827234122148, "rpe_32m_rot": 6.6175303792222655, "rpe_40m_trans": 0.20240121009503473, "rpe_40m_rot": 7.394158214629251, "rpe_48m_trans": NaN, "rpe_48m_rot": NaN}