{"rmse": 0.20768005675365953, "mean": 0.18400607135039707, "median": 0.17309040030122694, "std": 0.09629523186220498, "min": 0.02451173762449746, "max": 0.4152502321598495, "sse": 113.47767671549772}