{"rmse": 0.08893233209908066, "mean": 0.07884090538475425, "median": 0.07217278872954105, "std": 0.04114694801189273, "min": 0.01118199014476672, "max": 0.20194852661603685, "sse": 11.001362932380411}