{"rmse": 0.3465230947447722, "mean": 0.3302680375518329, "median": 0.37691842777583195, "std": 0.10488697995059013, "min": 0.11430868196547625, "max": 0.48296715647476923, "sse": 117.19637706689852}