{"ape_trans": 13.735383615919197, "ape_rot_deg": 67.77037011442002, "rpe_8m_trans": 1.2173296281621835, "rpe_8m_rot": 1.1310870284835193, "rpe_16m_trans": 1.2541864548626593, "rpe_16m_rot": 1.1418220774742194, "rpe_24m_trans": 1.4825712327311003, "rpe_24m_rot": 1.3288334832492925, "rpe_32m_trans": 14.880918807727516, "rpe_32m_rot": 8.004956604631014, "rpe_40m_trans": 21.158819235483026, "rpe_40m_rot": 11.338623542610954, "rpe_48m_trans": 25.192665930144187, "rpe_48m_rot": 13.38300600592179}