{"ape_trans": 0.2366361875055791, "ape_rot_deg": 1.6899420555623161, "rpe_8m_trans": 0.18070394873211126, "rpe_8m_rot": 0.6679017818378201, "rpe_16m_trans": 0.25154494180952897, "rpe_16m_rot": 0.7231795136568241, "rpe_24m_trans": 0.24831528830012392, "rpe_24m_rot": 0.765808087980267, "rpe_32m_trans": 0.28867388022626034, "rpe_32m_rot": 0.8101693189685905, "rpe_40m_trans": 0.2785235350295705, "rpe_40m_rot": 0.8748081466518568, "rpe_48m_trans": 0.3115632811226125, "rpe_48m_rot": 0.9570878183424089}