{"rmse": 2.7360836146122023, "mean": 2.729538776447582, "median": 2.737534491716596, "std": 0.18913385212175265, "min": 2.275259231885559, "max": 3.1977287134057684, "sse": 15151.974777406336}