{"ape_trans": 4.075912930604791, "ape_rot_deg": 16.648787684907848, "rpe_8m_trans": 1.2778943781428656, "rpe_8m_rot": 5.29644639992351, "rpe_16m_trans": 4.90509275059871, "rpe_16m_rot": 16.557748277019556, "rpe_24m_trans": 6.859198244339338, "rpe_24m_rot": 22.87153411711371, "rpe_32m_trans": 7.777642820418821, "rpe_32m_rot": 26.0383022823772, "rpe_40m_trans": 8.118566484873607, "rpe_40m_rot": 28.426214321586198, "rpe_48m_trans": 8.205479019718329, "rpe_48m_rot": 28.983097438773566}