{"rmse": 3.292950221440599, "mean": 3.2607855180526366, "median": 3.2342793085572676, "std": 0.45912848544159346, "min": 2.423555596587989, "max": 4.31506682872419, "sse": 18011.088648231133}