{"rmse": 0.30433904109502646, "mean": 0.29731417384277736, "median": 0.30385839005959436, "std": 0.06501179867398676, "min": 0.11047523300078649, "max": 0.4589279875031978, "sse": 99.47629857780359}