{"rmse": 0.18710015238110245, "mean": 0.1664632427912223, "median": 0.14456024465719414, "std": 0.08541929419318764, "min": 0.014041166582762544, "max": 0.3750140507320714, "sse": 34.7264152848635}