{"rmse": 0.158558608171973, "mean": 0.13856517092015505, "median": 0.11774443387421199, "std": 0.07707480543797361, "min": 0.013872226156958331, "max": 0.5567163401343006, "sse": 28.082309595808958}