{"rmse": 0.17469846667330616, "mean": 0.16357338118252504, "median": 0.15287271095602714, "std": 0.0613457677963249, "min": 0.03437331265471489, "max": 0.27762927549202726, "sse": 24.26304563511339}