{"rmse_8m_trans": 0.1903906373901559, "rmse_8m_rot": 1.7958924360202901, "rmse_16m_trans": 0.25412723572125895, "rmse_16m_rot": 2.044183830274193, "rmse_24m_trans": 0.29959380971391125, "rmse_24m_rot": 2.441830597039457, "rmse_32m_trans": 0.3400080063488093, "rmse_32m_rot": 2.8230348089804878, "rmse_40m_trans": 0.3757775683361416, "rmse_40m_rot": 2.966096125344971, "rmse_48m_trans": 0.46616342146408846, "rmse_48m_rot": 3.424396528188547}