{"rmse": 0.14467310019249663, "mean": 0.12634929814616638, "median": 0.11767044232604282, "std": 0.07047099245277685, "min": 0.0190354509847052, "max": 0.3251621759461473, "sse": 29.05126461599974}