{"rmse": 0.17825321483444767, "mean": 0.13381278885628362, "median": 0.08952540227054565, "std": 0.11776394243281524, "min": 0.03242380271653435, "max": 0.5331605337393507, "sse": 47.50244185522956}