{"ape_trans": 0.3408432644862833, "ape_rot_deg": 12.013410206553743, "rpe_8m_trans": 0.6410356462177638, "rpe_8m_rot": 1.4245817090103237, "rpe_16m_trans": 0.6778470095113542, "rpe_16m_rot": 1.6582557591660987, "rpe_24m_trans": 1.0153140982117905, "rpe_24m_rot": 1.9278387235485952, "rpe_32m_trans": NaN, "rpe_32m_rot": NaN, "rpe_40m_trans": NaN, "rpe_40m_rot": NaN, "rpe_48m_trans": NaN, "rpe_48m_rot": NaN}