{"rmse": 3.134860009725019, "mean": 3.1300072747453336, "median": 3.11430247003236, "std": 0.17436094922441023, "min": 2.776083151653646, "max": 3.606371646761473, "sse": 9620.972987681112}