{"ape_trans": 0.1351155629900602, "ape_rot_deg": 4.759346291192399, "rpe_8m_trans": 0.15068434400538913, "rpe_8m_rot": 2.0036105112367744, "rpe_16m_trans": 0.18831210483366267, "rpe_16m_rot": 2.6757283150584485, "rpe_24m_trans": 0.2263599291693226, "rpe_24m_rot": 3.283539566196664, "rpe_32m_trans": 0.2468119547269964, "rpe_32m_rot": 3.459097552888632, "rpe_40m_trans": 0.2725949138396874, "rpe_40m_rot": 3.0173933292718487, "rpe_48m_trans": 0.29238143295492586, "rpe_48m_rot": 3.184684019296506}