{"ape_trans": 0.1870077953750817, "ape_rot_deg": 6.21546456195236, "rpe_8m_trans": 0.17517980757207297, "rpe_8m_rot": 2.2266391787584423, "rpe_16m_trans": 0.21020788650603509, "rpe_16m_rot": 3.116965142965049, "rpe_24m_trans": 0.2534602907058592, "rpe_24m_rot": 4.001176110300303, "rpe_32m_trans": 0.3102392617961256, "rpe_32m_rot": 4.705748047763376, "rpe_40m_trans": 0.34931997866625314, "rpe_40m_rot": 4.866807966320699, "rpe_48m_trans": 0.3926277805532007, "rpe_48m_rot": 5.55054670839996}