{"rmse": 3.135394438852291, "mean": 3.130541260630607, "median": 3.114829895799694, "std": 0.17438377985123396, "min": 2.7765616046382617, "max": 3.606957479403601, "sse": 9624.253623154971}