{"rmse": 0.7782883436971434, "mean": 0.7684989041915269, "median": 0.7733166408327146, "std": 0.12305356634923294, "min": 0.3490822257590813, "max": 1.1428121578596886, "sse": 1261.1355770363425}