{"rmse": 0.3493293332946754, "mean": 0.3438598821331086, "median": 0.3348870351920794, "std": 0.061574057520250344, "min": 0.21854840670846912, "max": 0.5469235424492883, "sse": 124.22754079590425}