{"rmse": 4.00159751109979, "mean": 3.9636863003711174, "median": 3.9586134465534366, "std": 0.5495212034947864, "min": 2.7686194120608065, "max": 5.929553693630784, "sse": 50248.11192695603}