{"rmse_8m_trans": 0.1904060862304103, "rmse_8m_rot": 1.7966729095139735, "rmse_16m_trans": 0.2540425939516762, "rmse_16m_rot": 2.045844508510805, "rmse_24m_trans": 0.2994662744558897, "rmse_24m_rot": 2.4446451081022333, "rmse_32m_trans": 0.33987311566397627, "rmse_32m_rot": 2.8277155359566235, "rmse_40m_trans": 0.37554645396167374, "rmse_40m_rot": 2.974785989375332, "rmse_48m_trans": 0.46587821334666507, "rmse_48m_rot": 3.4342412820219836}