{"rmse": 0.2395465606189896, "mean": 0.2171630284723208, "median": 0.21004343994086844, "std": 0.10110773347829159, "min": 0.03708268561847733, "max": 0.5085086571646651, "sse": 72.5315491463455}