{"ape_trans": 0.36836716369239614, "ape_rot_deg": 15.293153150696538, "rpe_8m_trans": 0.4271296702683937, "rpe_8m_rot": 1.8190432415782538, "rpe_16m_trans": 0.682800529200584, "rpe_16m_rot": 3.2696420161388824, "rpe_24m_trans": 0.7662038409620594, "rpe_24m_rot": 4.205805576248427, "rpe_32m_trans": 0.76452001943156, "rpe_32m_rot": 4.554138531996422, "rpe_40m_trans": 0.619111040396491, "rpe_40m_rot": 5.653332551737351, "rpe_48m_trans": NaN, "rpe_48m_rot": NaN}