{"std": 0.19549818772616043, "rmse": 0.48853139751882785, "sse": 309.3071525647619, "max": 1.048804312477818, "min": 0.06056415847411165, "median": 0.43674894584081303, "mean": 0.44770904051346333}