{"ape_trans": 26.647672689065082, "ape_rot_deg": 139.4647755858864, "rpe_8m_trans": 0.06734221496981765, "rpe_8m_rot": 1.4007710799010857, "rpe_16m_trans": 0.08545525455472694, "rpe_16m_rot": 1.5063011966736215, "rpe_24m_trans": 0.1021938459923116, "rpe_24m_rot": 1.583387090254795, "rpe_32m_trans": 0.12047306822705794, "rpe_32m_rot": 1.8464447490946976, "rpe_40m_trans": 0.14904399485090314, "rpe_40m_rot": 2.126802929534789, "rpe_48m_trans": 4.041814822255199, "rpe_48m_rot": 2.355537137139821}