{"rmse": 0.1950267578707391, "mean": 0.17068673223638425, "median": 0.15487368492784842, "std": 0.09434763231812845, "min": 0.02511841531479367, "max": 0.44796173579266924, "sse": 49.75035066152803}