{"std": 0.044754132416673365, "rmse": 0.10480980921031322, "sse": 12.314292735613229, "max": 0.2956716994702025, "min": 0.006841503332961928, "median": 0.09852118831692912, "mean": 0.0947742778307127}