{"ape_trans": 0.441478457197054, "ape_rot_deg": 1.350779600347469, "rpe_8m_trans": 0.32163476402278895, "rpe_8m_rot": 0.45548274841038855, "rpe_16m_trans": 0.4624984271953326, "rpe_16m_rot": 0.7002819853049397, "rpe_24m_trans": 0.49978687244680625, "rpe_24m_rot": 0.8389163725743621, "rpe_32m_trans": 0.5547064499176237, "rpe_32m_rot": 0.9606533979611737, "rpe_40m_trans": 0.6916251345415468, "rpe_40m_rot": 1.1324474454253972, "rpe_48m_trans": 0.8785234206601317, "rpe_48m_rot": 1.303319598768626}