{"ape_trans": 0.15692094253512928, "ape_rot_deg": 1.507774204773335, "rpe_8m_trans": 0.16594405175220908, "rpe_8m_rot": 0.7316287703043544, "rpe_16m_trans": 0.2472120210457714, "rpe_16m_rot": 1.0295193953389368, "rpe_24m_trans": 0.2810799785511801, "rpe_24m_rot": 1.1968919824561357, "rpe_32m_trans": 0.36600330780211526, "rpe_32m_rot": 1.4838054683726052, "rpe_40m_trans": 0.30418707946333956, "rpe_40m_rot": 1.7080336933545435, "rpe_48m_trans": 0.3555883445404676, "rpe_48m_rot": 1.9549912138008574}