{"rmse": 0.04867789760795673, "mean": 0.044584723496402114, "median": 0.04264074874212774, "std": 0.019538171518340426, "min": 0.002743550476312226, "max": 0.12857633322404177, "sse": 3.2367885194149633}