{"ape_trans": 3.946258273429059, "ape_rot_deg": 16.733867350258805, "rpe_8m_trans": 2.8248132629945713, "rpe_8m_rot": 5.742168913336477, "rpe_16m_trans": 4.152158458554301, "rpe_16m_rot": 8.924738860621495, "rpe_24m_trans": 4.902823336320794, "rpe_24m_rot": 9.924382196429304, "rpe_32m_trans": 5.381996983461718, "rpe_32m_rot": 11.476202100167667, "rpe_40m_trans": 5.712268454544181, "rpe_40m_rot": 12.51987877182672, "rpe_48m_trans": 6.109611876234568, "rpe_48m_rot": 10.483470321084237}