{"rmse_8m_trans": 0.19106002071888567, "rmse_8m_rot": 1.632802631514546, "rmse_16m_trans": 0.2592223937178847, "rmse_16m_rot": 1.7406156080696018, "rmse_24m_trans": 0.3164698368637031, "rmse_24m_rot": 2.0030176939069544, "rmse_32m_trans": 0.36218419779021604, "rmse_32m_rot": 2.207926244963901, "rmse_40m_trans": 0.3925815715548684, "rmse_40m_rot": 2.218098321425603, "rmse_48m_trans": 0.48042504001758024, "rmse_48m_rot": 2.536897444863243}