{"ape_trans": 0.8570895094353307, "ape_rot_deg": 6.568855627560226, "rpe_8m_trans": 1.4977010533995294, "rpe_8m_rot": 4.638556405776349, "rpe_16m_trans": 1.6630922554976975, "rpe_16m_rot": 5.507390673846452, "rpe_24m_trans": 2.509523264173968, "rpe_24m_rot": 8.228384872883051, "rpe_32m_trans": NaN, "rpe_32m_rot": NaN, "rpe_40m_trans": NaN, "rpe_40m_rot": NaN, "rpe_48m_trans": NaN, "rpe_48m_rot": NaN}