{"ape_trans": 0.0762480395789454, "ape_rot_deg": 1.014645969743625, "rpe_8m_trans": 0.05971040861425708, "rpe_8m_rot": 0.9870178922853472, "rpe_16m_trans": 0.06173483457354319, "rpe_16m_rot": 1.1802294189842941, "rpe_24m_trans": 0.07380279622485865, "rpe_24m_rot": 1.3638811690356307, "rpe_32m_trans": 0.08475765754745118, "rpe_32m_rot": 1.564198844154432, "rpe_40m_trans": 0.08623838114914215, "rpe_40m_rot": 1.7970965871719595, "rpe_48m_trans": 0.08220580121534782, "rpe_48m_rot": 1.8492248443611279}