{"rmse": 1.288247075549681, "mean": 1.2755321622990596, "median": 1.2769028803630833, "std": 0.18054980089435388, "min": 0.8595953489980808, "max": 1.7059585178921166, "sse": 1140.131822504004}