{"ape_trans": 2.1847846119757683, "ape_rot_deg": 10.803981530574, "rpe_8m_trans": 1.2960861080524415, "rpe_8m_rot": 1.0700169987308827, "rpe_16m_trans": 2.103192796299866, "rpe_16m_rot": 1.4996189163545823, "rpe_24m_trans": 2.474019798142989, "rpe_24m_rot": 1.575564166663508, "rpe_32m_trans": 2.9500354408218405, "rpe_32m_rot": 1.8137996891605812, "rpe_40m_trans": 3.496916093582673, "rpe_40m_rot": 2.0192693465269986, "rpe_48m_trans": 4.116078392670192, "rpe_48m_rot": 2.1921743799817612}