{"ape_trans": 1.3752525571346927, "ape_rot_deg": 21.53563754883228, "rpe_8m_trans": 1.1772310360517182, "rpe_8m_rot": 1.9786793819122217, "rpe_16m_trans": 2.1719128609343312, "rpe_16m_rot": 3.3852775398652297, "rpe_24m_trans": 2.7528923457994403, "rpe_24m_rot": 4.26879401022785, "rpe_32m_trans": 2.966661215870027, "rpe_32m_rot": 4.688312719023938, "rpe_40m_trans": 2.99137934271415, "rpe_40m_rot": 4.666702339976963, "rpe_48m_trans": NaN, "rpe_48m_rot": NaN}