{"ape_trans": 3.2025736698926837, "ape_rot_deg": 16.1380903363888, "rpe_8m_trans": 3.8044864881298883, "rpe_8m_rot": 3.1322801785930134, "rpe_16m_trans": 6.117278382767865, "rpe_16m_rot": 4.085425281608778, "rpe_24m_trans": 4.89622169599943, "rpe_24m_rot": 5.3960708535888315, "rpe_32m_trans": 3.9587833430910684, "rpe_32m_rot": 6.616154548193086, "rpe_40m_trans": 3.609202494121421, "rpe_40m_rot": 8.430592589704913, "rpe_48m_trans": 3.6152202448094046, "rpe_48m_rot": 9.649797626122234}