{"ape_trans": 2.1489047215729804, "ape_rot_deg": 15.71753336116741, "rpe_8m_trans": 1.5158927151559543, "rpe_8m_rot": 3.055037599394272, "rpe_16m_trans": 3.0989083244191957, "rpe_16m_rot": 6.065682553597952, "rpe_24m_trans": 4.198937582102055, "rpe_24m_rot": 8.31836528214706, "rpe_32m_trans": 4.450354256970615, "rpe_32m_rot": 8.867088497706318, "rpe_40m_trans": 4.497840646373814, "rpe_40m_rot": 9.0378714360278, "rpe_48m_trans": 4.4719012393299735, "rpe_48m_rot": 9.117483212252747}