{"std": 0.18177448602479485, "rmse": 0.44914058491078906, "sse": 8.069090600560228, "max": 0.8288382670565455, "min": 0.07956657187084148, "median": 0.37991048012849793, "mean": 0.41071316176186434}