{"ape_trans": 0.19507775788292334, "ape_rot_deg": 1.6276274764752834, "rpe_8m_trans": 0.1889140267544519, "rpe_8m_rot": 0.5718116518956329, "rpe_16m_trans": 0.25617329448041276, "rpe_16m_rot": 0.6362576116474868, "rpe_24m_trans": 0.2526379937752792, "rpe_24m_rot": 0.6364115810727555, "rpe_32m_trans": 0.2875283744515041, "rpe_32m_rot": 0.6241203992621605, "rpe_40m_trans": 0.2545471389762144, "rpe_40m_rot": 0.6253012906697651, "rpe_48m_trans": 0.2660015609231453, "rpe_48m_rot": 0.6528814427211369}