{"rmse": 2.868212608333643, "mean": 2.7870577419882925, "median": 2.2999843889742264, "std": 0.6774604855098203, "min": 2.1513704150970656, "max": 4.059935589848888, "sse": 4565.787179465266}