{"ape_trans": 97.99764101193068, "ape_rot_deg": 161.16830736148935, "rpe_8m_trans": 0.06688803752610963, "rpe_8m_rot": 1.9113367384224913, "rpe_16m_trans": 0.0709494998087583, "rpe_16m_rot": 1.7778736357440454, "rpe_24m_trans": 0.08884734420814376, "rpe_24m_rot": 2.0208716161784674, "rpe_32m_trans": 0.10280125269439233, "rpe_32m_rot": 2.3837679625750674, "rpe_40m_trans": 0.13067016947925736, "rpe_40m_rot": 2.7944918289948704, "rpe_48m_trans": 0.1360699507036069, "rpe_48m_rot": 3.295158715533552}