{"ape_trans": 0.22561667618306674, "ape_rot_deg": 1.667089531624214, "rpe_8m_trans": 0.16925833874986615, "rpe_8m_rot": 0.6902531429784862, "rpe_16m_trans": 0.22885907170287018, "rpe_16m_rot": 0.7339238764679966, "rpe_24m_trans": 0.2333754899736842, "rpe_24m_rot": 0.7437832800494968, "rpe_32m_trans": 0.2764216617196179, "rpe_32m_rot": 0.7747640065656567, "rpe_40m_trans": 0.2638128298586008, "rpe_40m_rot": 0.7662246994797195, "rpe_48m_trans": 0.30316693679517714, "rpe_48m_rot": 0.9618110245928876}