{"rmse": 0.21227388791047944, "mean": 0.20499551763114618, "median": 0.19296791092734128, "std": 0.055109357098129974, "min": 0.0904656449979705, "max": 0.3569123736022111, "sse": 62.36332162826501}