{"ape_trans": 0.042255244705778246, "ape_rot_deg": 0.8131092348550367, "rpe_8m_trans": 0.044228686185221376, "rpe_8m_rot": 0.7695792418991608, "rpe_16m_trans": 0.04910265541937967, "rpe_16m_rot": 0.9054936909650347, "rpe_24m_trans": 0.05825220937372249, "rpe_24m_rot": 1.0128689886068474, "rpe_32m_trans": 0.06999429388954985, "rpe_32m_rot": 1.0495396558098427, "rpe_40m_trans": 0.08504527788799002, "rpe_40m_rot": 0.8819055531108033, "rpe_48m_trans": 0.10379722364957969, "rpe_48m_rot": 0.6606759012217158}