{"rmse": 1.0927428926100924, "mean": 1.0543533453664662, "median": 1.038798083446744, "std": 0.2870993773319839, "min": 0.2730954225959285, "max": 3.0018936377364875, "sse": 603.0139498216853}