{"ape_trans": 0.2995622467816279, "ape_rot_deg": 4.74889535290946, "rpe_8m_trans": 0.18236020643784137, "rpe_8m_rot": 1.598467107390087, "rpe_16m_trans": 0.3295479806271308, "rpe_16m_rot": 2.803274782106382, "rpe_24m_trans": 0.4592132584492539, "rpe_24m_rot": 3.9198519966167713, "rpe_32m_trans": 0.5846280879382961, "rpe_32m_rot": 5.26305845533753, "rpe_40m_trans": 0.5629828254114048, "rpe_40m_rot": 6.258692366165574, "rpe_48m_trans": 0.6468686675508662, "rpe_48m_rot": 7.409820319271677}