{"ape_trans": 0.4954425938610914, "ape_rot_deg": 6.354165158792441, "rpe_8m_trans": 0.4040500684814952, "rpe_8m_rot": 1.3155906481746789, "rpe_16m_trans": 0.5571056510914196, "rpe_16m_rot": 1.7480916883934634, "rpe_24m_trans": 0.6763228843377915, "rpe_24m_rot": 2.167465063657138, "rpe_32m_trans": 0.7824305591992071, "rpe_32m_rot": 2.6174962052800077, "rpe_40m_trans": 0.9120788487261411, "rpe_40m_rot": 3.1206847739666523, "rpe_48m_trans": 0.9770341670291954, "rpe_48m_rot": 3.5514301212326096}