{"ape_trans": 0.40397894837371523, "ape_rot_deg": 40.09989439011222, "rpe_8m_trans": 0.43164829924004455, "rpe_8m_rot": 0.8194525827121172, "rpe_16m_trans": 0.7249879022817974, "rpe_16m_rot": 0.7974419358790819, "rpe_24m_trans": 0.9668674557983267, "rpe_24m_rot": 0.7724464245317744, "rpe_32m_trans": 0.9782539180324813, "rpe_32m_rot": 0.9309027223357627, "rpe_40m_trans": 0.9855732505289325, "rpe_40m_rot": 0.976126952938556, "rpe_48m_trans": NaN, "rpe_48m_rot": NaN}