{"ape_trans": 0.4042743738292939, "ape_rot_deg": 35.145577209414796, "rpe_8m_trans": 0.48353013196533634, "rpe_8m_rot": 1.2508368839523738, "rpe_16m_trans": 0.8191001473619781, "rpe_16m_rot": 1.7981308946801096, "rpe_24m_trans": 0.9938466813094823, "rpe_24m_rot": 2.04710486598582, "rpe_32m_trans": 0.981225130014145, "rpe_32m_rot": 2.191050502782445, "rpe_40m_trans": 0.957114083785831, "rpe_40m_rot": 2.3924449095335354, "rpe_48m_trans": NaN, "rpe_48m_rot": NaN}