{"rmse": 0.21687675483695426, "mean": 0.19438526892675417, "median": 0.17032726147678595, "std": 0.09617636930598815, "min": 0.025490521342095868, "max": 0.38517375791495206, "sse": 46.471100467145064}