{"rmse": 0.2122738537180652, "mean": 0.20499547327976345, "median": 0.19296781293259707, "std": 0.05510939037155407, "min": 0.09046563585478085, "max": 0.3569122716679888, "sse": 62.36330153768886}