{"ape_trans": 0.23888155987142007, "ape_rot_deg": 1.8625283475140513, "rpe_8m_trans": 0.1751117957580433, "rpe_8m_rot": 0.891992846687226, "rpe_16m_trans": 0.2833961446902506, "rpe_16m_rot": 1.3956593888701911, "rpe_24m_trans": 0.34405654506444944, "rpe_24m_rot": 1.750301589201287, "rpe_32m_trans": 0.43409427975684634, "rpe_32m_rot": 2.2951598995330125, "rpe_40m_trans": 0.4051636273600964, "rpe_40m_rot": 2.740407475589394, "rpe_48m_trans": 0.5105252243314434, "rpe_48m_rot": 3.120087694037013}