{"rmse": 0.1579791083314282, "mean": 0.1502094433987188, "median": 0.15051655505449738, "std": 0.04893385109553733, "min": 0.03536515867649627, "max": 0.2939591613665497, "sse": 45.32263598325473}