{"ape_trans": 0.13721883061122586, "ape_rot_deg": 0.9178328240363288, "rpe_8m_trans": 0.04056293536632584, "rpe_8m_rot": 0.8028179379739732, "rpe_16m_trans": 0.0596135399685598, "rpe_16m_rot": 1.005273386784534, "rpe_24m_trans": 0.08499452467466109, "rpe_24m_rot": 1.1100442569489588, "rpe_32m_trans": 0.109102764372703, "rpe_32m_rot": 1.0911043519639962, "rpe_40m_trans": 0.13622190544909124, "rpe_40m_rot": 1.164112398615497, "rpe_48m_trans": 0.16215831342953915, "rpe_48m_rot": 1.2001571207970658}