{"ape_trans": 0.07603037609742258, "ape_rot_deg": 6.2349398596916545, "rpe_8m_trans": 0.31076471208221496, "rpe_8m_rot": 3.680452619503971, "rpe_16m_trans": 0.26030491884071444, "rpe_16m_rot": 3.0062360295091093, "rpe_24m_trans": 0.30940865954116364, "rpe_24m_rot": 2.900167404406502, "rpe_32m_trans": 0.2706492199145339, "rpe_32m_rot": 3.174305228300808, "rpe_40m_trans": 0.2824418221458647, "rpe_40m_rot": 3.1597961408719644, "rpe_48m_trans": 0.3744231809936223, "rpe_48m_rot": 3.434403890914142}