{"ape_trans": 0.17469846667330616, "ape_rot_deg": 3.2564544436071508, "rpe_8m_trans": 0.16845634848980293, "rpe_8m_rot": 0.9629063326946178, "rpe_16m_trans": 0.18240594610312447, "rpe_16m_rot": 1.2680640976145086, "rpe_24m_trans": 0.2345552415788144, "rpe_24m_rot": 1.4451226024887234, "rpe_32m_trans": 0.2845646057742201, "rpe_32m_rot": 1.6543596151753817, "rpe_40m_trans": 0.3275671688233751, "rpe_40m_rot": 1.531633564671493, "rpe_48m_trans": 0.35565891146294815, "rpe_48m_rot": 2.0834795648736812}