{"ape_trans": 0.06576512218646906, "ape_rot_deg": 1.7541776775049391, "rpe_8m_trans": 0.03424594236973531, "rpe_8m_rot": 0.789135144592312, "rpe_16m_trans": 0.049940367968756214, "rpe_16m_rot": 1.0706099210936726, "rpe_24m_trans": 0.06139041773345719, "rpe_24m_rot": 1.2819564853479846, "rpe_32m_trans": 0.07238161093417128, "rpe_32m_rot": 1.3953152382884577, "rpe_40m_trans": 0.08123191117492874, "rpe_40m_rot": 1.6090145731076113, "rpe_48m_trans": 0.0908365796045465, "rpe_48m_rot": 1.8254005805478895}