{"rmse": 0.19516353857514596, "mean": 0.17080363674826676, "median": 0.15506113309137287, "std": 0.0944188776820537, "min": 0.02499402582576793, "max": 0.44826381502133494, "sse": 49.82015928023761}