{"rmse_8m_trans": 0.16619115034003062, "rmse_8m_rot": 1.0032518891024094, "rmse_16m_trans": 0.2910746927996252, "rmse_16m_rot": 1.3850824536358897, "rmse_24m_trans": 0.33134419331662057, "rmse_24m_rot": 1.9587629133382305, "rmse_32m_trans": 0.4306680805662601, "rmse_32m_rot": 2.571929925437797, "rmse_40m_trans": 0.4062151489603432, "rmse_40m_rot": 3.2175628936912672, "rmse_48m_trans": 0.5146242508571025, "rmse_48m_rot": 3.742026218399754}