{"rmse": 5.0447679631568585, "mean": 5.008349753384899, "median": 4.880906954516674, "std": 0.6050756563135001, "min": 3.9495276911349144, "max": 6.19301718779283, "sse": 42246.47511147571}