{"rmse": 0.09007555919110267, "mean": 0.08773898702106747, "median": 0.09267142736156865, "std": 0.0203832411580395, "min": 0.01181389513141083, "max": 0.1356009876568575, "sse": 6.409749027235974}