{"ape_trans": 0.11022413212892979, "ape_rot_deg": 3.2649599143848, "rpe_8m_trans": 0.15149626762796192, "rpe_8m_rot": 1.9675644186482386, "rpe_16m_trans": 0.15124568958839213, "rpe_16m_rot": 2.4070301450361287, "rpe_24m_trans": 0.16423492366486406, "rpe_24m_rot": 2.687010308035298, "rpe_32m_trans": 0.17905494718938372, "rpe_32m_rot": 3.0195087436206483, "rpe_40m_trans": 0.19739945382242793, "rpe_40m_rot": 3.256029071856733, "rpe_48m_trans": 0.21573368591864514, "rpe_48m_rot": 4.007823561938008}