{"ape_trans": 0.09861771165063915, "ape_rot_deg": 2.6789778431563858, "rpe_8m_trans": 0.10026055845968844, "rpe_8m_rot": 1.6150324756218681, "rpe_16m_trans": 0.1281403148042792, "rpe_16m_rot": 1.801274385801209, "rpe_24m_trans": 0.15864831937503726, "rpe_24m_rot": 2.2674311741066044, "rpe_32m_trans": 0.18107483686370265, "rpe_32m_rot": 2.7875799100766967, "rpe_40m_trans": 0.19553093058657006, "rpe_40m_rot": 3.292789295603107, "rpe_48m_trans": 0.2276918384822136, "rpe_48m_rot": 3.9814742469301687}