{"std": 0.24100330321395583, "rmse": 2.319516673206559, "sse": 4153.481665102648, "max": 2.8449553907948357, "min": 1.8215973563684356, "median": 2.342323926736717, "mean": 2.306962289488752}