{"ape_trans": 0.12722660635515004, "ape_rot_deg": 4.2292562221496555, "rpe_8m_trans": 0.15239894385475314, "rpe_8m_rot": 1.6394648745774913, "rpe_16m_trans": 0.18300759670721037, "rpe_16m_rot": 2.087246117665162, "rpe_24m_trans": 0.21133516407647104, "rpe_24m_rot": 2.542289942452789, "rpe_32m_trans": 0.23705801433737536, "rpe_32m_rot": 2.5265081351956917, "rpe_40m_trans": 0.27712172544079516, "rpe_40m_rot": 1.8336988214015137, "rpe_48m_trans": 0.3020316026308526, "rpe_48m_rot": 1.7269593801352803}