{"ape_trans": 0.20275330282902546, "ape_rot_deg": 2.8818224383056297, "rpe_8m_trans": 0.07489588099435159, "rpe_8m_rot": 1.059480304194555, "rpe_16m_trans": 0.11368592871910219, "rpe_16m_rot": 1.3184724850000937, "rpe_24m_trans": 0.1411383313010435, "rpe_24m_rot": 1.6468695425011837, "rpe_32m_trans": 0.168555090247901, "rpe_32m_rot": 2.0136170189643487, "rpe_40m_trans": 0.20304243871150207, "rpe_40m_rot": 2.400144308340354, "rpe_48m_trans": 0.2332830967701256, "rpe_48m_rot": 2.795080165307622}