{"rmse": 0.4643533220904502, "mean": 0.3968903470250393, "median": 0.35631718471614116, "std": 0.24104368934859355, "min": 0.061782243612699045, "max": 1.0497814174140767, "sse": 275.1362338716941}