{"rmse_8m_trans": 0.1905557171773688, "rmse_8m_rot": 1.652787933538405, "rmse_16m_trans": 0.2598406024731955, "rmse_16m_rot": 1.8121639454785397, "rmse_24m_trans": 0.30187780775393314, "rmse_24m_rot": 2.1022818102743206, "rmse_32m_trans": 0.3432075329510091, "rmse_32m_rot": 2.2918452042607163, "rmse_40m_trans": 0.3800996867677485, "rmse_40m_rot": 2.1986501904366333, "rmse_48m_trans": 0.46817723283314217, "rmse_48m_rot": 2.4574991589737443}