{"ape_trans": 1.666917414363818, "ape_rot_deg": 19.709702847507977, "rpe_8m_trans": 1.2679449157821678, "rpe_8m_rot": 2.9395143111217283, "rpe_16m_trans": 2.11325985033063, "rpe_16m_rot": 4.8030324119030325, "rpe_24m_trans": 2.8632646117213403, "rpe_24m_rot": 6.530526492176477, "rpe_32m_trans": 3.208503278276917, "rpe_32m_rot": 7.3180114049041745, "rpe_40m_trans": 3.405999493723863, "rpe_40m_rot": 7.937075148393361, "rpe_48m_trans": 3.3967717538651376, "rpe_48m_rot": 8.109326828494897}