{"rmse": 0.3665658201203976, "mean": 0.3544144106049358, "median": 0.3647743670575042, "std": 0.09359981856871133, "min": 0.13282752322529492, "max": 0.5392150872631147, "sse": 131.54871997044836}