{"rmse": 0.08860851608461785, "mean": 0.08046284551512124, "median": 0.0742026061437695, "std": 0.03711064017674332, "min": 0.01071991186290228, "max": 0.18006004781895102, "sse": 9.861445218133785}