{"ape_trans": 0.11816300042754105, "ape_rot_deg": 2.7563276208780483, "rpe_8m_trans": 0.1177244692477966, "rpe_8m_rot": 1.549958123106148, "rpe_16m_trans": 0.14891670111359542, "rpe_16m_rot": 1.746074287169105, "rpe_24m_trans": 0.1725626815548245, "rpe_24m_rot": 2.1855770002976382, "rpe_32m_trans": 0.2004810795028275, "rpe_32m_rot": 2.7238672714613603, "rpe_40m_trans": 0.21384365567426922, "rpe_40m_rot": 3.2105707227749063, "rpe_48m_trans": 0.2294803743991119, "rpe_48m_rot": 3.8433418258311556}