{"ape_trans": 0.25679426586142867, "ape_rot_deg": 1.7373305959238037, "rpe_8m_trans": 0.18242272821986347, "rpe_8m_rot": 0.6377082423752005, "rpe_16m_trans": 0.24997844245813564, "rpe_16m_rot": 0.713185411961533, "rpe_24m_trans": 0.2593558744824057, "rpe_24m_rot": 0.7434403860424273, "rpe_32m_trans": 0.29926165926763804, "rpe_32m_rot": 0.774175505404861, "rpe_40m_trans": 0.2986357377505033, "rpe_40m_rot": 0.7866717231649523, "rpe_48m_trans": 0.34071262509846006, "rpe_48m_rot": 0.7961375223247859}