{"ape_trans": 0.05844530826537274, "ape_rot_deg": 0.6591050958198632, "rpe_8m_trans": 0.052257267868494967, "rpe_8m_rot": 0.6825088650773427, "rpe_16m_trans": 0.0654190098055641, "rpe_16m_rot": 0.8225622297916592, "rpe_24m_trans": 0.07963206897706322, "rpe_24m_rot": 0.865971032006475, "rpe_32m_trans": 0.09458190768223611, "rpe_32m_rot": 0.9070751734286945, "rpe_40m_trans": 0.10373102310886552, "rpe_40m_rot": 0.8929108040145514, "rpe_48m_trans": 0.11996561016385134, "rpe_48m_rot": 1.0195638012108792}