{"ape_trans": 0.3467219220803101, "ape_rot_deg": 1.4938996608230555, "rpe_8m_trans": 0.2015701198548563, "rpe_8m_rot": 1.2133320164067007, "rpe_16m_trans": 0.327828793786253, "rpe_16m_rot": 1.5062052968350501, "rpe_24m_trans": 0.4197892494307981, "rpe_24m_rot": 1.5302981350510025, "rpe_32m_trans": 0.47186077367507895, "rpe_32m_rot": 1.645319324045961, "rpe_40m_trans": 0.6220631397699188, "rpe_40m_rot": 2.016219753158333, "rpe_48m_trans": 0.803752688524023, "rpe_48m_rot": 2.2972762476663284}