{"rmse": 0.07990567235915533, "mean": 0.07412915536665404, "median": 0.07420430148049645, "std": 0.02982926079867131, "min": 0.011544845359215159, "max": 0.15132842537421654, "sse": 6.742471797778126}