{"std": 0.06097789356579624, "rmse": 0.29172136574990815, "sse": 91.65415958808606, "max": 0.40626571385734583, "min": 0.1293240405036615, "median": 0.280299160910752, "mean": 0.2852771489819508}