{"rmse": 0.12479699856699362, "mean": 0.11797440716721248, "median": 0.1255599674628956, "std": 0.04069803563902039, "min": 0.025307370787362473, "max": 0.29236019278567876, "sse": 26.865651718544612}