{"rmse": 0.49851136536440577, "mean": 0.4926476800152137, "median": 0.48483717887244626, "std": 0.07623545614156012, "min": 0.3488167127554778, "max": 0.7247615825835261, "sse": 130.96665739647412}