{"rmse": 0.46748965327919073, "mean": 0.4358604917509289, "median": 0.45028762717835713, "std": 0.16903315548653866, "min": 0.03371539106129432, "max": 0.796007932186132, "sse": 305.30956656456783}