{"ape_trans": 0.41337116663011775, "ape_rot_deg": 2.531838607476856, "rpe_8m_trans": 0.39726532193311415, "rpe_8m_rot": 0.8705766831994136, "rpe_16m_trans": 0.5006363822747761, "rpe_16m_rot": 0.9342944784667132, "rpe_24m_trans": 0.590292860787028, "rpe_24m_rot": 0.9627920021035317, "rpe_32m_trans": 0.7046306248633054, "rpe_32m_rot": 0.9985874038821478, "rpe_40m_trans": 0.7599562904645869, "rpe_40m_rot": 0.9850729599041154, "rpe_48m_trans": 0.7617987001716436, "rpe_48m_rot": 1.0207374406065461}