{"ape_trans": 0.19617501609769378, "ape_rot_deg": 7.035813255977845, "rpe_8m_trans": 0.09568955919728646, "rpe_8m_rot": 0.7924051074128575, "rpe_16m_trans": 0.13451294921992646, "rpe_16m_rot": 0.8925008681971511, "rpe_24m_trans": 0.16517732108341915, "rpe_24m_rot": 1.0287452888948208, "rpe_32m_trans": 0.2064780956027511, "rpe_32m_rot": 1.2488080979714729, "rpe_40m_trans": 0.255315502870361, "rpe_40m_rot": 1.3754294633236477, "rpe_48m_trans": 0.30686835903874415, "rpe_48m_rot": 1.5206625472718895}