{"ape_trans": 0.17137539587306994, "ape_rot_deg": 1.5877862667133065, "rpe_8m_trans": 0.17636553953630713, "rpe_8m_rot": 0.7872031976436753, "rpe_16m_trans": 0.28210430925457713, "rpe_16m_rot": 1.1987509658959121, "rpe_24m_trans": 0.32435987700817015, "rpe_24m_rot": 1.4819585733896232, "rpe_32m_trans": 0.42279399968253234, "rpe_32m_rot": 1.952681037656591, "rpe_40m_trans": 0.34522130214697405, "rpe_40m_rot": 2.3372836974797013, "rpe_48m_trans": 0.4213428628441818, "rpe_48m_rot": 2.709359340886479}