{"rmse": 0.13672980292275436, "mean": 0.12388396792872289, "median": 0.12632260392951467, "std": 0.05786018922826302, "min": 0.013664659197614205, "max": 0.23065817321016757, "sse": 31.239410181190355}