{"std": 0.04467993087468773, "rmse": 0.1281969064784176, "sse": 12.966778549371924, "max": 0.26688129042594333, "min": 0.01207837513741961, "median": 0.11473290351867374, "mean": 0.1201588557188744}