{"ape_trans": 21.838507187220547, "ape_rot_deg": 51.55368443356204, "rpe_8m_trans": 0.15310899433209574, "rpe_8m_rot": 1.4928915988501636, "rpe_16m_trans": 0.24814833044055098, "rpe_16m_rot": 1.3750049715682222, "rpe_24m_trans": 0.3351672103229447, "rpe_24m_rot": 1.1155524584656336, "rpe_32m_trans": 0.45756367858040115, "rpe_32m_rot": 1.0525581460174058, "rpe_40m_trans": 31.99836779090661, "rpe_40m_rot": 38.34546420923546, "rpe_48m_trans": 42.98690791347828, "rpe_48m_rot": 50.21036584752915}