{"ape_trans": 36.848247934681, "ape_rot_deg": 66.11842910757322, "rpe_8m_trans": 4.529751301707809, "rpe_8m_rot": 1.9952886530563183, "rpe_16m_trans": 8.98165441358249, "rpe_16m_rot": 2.770462893188631, "rpe_24m_trans": 13.344288908785646, "rpe_24m_rot": 3.380539993239963, "rpe_32m_trans": 18.66093147100989, "rpe_32m_rot": 3.7010784004528503, "rpe_40m_trans": 24.790302729439723, "rpe_40m_rot": 3.988476241039185, "rpe_48m_trans": 32.118927718507656, "rpe_48m_rot": 4.447726586388647}