{"ape_trans": 0.37682467064538183, "ape_rot_deg": 1.4544222384846064, "rpe_8m_trans": 0.2041176726793919, "rpe_8m_rot": 1.0163066398367349, "rpe_16m_trans": 0.327539210866571, "rpe_16m_rot": 1.3601292815050752, "rpe_24m_trans": 0.4342772527582811, "rpe_24m_rot": 1.4367074485304976, "rpe_32m_trans": 0.5050038397836669, "rpe_32m_rot": 1.5919964935570394, "rpe_40m_trans": 0.6583439480612521, "rpe_40m_rot": 2.002875846871104, "rpe_48m_trans": 0.855673097140699, "rpe_48m_rot": 2.246526897297944}