{"rmse": 0.08706138669323306, "mean": 0.07505834167501096, "median": 0.06644891438545902, "std": 0.044112701095557164, "min": 0.0016876824961989528, "max": 0.20259256252720179, "sse": 10.535762223598635}