{"rmse": 0.27715812627609615, "mean": 0.24196219128871088, "median": 0.22012252976927665, "std": 0.13516998538004554, "min": 0.031999997392656736, "max": 0.6081873056437223, "sse": 83.73012338735533}