{"ape_trans": 0.08619336708349953, "ape_rot_deg": 2.0350646469540643, "rpe_8m_trans": 0.11421806553368587, "rpe_8m_rot": 1.7534353161797436, "rpe_16m_trans": 0.17297533779462562, "rpe_16m_rot": 2.862909581139622, "rpe_24m_trans": 0.2680363232057818, "rpe_24m_rot": 4.238581368228031, "rpe_32m_trans": 0.23084079634865357, "rpe_32m_rot": 6.237636978519264, "rpe_40m_trans": 0.1782695049666444, "rpe_40m_rot": 7.711938681529839, "rpe_48m_trans": NaN, "rpe_48m_rot": NaN}