{"ape_trans": 8.565614782121758, "ape_rot_deg": 158.43441650219037, "rpe_8m_trans": 0.07195837723769241, "rpe_8m_rot": 1.2560776446494548, "rpe_16m_trans": 0.0840713138365729, "rpe_16m_rot": 1.2629525241295096, "rpe_24m_trans": 10.048758453198014, "rpe_24m_rot": 1.7603250974828022, "rpe_32m_trans": 15.83406505436208, "rpe_32m_rot": 2.4647762752764004, "rpe_40m_trans": 17.926435548380404, "rpe_40m_rot": 2.6250014375343853, "rpe_48m_trans": 17.940699521430247, "rpe_48m_rot": 2.6212042526698385}