{"rmse_8m_trans": 0.16560200359160285, "rmse_8m_rot": 0.9737828696600972, "rmse_16m_trans": 0.28571794789178345, "rmse_16m_rot": 1.2604656339782303, "rmse_24m_trans": 0.32298055624037586, "rmse_24m_rot": 1.7622535629481015, "rmse_32m_trans": 0.4262612686517095, "rmse_32m_rot": 2.352710326487158, "rmse_40m_trans": 0.4190468380928561, "rmse_40m_rot": 2.9079868779207487, "rmse_48m_trans": 0.5173729528809814, "rmse_48m_rot": 3.327973349925249}