{"rmse": 7.4761884299105414, "mean": 7.465288670886, "median": 7.539460270770381, "std": 0.40355730679717766, "min": 6.468494714548418, "max": 8.502986063968757, "sse": 164494.25689253164}