{"ape_trans": 0.11599734564298532, "ape_rot_deg": 1.671184994254949, "rpe_8m_trans": 0.07975016036208826, "rpe_8m_rot": 0.8993901015381247, "rpe_16m_trans": 0.11602411916701107, "rpe_16m_rot": 1.337108203524076, "rpe_24m_trans": 0.14498488082013, "rpe_24m_rot": 1.6181343135684574, "rpe_32m_trans": 0.18634584063186824, "rpe_32m_rot": 1.9476124685434637, "rpe_40m_trans": 0.22235241926352303, "rpe_40m_rot": 2.295847583313426, "rpe_48m_trans": 0.254439790612783, "rpe_48m_rot": 2.8022710332855603}