{"rmse": 6.2701485224849565, "mean": 5.737306814287762, "median": 5.159198646907169, "std": 2.5294412451661143, "min": 0.7510082869056336, "max": 10.09306400121261, "sse": 51069.87647973235}