{"ape_trans": 0.4760049452415633, "ape_rot_deg": 35.70721185348213, "rpe_8m_trans": 0.5049380571300466, "rpe_8m_rot": 1.2676389490481177, "rpe_16m_trans": 0.8759598743924195, "rpe_16m_rot": 1.916595384023519, "rpe_24m_trans": 1.1383480238475405, "rpe_24m_rot": 2.44440754784058, "rpe_32m_trans": 1.1535525895128589, "rpe_32m_rot": 2.568693864002908, "rpe_40m_trans": 1.1537445251230822, "rpe_40m_rot": 2.47789350297142, "rpe_48m_trans": NaN, "rpe_48m_rot": NaN}