{"ape_trans": 0.10846072950704085, "ape_rot_deg": 1.3471907287556628, "rpe_8m_trans": 0.04791062834047887, "rpe_8m_rot": 0.7901495696800125, "rpe_16m_trans": 0.07491272764764034, "rpe_16m_rot": 1.0655575283953578, "rpe_24m_trans": 0.0927874118100761, "rpe_24m_rot": 1.247296615133026, "rpe_32m_trans": 0.10736998528624729, "rpe_32m_rot": 1.3083967718187843, "rpe_40m_trans": 0.12074311423271943, "rpe_40m_rot": 1.442142117254066, "rpe_48m_trans": 0.12888422022674004, "rpe_48m_rot": 1.5850483226922325}