{"ape_trans": 2.7855788637639636, "ape_rot_deg": 11.733251834449078, "rpe_8m_trans": 1.6639210812246863, "rpe_8m_rot": 4.822017094713566, "rpe_16m_trans": 3.8821065290009007, "rpe_16m_rot": 10.683247889075362, "rpe_24m_trans": 5.451959629292414, "rpe_24m_rot": 14.8805889081151, "rpe_32m_trans": 5.764450997228711, "rpe_32m_rot": 15.847031116329724, "rpe_40m_trans": 5.82807487928818, "rpe_40m_rot": 16.149836843844813, "rpe_48m_trans": 5.814611999217673, "rpe_48m_rot": 16.718046561182305}