{"rmse": 0.036140396284189205, "mean": 0.03396367197157027, "median": 0.03221216191683601, "std": 0.012353025126899439, "min": 0.0067574024144766, "max": 0.06804351702427533, "sse": 1.3818836817057747}