{"ape_trans": 9.113958097625062, "ape_rot_deg": 179.24656454572175, "rpe_8m_trans": 0.0536642655433197, "rpe_8m_rot": 1.1986282064070757, "rpe_16m_trans": 0.8938874842311224, "rpe_16m_rot": 2.0685162212241592, "rpe_24m_trans": 8.008684534998622, "rpe_24m_rot": 13.334773451843622, "rpe_32m_trans": 10.144306478050432, "rpe_32m_rot": 16.1163017033488, "rpe_40m_trans": 11.497100269515832, "rpe_40m_rot": 18.50791931911768, "rpe_48m_trans": 13.50512601465401, "rpe_48m_rot": 21.372304177265146}