{"rmse": 2.1834161494802418, "mean": 2.178369442800583, "median": 2.156105261582186, "std": 0.14836661512550764, "min": 1.8551512349620551, "max": 2.5431498454782524, "sse": 5649.257706946182}