{"rmse": 0.9039156065291186, "mean": 0.8872200505411134, "median": 0.8695634720600501, "std": 0.17292774689079943, "min": 0.5368180486639991, "max": 1.2923846153438685, "sse": 663.4555000662464}