{"ape_trans": 0.13135054994965126, "ape_rot_deg": 4.5050526056887525, "rpe_8m_trans": 0.1479887060094886, "rpe_8m_rot": 1.856672042153271, "rpe_16m_trans": 0.1865741197686313, "rpe_16m_rot": 2.3528652873391773, "rpe_24m_trans": 0.2234971083272227, "rpe_24m_rot": 2.800244839166034, "rpe_32m_trans": 0.24741128329396103, "rpe_32m_rot": 2.683205483286289, "rpe_40m_trans": 0.28337551875898026, "rpe_40m_rot": 1.8101520555268382, "rpe_48m_trans": 0.30873633544956697, "rpe_48m_rot": 1.8983787883266061}