{"rmse": 36.854406867256785, "mean": 34.01123457704645, "median": 29.42743286327205, "std": 14.194478788684826, "min": 24.925307138401152, "max": 128.49868544844145, "sse": 1606806.5624506304}