{"rmse": 0.10805398227511975, "mean": 0.08913163779054496, "median": 0.07149942325747631, "std": 0.06108366582227194, "min": 0.004145080389287602, "max": 0.29005724108164627, "sse": 15.201713337336486}