{"ape_trans": 0.20934309917028202, "ape_rot_deg": 2.986467480155376, "rpe_8m_trans": 0.153189622863139, "rpe_8m_rot": 2.1003840998219157, "rpe_16m_trans": 0.2452343122622508, "rpe_16m_rot": 2.488568404195993, "rpe_24m_trans": 0.3529151095969259, "rpe_24m_rot": 3.0387775199578546, "rpe_32m_trans": 0.3958784963107026, "rpe_32m_rot": 3.500449356927803, "rpe_40m_trans": 0.3731745348619751, "rpe_40m_rot": 4.046051864630352, "rpe_48m_trans": 0.4175709039217882, "rpe_48m_rot": 4.833348538257227}