{"rmse": 0.31658058312867177, "mean": 0.30084357282873825, "median": 0.33134364924510296, "std": 0.09857185349646984, "min": 0.06671225328568259, "max": 0.5819413474200495, "sse": 300.66979684226953}