{"rmse": 4.287627111644726, "mean": 4.242279033168082, "median": 4.2395104815312035, "std": 0.6219444133147023, "min": 3.0397985089206636, "max": 7.431998926817491, "sse": 27079.258224056546}