{"std": 0.06596822976113881, "rmse": 0.14944975848005793, "sse": 29.214481245149926, "max": 0.38269721909525783, "min": 0.033521203486564906, "median": 0.12642002712997116, "mean": 0.13410228548361602}