{"rmse": 0.1354429176672205, "mean": 0.12431997844721161, "median": 0.12540918129332013, "std": 0.05375245952600035, "min": 0.018562622276335785, "max": 0.3586602901154219, "sse": 41.09231603950921}