{"rmse": 0.5154918135777071, "mean": 0.4802350154611982, "median": 0.45458289957153075, "std": 0.18736632512438384, "min": 0.21497841083353628, "max": 1.8665784483227112, "sse": 129.14565959469792}