{"rmse": 0.10919035951404023, "mean": 0.09261768224351462, "median": 0.07840717484889954, "std": 0.05783164831339941, "min": 0.004496039425087458, "max": 0.300696551993445, "sse": 14.390499275242066}