{"std": 0.052977096451700546, "rmse": 0.14016980859465536, "sse": 19.490394639530617, "max": 0.23414722240881908, "min": 0.028943825076758963, "median": 0.12937354536867102, "mean": 0.12977288812771923}