{"ape_trans": 0.1465911834257432, "ape_rot_deg": 0.7464695810255262, "rpe_8m_trans": 0.15563606920081288, "rpe_8m_rot": 0.8609895019079621, "rpe_16m_trans": 0.16216081661505424, "rpe_16m_rot": 0.9226501206128134, "rpe_24m_trans": 0.17579965024691802, "rpe_24m_rot": 0.9319479500566733, "rpe_32m_trans": 0.20104732891371882, "rpe_32m_rot": 0.9715401784777893, "rpe_40m_trans": 0.2162968305055679, "rpe_40m_rot": 0.9254493092856376, "rpe_48m_trans": 0.24587666740470226, "rpe_48m_rot": 0.920145073538922}