{"std": 0.0352643400951868, "rmse": 0.08187181787938504, "sse": 19.25100038457755, "max": 0.292206048134649, "min": 0.0185009329251881, "median": 0.0721597187608074, "mean": 0.07388789400521707}