{"ape_trans": 0.08018612141760496, "ape_rot_deg": 1.7904612808515108, "rpe_8m_trans": 0.11093612008206986, "rpe_8m_rot": 1.525740802959679, "rpe_16m_trans": 0.14816990303256225, "rpe_16m_rot": 2.4693810796310456, "rpe_24m_trans": 0.2322262728327328, "rpe_24m_rot": 3.6472916125732553, "rpe_32m_trans": 0.20728384068294956, "rpe_32m_rot": 5.3469612300027975, "rpe_40m_trans": 0.14529296561020785, "rpe_40m_rot": 6.529601106290495, "rpe_48m_trans": NaN, "rpe_48m_rot": NaN}