{"std": 0.0464844749864098, "rmse": 0.11090129797993985, "sse": 13.787288738765293, "max": 0.3023485318275045, "min": 0.013125592836088927, "median": 0.09986004617370821, "mean": 0.10068908321597357}