{"ape_trans": 0.41214058516339175, "ape_rot_deg": 3.4747852041373295, "rpe_8m_trans": 0.3117294504606654, "rpe_8m_rot": 0.6848043971456156, "rpe_16m_trans": 0.5185868854953887, "rpe_16m_rot": 0.881663848113168, "rpe_24m_trans": 0.62219667976614, "rpe_24m_rot": 1.1635024927145714, "rpe_32m_trans": 0.7376371649644046, "rpe_32m_rot": 1.230509543421922, "rpe_40m_trans": 0.7501743124422138, "rpe_40m_rot": 1.377856649622154, "rpe_48m_trans": 0.6927235527669503, "rpe_48m_rot": 1.3709632059170953}