{"rmse": 2.2033329876928014, "mean": 1.8735411941974414, "median": 1.5668037472934273, "std": 1.1595342376577376, "min": 0.07548855783819272, "max": 5.196192516044573, "sse": 10165.692077248168}