{"std": 11.518780108498676, "rmse": 16.5118079005856, "sse": 341617.66958273895, "max": 93.95895428548057, "min": 5.527024072619697, "median": 6.913877398909482, "mean": 11.830363686628418}