{"rmse": 131.49992393844184, "mean": 130.65428017064605, "median": 117.98950531879917, "std": 14.88922660537881, "min": 115.67006700351263, "max": 161.46955450897548, "sse": 18208718.18559424}