{"rmse": 8.030016963923046, "mean": 8.02069155726925, "median": 8.029703766747234, "std": 0.3868841997829056, "min": 7.115941047308251, "max": 8.940729453701188, "sse": 126125.17329438456}