{"rmse": 0.49564634767134397, "mean": 0.4899663956199588, "median": 0.4714950964620983, "std": 0.07482134136146466, "min": 0.2911810776351932, "max": 0.7028697204359705, "sse": 261.38788128537914}