{"ape_trans": 3.9520732766682185, "ape_rot_deg": 19.37443279761929, "rpe_8m_trans": 0.03404181655952385, "rpe_8m_rot": 1.0317264152504346, "rpe_16m_trans": 4.045847228277108, "rpe_16m_rot": 6.741986040208849, "rpe_24m_trans": 4.768307552182693, "rpe_24m_rot": 8.077907354771853, "rpe_32m_trans": 5.5640916339722, "rpe_32m_rot": 9.547195089788659, "rpe_40m_trans": 6.5431747732392616, "rpe_40m_rot": 11.421114283192203, "rpe_48m_trans": 7.645056754334355, "rpe_48m_rot": 13.521563835378378}