{"rmse": 0.4149243111525622, "mean": 0.41191346562766284, "median": 0.4176001733722604, "std": 0.04989469731380743, "min": 0.24030774495034724, "max": 0.4952103637269605, "sse": 179.39299571281623}