{"ape_trans": 2.318798800826624, "ape_rot_deg": 19.650847790100087, "rpe_8m_trans": 1.2411527643866656, "rpe_8m_rot": 1.2916646287005493, "rpe_16m_trans": 2.689952077668434, "rpe_16m_rot": 1.6432492728620787, "rpe_24m_trans": 3.4497547286511447, "rpe_24m_rot": 1.9189996457858403, "rpe_32m_trans": 4.414078793193579, "rpe_32m_rot": 2.381053232691704, "rpe_40m_trans": 4.687576205920017, "rpe_40m_rot": 2.680774343324303, "rpe_48m_trans": 4.66637274738642, "rpe_48m_rot": 2.6757807596966936}