{"rmse": 133.72964646081348, "mean": 133.28324073776972, "median": 124.59087838787566, "std": 10.91769577208921, "min": 122.02333157955987, "max": 147.91046454908218, "sse": 55331915.151800714}