{"ape_trans": 1.658544592006493, "ape_rot_deg": 17.103179910900966, "rpe_8m_trans": 1.294042955666349, "rpe_8m_rot": 4.593660686383536, "rpe_16m_trans": 2.1894306538428894, "rpe_16m_rot": 7.747358831092573, "rpe_24m_trans": 2.8408552459435685, "rpe_24m_rot": 10.160727989089688, "rpe_32m_trans": 3.1976042029378897, "rpe_32m_rot": 11.384744929561027, "rpe_40m_trans": 3.4158999045397382, "rpe_40m_rot": 12.19807276011305, "rpe_48m_trans": 3.3820699794479068, "rpe_48m_rot": 12.657268957546679}