{"ape_trans": 150.04025105703096, "ape_rot_deg": 106.20810795990586, "rpe_8m_trans": 6.961112735039348, "rpe_8m_rot": 8.355104535360002, "rpe_16m_trans": 14.426229472873308, "rpe_16m_rot": 9.422110671346088, "rpe_24m_trans": 22.164006968269568, "rpe_24m_rot": 10.201875301724973, "rpe_32m_trans": 29.993994290398867, "rpe_32m_rot": 10.808953004435732, "rpe_40m_trans": 38.00610777542786, "rpe_40m_rot": 11.365377818445621, "rpe_48m_trans": 45.98155413392847, "rpe_48m_rot": 11.899521415001917}