{"rmse": 0.3235198574904791, "mean": 0.30939294524525296, "median": 0.3460246919320479, "std": 0.09455740913925181, "min": 0.0767320025473995, "max": 0.49769610294877703, "sse": 98.28052720102966}