{"rmse": 4.614179873551886, "mean": 3.195796017101394, "median": 2.0413261952325295, "std": 3.3282944164496877, "min": 0.116775768788254, "max": 14.445890814923033, "sse": 23355.849528323954}