{"ape_trans": 5.818001216700996, "ape_rot_deg": 43.19337231501775, "rpe_8m_trans": 5.807812272372236, "rpe_8m_rot": 4.2588064490864435, "rpe_16m_trans": 6.591020468864128, "rpe_16m_rot": 6.431891113325212, "rpe_24m_trans": 6.953849885432915, "rpe_24m_rot": 7.903628985787142, "rpe_32m_trans": 7.219285016889551, "rpe_32m_rot": 10.289724902776582, "rpe_40m_trans": 7.752801642850611, "rpe_40m_rot": 12.284638035231815, "rpe_48m_trans": 7.609927512578962, "rpe_48m_rot": 14.549995241451812}