{"rmse": 6.3975713303529576, "mean": 6.388468707816416, "median": 6.49530982583801, "std": 0.341154651447941, "min": 5.476010640527094, "max": 6.9414608426098345, "sse": 120535.66623987985}