{"rmse": 2.3202924104146176, "mean": 2.307734204390964, "median": 2.3430969485594684, "std": 0.2410803013762832, "min": 1.8222646922153514, "max": 2.8459783183920107, "sse": 4156.260303506966}