{"ape_trans": 0.3166133481095646, "ape_rot_deg": 1.380845929707527, "rpe_8m_trans": 0.18697523699585444, "rpe_8m_rot": 1.0531785158071083, "rpe_16m_trans": 0.3112333263397194, "rpe_16m_rot": 1.3633127817152773, "rpe_24m_trans": 0.4097371661998992, "rpe_24m_rot": 1.4825439365902218, "rpe_32m_trans": 0.4683348517036311, "rpe_32m_rot": 1.6430405186620594, "rpe_40m_trans": 0.5969401194570394, "rpe_40m_rot": 2.092128379479398, "rpe_48m_trans": 0.7432735783026003, "rpe_48m_rot": 2.2889702597845942}