{"ape_trans": 1.56870742704065, "ape_rot_deg": 115.54823655248177, "rpe_8m_trans": 1.382260554132934, "rpe_8m_rot": 0.6971669338726756, "rpe_16m_trans": 2.822218589736904, "rpe_16m_rot": 0.7267319733363179, "rpe_24m_trans": 3.838247073812105, "rpe_24m_rot": 0.7843590448702621, "rpe_32m_trans": 3.860516402482077, "rpe_32m_rot": 0.7454438811286095, "rpe_40m_trans": 3.8809553950024656, "rpe_40m_rot": 0.6953308779980653, "rpe_48m_trans": NaN, "rpe_48m_rot": NaN}