{"rmse": 0.32813632422026956, "mean": 0.31583034495270085, "median": 0.34166034098481035, "std": 0.08902044978457407, "min": 0.05211836689209318, "max": 0.633349971118772, "sse": 323.0203418183696}