{"ape_trans": 0.12329000625900745, "ape_rot_deg": 1.4259798339056444, "rpe_8m_trans": 0.04879563821698286, "rpe_8m_rot": 0.7772319969920048, "rpe_16m_trans": 0.07543389743939287, "rpe_16m_rot": 1.0839655741944958, "rpe_24m_trans": 0.09401087268283258, "rpe_24m_rot": 1.278357215162328, "rpe_32m_trans": 0.11424917318519223, "rpe_32m_rot": 1.3506738592720964, "rpe_40m_trans": 0.1330807226929605, "rpe_40m_rot": 1.484064686435095, "rpe_48m_trans": 0.14577167652220924, "rpe_48m_rot": 1.631751645088128}