{"ape_trans": 0.3657880293061441, "ape_rot_deg": 1.1026163858489508, "rpe_8m_trans": 0.295445377157961, "rpe_8m_rot": 0.4392490047511452, "rpe_16m_trans": 0.4109689183344358, "rpe_16m_rot": 0.6109977324519413, "rpe_24m_trans": 0.4218041034432873, "rpe_24m_rot": 0.7183576672199983, "rpe_32m_trans": 0.4632678559163238, "rpe_32m_rot": 0.8065021209257212, "rpe_40m_trans": 0.5855487425281569, "rpe_40m_rot": 0.9798527010974606, "rpe_48m_trans": 0.7371697104200364, "rpe_48m_rot": 1.1335123205857045}