{"rmse": 6.4465868241265385, "mean": 5.924901461404866, "median": 5.311129934687951, "std": 2.540477190144477, "min": 0.9891144743152027, "max": 11.428158291048156, "sse": 50036.41194392627}