{"std": 0.17294081197818456, "rmse": 0.9039221777964364, "sse": 663.4651464519488, "max": 1.2924157549122524, "min": 0.5368047513947428, "median": 0.8695535759562334, "mean": 0.887224198872291}