{"rmse_8m_trans": 0.06689476042416594, "rmse_8m_rot": 0.8070118266266088, "rmse_16m_trans": 0.09052586695136061, "rmse_16m_rot": 0.9962456821257174, "rmse_24m_trans": 0.1107957054040885, "rmse_24m_rot": 1.1531023642653853, "rmse_32m_trans": 0.13392020009791922, "rmse_32m_rot": 1.2907044522505613, "rmse_40m_trans": 0.16122166905153656, "rmse_40m_rot": 1.4443687540942063, "rmse_48m_trans": 0.19569895139454357, "rmse_48m_rot": 1.5896007422526306}