{"ape_trans": 0.07429303355724262, "ape_rot_deg": 1.351060173820701, "rpe_8m_trans": 0.0412474372449167, "rpe_8m_rot": 0.7325224792973319, "rpe_16m_trans": 0.0586679787516332, "rpe_16m_rot": 0.9843697403815642, "rpe_24m_trans": 0.07157943775408422, "rpe_24m_rot": 1.154737219258877, "rpe_32m_trans": 0.08194342297066384, "rpe_32m_rot": 1.206875149377259, "rpe_40m_trans": 0.09385794470737077, "rpe_40m_rot": 1.3335422388337108, "rpe_48m_trans": 0.10013700108082874, "rpe_48m_rot": 1.485571410468163}