{"ape_trans": 133.69642731532343, "ape_rot_deg": 170.09037445852084, "rpe_8m_trans": 2.4809893586310445, "rpe_8m_rot": 2.052708217526189, "rpe_16m_trans": 3.75400823621928, "rpe_16m_rot": 2.0158264083479027, "rpe_24m_trans": 3.8084286441886133, "rpe_24m_rot": 2.1227790019969404, "rpe_32m_trans": 4.23566672597127, "rpe_32m_rot": 2.2138034733060965, "rpe_40m_trans": 5.5102087032245075, "rpe_40m_rot": 2.275937907649373, "rpe_48m_trans": 7.052936746040356, "rpe_48m_rot": 2.382692849372806}