{"rmse": 0.48398418032089136, "mean": 0.45147072304335994, "median": 0.4649759539553847, "std": 0.1743986038808533, "min": 0.020511945539217185, "max": 0.819401805684722, "sse": 327.2342394608364}