{"ape_trans": 0.4900020082984572, "ape_rot_deg": 14.968768826103966, "rpe_8m_trans": 0.16899801282048, "rpe_8m_rot": 1.4240173680173784, "rpe_16m_trans": 0.25370708607373255, "rpe_16m_rot": 2.0324843494326714, "rpe_24m_trans": 0.3464630881305759, "rpe_24m_rot": 2.4625136796645832, "rpe_32m_trans": 0.45491897337537324, "rpe_32m_rot": 2.8494903378312206, "rpe_40m_trans": 0.5631980032436879, "rpe_40m_rot": 3.0526474586515207, "rpe_48m_trans": 0.687481610598116, "rpe_48m_rot": 3.2918746345267618}