{"rmse": 2.184434966324744, "mean": 2.1793919148974226, "median": 2.1571558481036854, "std": 0.14834757625904174, "min": 1.8564199655630658, "max": 2.543964235740662, "sse": 5654.531004691091}