{"rmse": 4.807653932528686, "mean": 4.657496329047998, "median": 3.9505008675353697, "std": 1.1921678908035402, "min": 2.9019403815328575, "max": 6.733054872607214, "sse": 110736.95258078637}