{"ape_trans": 0.15668441661164256, "ape_rot_deg": 1.509275530490472, "rpe_8m_trans": 0.16584706010071518, "rpe_8m_rot": 0.7310385919294612, "rpe_16m_trans": 0.2471806557698675, "rpe_16m_rot": 1.0302557856909131, "rpe_24m_trans": 0.2808650206537691, "rpe_24m_rot": 1.1987102485307772, "rpe_32m_trans": 0.3658436711840023, "rpe_32m_rot": 1.4858665277971768, "rpe_40m_trans": 0.30397753065124883, "rpe_40m_rot": 1.7111188720144823, "rpe_48m_trans": 0.35524400489653546, "rpe_48m_rot": 1.9579675760563788}