{"rmse": 2.1844537186261674, "mean": 2.1794085972800947, "median": 2.157145355689507, "std": 0.1483786201624127, "min": 1.856280407320917, "max": 2.5441276517333784, "sse": 5654.628087851334}