{"rmse": 0.3640347073291621, "mean": 0.33791031721118764, "median": 0.3659294899841734, "std": 0.1354174496232419, "min": 0.004136634564516285, "max": 0.6792414323492431, "sse": 117.81140737666334}