{"rmse": 1.6860048322276708, "mean": 1.4715999937991178, "median": 1.3187185532467143, "std": 0.8228035929342392, "min": 0.17896032451862126, "max": 3.8306411517519363, "sse": 3055.808216367186}