{"ape_trans": 0.03655218803887506, "ape_rot_deg": 0.7209269354375176, "rpe_8m_trans": 0.044078613417295825, "rpe_8m_rot": 0.7702972032152301, "rpe_16m_trans": 0.05431793639343282, "rpe_16m_rot": 0.8864425732588814, "rpe_24m_trans": 0.05689323606432061, "rpe_24m_rot": 0.9730284649549831, "rpe_32m_trans": 0.06287283878188803, "rpe_32m_rot": 0.9773319517721305, "rpe_40m_trans": 0.07097293066518441, "rpe_40m_rot": 0.8518993259355334, "rpe_48m_trans": 0.07746426086572225, "rpe_48m_rot": 0.6321058355723449}