{"ape_trans": 0.09835372126664112, "ape_rot_deg": 2.6818633878517115, "rpe_8m_trans": 0.10010914977152789, "rpe_8m_rot": 1.6126923489442362, "rpe_16m_trans": 0.12777224840390858, "rpe_16m_rot": 1.8013963574369882, "rpe_24m_trans": 0.15806861751507428, "rpe_24m_rot": 2.2698128444145547, "rpe_32m_trans": 0.180791234025421, "rpe_32m_rot": 2.7940128021145543, "rpe_40m_trans": 0.194582145458836, "rpe_40m_rot": 3.3004756810670814, "rpe_48m_trans": 0.22618931923695682, "rpe_48m_rot": 3.992039127452516}