{"rmse": 4.242885105814397, "mean": 4.211999544491494, "median": 4.12863932136679, "std": 0.5110125813960863, "min": 3.2939023209501763, "max": 5.168978213889976, "sse": 29901.444949116274}