{"rmse": 0.04363822701456264, "mean": 0.03835562162019333, "median": 0.03298645311500976, "std": 0.020812043318786916, "min": 0.0014019844782964042, "max": 0.08875324848305569, "sse": 2.016648253536}