{"rmse": 0.10845421823421857, "mean": 0.1013757035716764, "median": 0.10293951678956449, "std": 0.03853938476601702, "min": 0.019935700234392527, "max": 0.19319968769974255, "sse": 14.738183768352767}