{"rmse": 0.0889221180762913, "mean": 0.07883268266511193, "median": 0.07216749217450007, "std": 0.04114062745019396, "min": 0.01119469017301964, "max": 0.2019142282707076, "sse": 10.998836028694884}