{"ape_trans": 0.07526058760994205, "ape_rot_deg": 2.4308454431253175, "rpe_8m_trans": 0.14526357621997882, "rpe_8m_rot": 0.7958683188754875, "rpe_16m_trans": 0.12878169529522246, "rpe_16m_rot": 1.0475304747073828, "rpe_24m_trans": 0.1538464735241484, "rpe_24m_rot": 0.9753117748493846, "rpe_32m_trans": 0.16749668550606994, "rpe_32m_rot": 0.9436595780444621, "rpe_40m_trans": 0.1657838287265613, "rpe_40m_rot": 0.8691173188784761, "rpe_48m_trans": 0.16586868965134083, "rpe_48m_rot": 1.0575595526154826}