{"ape_trans": 0.4053335666011906, "ape_rot_deg": 3.612394882379365, "rpe_8m_trans": 0.3159775143141198, "rpe_8m_rot": 0.9827456459865426, "rpe_16m_trans": 0.43528437356675737, "rpe_16m_rot": 1.203969085801379, "rpe_24m_trans": 0.5290137923030291, "rpe_24m_rot": 1.4579203825341325, "rpe_32m_trans": 0.6136118946809684, "rpe_32m_rot": 1.6905200535368596, "rpe_40m_trans": 0.7068586145763858, "rpe_40m_rot": 2.0154560583408294, "rpe_48m_trans": 0.7998789462182473, "rpe_48m_rot": 2.267993449145247}