{"ape_trans": 0.14806390037425113, "ape_rot_deg": 9.681814448537502, "rpe_8m_trans": 0.1992410402032227, "rpe_8m_rot": 1.1860405032831003, "rpe_16m_trans": 0.3013002954358818, "rpe_16m_rot": 1.9914986459732937, "rpe_24m_trans": 0.2980204485687868, "rpe_24m_rot": 2.620833903192744, "rpe_32m_trans": 0.28480515107650717, "rpe_32m_rot": 2.916300695806399, "rpe_40m_trans": NaN, "rpe_40m_rot": NaN, "rpe_48m_trans": NaN, "rpe_48m_rot": NaN}