{"rmse": 0.32325318438927175, "mean": 0.3162169707833366, "median": 0.32101705646688283, "std": 0.06707792935396105, "min": 0.134471997663276, "max": 0.5242060800651522, "sse": 112.22507518792207}