{"std": 0.15807901646763584, "rmse": 0.21711013264220608, "sse": 67.73559553303176, "max": 0.8688666587665702, "min": 0.02155690027364827, "median": 0.09758497893935728, "mean": 0.14882148449918528}