{"ape_trans": 7.3290880212968865, "ape_rot_deg": 100.30065196224379, "rpe_8m_trans": 0.22297831163200457, "rpe_8m_rot": 1.3739945755515535, "rpe_16m_trans": 3.6194685534736544, "rpe_16m_rot": 4.935642158407504, "rpe_24m_trans": 9.252936100213663, "rpe_24m_rot": 12.206107084863453, "rpe_32m_trans": 12.885620685576617, "rpe_32m_rot": 17.448271574642142, "rpe_40m_trans": 15.004080291004376, "rpe_40m_rot": 20.820485186743007, "rpe_48m_trans": 14.974481047951537, "rpe_48m_rot": 21.164198169786566}