{"rmse": 16.506311114108694, "mean": 11.827192951781983, "median": 6.915574781084268, "std": 11.51415708929954, "min": 5.532238674030169, "max": 93.92775654554364, "sse": 341390.25816447247}