{"rmse": 0.1470031411574793, "mean": 0.13462494885385123, "median": 0.12411883238719079, "std": 0.059042752783586665, "min": 0.03183421386592947, "max": 0.2531852053535616, "sse": 21.350604428043795}