{"ape_trans": 0.06008130829065167, "ape_rot_deg": 1.1282641205103279, "rpe_8m_trans": 0.07769719532952335, "rpe_8m_rot": 0.7757942646596446, "rpe_16m_trans": 0.09187504034817197, "rpe_16m_rot": 1.0133387328635386, "rpe_24m_trans": 0.09891943414765073, "rpe_24m_rot": 1.238191565340319, "rpe_32m_trans": 0.10094645044688727, "rpe_32m_rot": 1.4896675371785397, "rpe_40m_trans": 0.09453537988488898, "rpe_40m_rot": 1.6958753864556313, "rpe_48m_trans": 0.08942045400559523, "rpe_48m_rot": 1.8285197268188278}