{"std": 0.40704124883754816, "rmse": 1.2541287326965784, "sse": 473.4245023307128, "max": 2.254479633745158, "min": 0.4607780263053054, "median": 1.1516462960638127, "mean": 1.186236190612938}