{"ape_trans": 10.869341060478696, "ape_rot_deg": 41.73853384934904, "rpe_8m_trans": 1.221338360682599, "rpe_8m_rot": 7.513778434210545, "rpe_16m_trans": 1.6973378465160247, "rpe_16m_rot": 14.196728508594138, "rpe_24m_trans": 3.1638948281168213, "rpe_24m_rot": 19.834344523779556, "rpe_32m_trans": 30.861450011886987, "rpe_32m_rot": 100.8496883989396, "rpe_40m_trans": 32.630226134354935, "rpe_40m_rot": 107.9511396521432, "rpe_48m_trans": 32.54511962546603, "rpe_48m_rot": 115.17702960282227}