{"rmse": 0.3021333960437457, "mean": 0.2969457743292547, "median": 0.28843195332551563, "std": 0.05574761082706762, "min": 0.20742988496972095, "max": 0.490522989112716, "sse": 48.106978405596465}