{"rmse": 8.57809143302495, "mean": 8.30265313218094, "median": 7.02565566441267, "std": 2.1562939502818423, "min": 5.972840028759027, "max": 12.115526849319108, "sse": 352833.61437684635}