{"ape_trans": 3.36093074292789, "ape_rot_deg": 9.24148462905514, "rpe_8m_trans": 1.0444759186113477, "rpe_8m_rot": 0.9524450614952354, "rpe_16m_trans": 3.3428686148276023, "rpe_16m_rot": 2.4210850777769437, "rpe_24m_trans": 4.3051337323682946, "rpe_24m_rot": 3.112924227258179, "rpe_32m_trans": 5.263045074351471, "rpe_32m_rot": 3.8092190843976987, "rpe_40m_trans": 6.456693740269078, "rpe_40m_rot": 4.684998356681815, "rpe_48m_trans": 6.7185199357489, "rpe_48m_rot": 4.921197435662302}