{"ape_trans": 0.6043395131261325, "ape_rot_deg": 7.45977399295883, "rpe_8m_trans": 1.0913384750937145, "rpe_8m_rot": 3.2703578148215215, "rpe_16m_trans": 1.160484327601365, "rpe_16m_rot": 3.853228804130734, "rpe_24m_trans": 1.7935764151984797, "rpe_24m_rot": 5.630495644487221, "rpe_32m_trans": NaN, "rpe_32m_rot": NaN, "rpe_40m_trans": NaN, "rpe_40m_rot": NaN, "rpe_48m_trans": NaN, "rpe_48m_rot": NaN}