{"rmse": 0.29588578880449856, "mean": 0.290908581927729, "median": 0.29766886500608025, "std": 0.054042547842029935, "min": 0.15379212398786501, "max": 0.42556008135139434, "sse": 90.34994881698707}