{"std": 0.04939568223539761, "rmse": 0.11517859862443601, "sse": 18.40009398897035, "max": 0.24342556775440202, "min": 0.01718265186651572, "median": 0.09304337215385221, "mean": 0.10404891233255904}