{"rmse": 0.36156099999112656, "mean": 0.34536268331514314, "median": 0.3920865712217544, "std": 0.10700922244343031, "min": 0.10552126972241391, "max": 0.5034847641168704, "sse": 128.50400865043548}