{"ape_trans": 0.3233493022424349, "ape_rot_deg": 9.088352210749797, "rpe_8m_trans": 0.3777954035151645, "rpe_8m_rot": 1.5032152308190965, "rpe_16m_trans": 0.5948272247844936, "rpe_16m_rot": 2.6426156452452307, "rpe_24m_trans": 0.6354476950195806, "rpe_24m_rot": 3.4213702928991543, "rpe_32m_trans": 0.6213476047749791, "rpe_32m_rot": 3.8008485990461724, "rpe_40m_trans": NaN, "rpe_40m_rot": NaN, "rpe_48m_trans": NaN, "rpe_48m_rot": NaN}