{"ape_trans": 0.26812570466120556, "ape_rot_deg": 3.5573815167185625, "rpe_8m_trans": 0.1754681733033692, "rpe_8m_rot": 1.9826285411481195, "rpe_16m_trans": 0.27291827364923005, "rpe_16m_rot": 2.7133085609945686, "rpe_24m_trans": 0.37930186767770036, "rpe_24m_rot": 3.622077066239192, "rpe_32m_trans": 0.4421903058433201, "rpe_32m_rot": 4.3719064977083635, "rpe_40m_trans": 0.46591072147790585, "rpe_40m_rot": 4.998410739010929, "rpe_48m_trans": 0.5262375458142275, "rpe_48m_rot": 6.151235481267416}