{"rmse": 0.14944828064840307, "mean": 0.131731477835851, "median": 0.1177843672576172, "std": 0.07058049543568354, "min": 0.016854167630448003, "max": 0.2873116728482164, "sse": 22.178445068642496}