{"rmse": 1.6880349258573413, "mean": 1.6828084838265267, "median": 1.676852731855618, "std": 0.13273099741833685, "min": 1.4025942817974915, "max": 1.98660275736727, "sse": 5767.31090769034}