{"ape_trans": 1.6732980153435635, "ape_rot_deg": 20.65904725026216, "rpe_8m_trans": 1.2748604727119464, "rpe_8m_rot": 1.1391366832640255, "rpe_16m_trans": 1.777068066222605, "rpe_16m_rot": 1.6690488345477632, "rpe_24m_trans": 2.1482887593720084, "rpe_24m_rot": 2.1904608529621807, "rpe_32m_trans": 2.5063962780858375, "rpe_32m_rot": 2.71935302614297, "rpe_40m_trans": 2.8989316211906906, "rpe_40m_rot": 3.306788640844393, "rpe_48m_trans": 3.315337415791974, "rpe_48m_rot": 3.936912288892571}