{"std": 1.251643270017724, "rmse": 2.358703254966151, "sse": 2514.693432334538, "max": 5.587770749370672, "min": 0.3595431035982192, "median": 1.886652289642626, "mean": 1.9992173892819298}