{"ape_trans": 0.3231458325731636, "ape_rot_deg": 0.9987081544189265, "rpe_8m_trans": 0.21619877168190293, "rpe_8m_rot": 0.6420411283625429, "rpe_16m_trans": 0.34223405251706257, "rpe_16m_rot": 0.7852219936640897, "rpe_24m_trans": 0.3909513055811309, "rpe_24m_rot": 0.9541225887150833, "rpe_32m_trans": 0.4452393132249222, "rpe_32m_rot": 1.072760637039257, "rpe_40m_trans": 0.5651686047277167, "rpe_40m_rot": 1.279708071715283, "rpe_48m_trans": 0.7315422718900882, "rpe_48m_rot": 1.4202869380091452}