{"rmse": 11.731837856750547, "mean": 11.51757728318059, "median": 11.685965933725262, "std": 2.23191241383879, "min": 2.1562878864752753, "max": 17.01755905659166, "sse": 231503.78479409742}