{"ape_trans": 0.15984517838862888, "ape_rot_deg": 1.9836508762787044, "rpe_8m_trans": 0.12332865415263877, "rpe_8m_rot": 0.46810986367129126, "rpe_16m_trans": 0.223204211337538, "rpe_16m_rot": 0.49290984118965053, "rpe_24m_trans": 0.2442671172520487, "rpe_24m_rot": 0.5668896418457147, "rpe_32m_trans": 0.3011293513200379, "rpe_32m_rot": 0.7606834103999149, "rpe_40m_trans": 0.34068681940861295, "rpe_40m_rot": 0.8067768639598418, "rpe_48m_trans": 0.39392506964428653, "rpe_48m_rot": 0.8482481869179361}