{"ape_trans": 1.2919194778823826, "ape_rot_deg": 19.96293627739941, "rpe_8m_trans": 1.1240928778391766, "rpe_8m_rot": 2.7497758691291834, "rpe_16m_trans": 1.7752575377011124, "rpe_16m_rot": 4.2245626094412545, "rpe_24m_trans": 2.30734467672543, "rpe_24m_rot": 5.617747625712274, "rpe_32m_trans": 2.4785895422032294, "rpe_32m_rot": 6.332848460499697, "rpe_40m_trans": 2.5707865270968018, "rpe_40m_rot": 6.892453914560154, "rpe_48m_trans": 2.580840360143523, "rpe_48m_rot": 7.083785618023553}