{"ape_trans": 0.08887714833900356, "ape_rot_deg": 6.336547333382234, "rpe_8m_trans": 0.315875788635351, "rpe_8m_rot": 3.6761126469699175, "rpe_16m_trans": 0.2696747175979355, "rpe_16m_rot": 3.0264374238499028, "rpe_24m_trans": 0.32063241781158197, "rpe_24m_rot": 2.925080071780774, "rpe_32m_trans": 0.28686406041281376, "rpe_32m_rot": 3.2088414822544906, "rpe_40m_trans": 0.2970967892460844, "rpe_40m_rot": 3.158006472383775, "rpe_48m_trans": 0.411670278777064, "rpe_48m_rot": 3.4465530308059495}