{"rmse": 0.19283229290416154, "mean": 0.17908890668237623, "median": 0.16082637659522464, "std": 0.07149445216230059, "min": 0.046272597132158366, "max": 0.3732952141927328, "sse": 67.52667642700425}