{"rmse": 0.4296343019589461, "mean": 0.28097910521771835, "median": 0.17144601696505102, "std": 0.32501750083772596, "min": 0.03417813696241944, "max": 1.2653739765803556, "sse": 73.46508210106084}