{"ape_trans": 1.6680263722207416, "ape_rot_deg": 15.253748437751478, "rpe_8m_trans": 1.3273008443600174, "rpe_8m_rot": 2.3308595228408713, "rpe_16m_trans": 2.481469749065134, "rpe_16m_rot": 4.110804601433977, "rpe_24m_trans": 3.2516233318457033, "rpe_24m_rot": 5.470114035572308, "rpe_32m_trans": 3.4458669089562295, "rpe_32m_rot": 5.8134437502119365, "rpe_40m_trans": 3.4813467926240143, "rpe_40m_rot": 5.798291454740643, "rpe_48m_trans": 3.449568475845003, "rpe_48m_rot": 5.762964376869547}