{"ape_trans": 0.18247718255513568, "ape_rot_deg": 1.5053581000092822, "rpe_8m_trans": 0.1656153414888656, "rpe_8m_rot": 0.7352459325365202, "rpe_16m_trans": 0.2592388612119766, "rpe_16m_rot": 0.9942719231716556, "rpe_24m_trans": 0.28761582707957056, "rpe_24m_rot": 1.1615110089738288, "rpe_32m_trans": 0.3756248842295357, "rpe_32m_rot": 1.4948327205651193, "rpe_40m_trans": 0.35178999902393265, "rpe_40m_rot": 1.7386607654299986, "rpe_48m_trans": 0.41127901660744404, "rpe_48m_rot": 2.0016374421338052}