{"ape_trans": 0.13606946711487783, "ape_rot_deg": 1.0472463095807618, "rpe_8m_trans": 0.09896256267192753, "rpe_8m_rot": 0.9797061774531048, "rpe_16m_trans": 0.10538565915455032, "rpe_16m_rot": 1.184453362124247, "rpe_24m_trans": 0.11505849475889063, "rpe_24m_rot": 1.3654175054814535, "rpe_32m_trans": 0.12462950038657336, "rpe_32m_rot": 1.5753779159821308, "rpe_40m_trans": 0.12604833261347914, "rpe_40m_rot": 1.7899882097220723, "rpe_48m_trans": 0.12643765223882628, "rpe_48m_rot": 1.8715395618677169}