{"rmse": 2.9664853619641955, "mean": 2.4881263307786634, "median": 2.0856502241312116, "std": 1.6153212574697802, "min": 0.4439478287169252, "max": 10.276376067070533, "sse": 8615.23465929014}