{"rmse": 0.19109017166765324, "mean": 0.14460650620393822, "median": 0.10301595797244506, "std": 0.12491762114074847, "min": 0.02839505756402055, "max": 0.5810057526050739, "sse": 54.59060329341992}