{"ape_trans": 0.2774237752674003, "ape_rot_deg": 1.0844052584978658, "rpe_8m_trans": 0.18791685655082246, "rpe_8m_rot": 0.6621183404447373, "rpe_16m_trans": 0.2775031832915407, "rpe_16m_rot": 0.7966524941225229, "rpe_24m_trans": 0.3078213979453498, "rpe_24m_rot": 1.0314297504527585, "rpe_32m_trans": 0.38754984012657406, "rpe_32m_rot": 1.1817070261128362, "rpe_40m_trans": 0.5001767013444954, "rpe_40m_rot": 1.4583075523938493, "rpe_48m_trans": 0.6710204756942423, "rpe_48m_rot": 1.5635925538876447}