{"ape_trans": 4.288852587000007, "ape_rot_deg": 34.28729156775757, "rpe_8m_trans": 0.824620772558275, "rpe_8m_rot": 0.8626047145121943, "rpe_16m_trans": 3.9468993787818434, "rpe_16m_rot": 1.5489030731693365, "rpe_24m_trans": 4.749773529408774, "rpe_24m_rot": 1.7615199614496253, "rpe_32m_trans": 5.561654376234747, "rpe_32m_rot": 2.0301921085683152, "rpe_40m_trans": 6.262373974379777, "rpe_40m_rot": 2.2977293776073178, "rpe_48m_trans": 7.000953679842726, "rpe_48m_rot": 2.5562670188072003}