{"ape_trans": 0.07278281134585247, "ape_rot_deg": 1.373351791480669, "rpe_8m_trans": 0.07130571960864157, "rpe_8m_rot": 1.2043120185572873, "rpe_16m_trans": 0.11078727049388612, "rpe_16m_rot": 1.8825823214599475, "rpe_24m_trans": 0.12956867326782023, "rpe_24m_rot": 2.3956103772384147, "rpe_32m_trans": 0.15073199998135992, "rpe_32m_rot": 2.5711274950946295, "rpe_40m_trans": 0.1493716392217337, "rpe_40m_rot": 2.566453063109144, "rpe_48m_trans": 0.1385160796184125, "rpe_48m_rot": 2.510285269068555}