{"ape_trans": 0.2771131798220404, "ape_rot_deg": 3.216583925363254, "rpe_8m_trans": 0.21252985225918888, "rpe_8m_rot": 1.763941745119423, "rpe_16m_trans": 0.31604600767544483, "rpe_16m_rot": 2.4693498044628717, "rpe_24m_trans": 0.39868362907882404, "rpe_24m_rot": 3.39318704288609, "rpe_32m_trans": 0.4347278002059421, "rpe_32m_rot": 4.090887391188837, "rpe_40m_trans": 0.43330484142674996, "rpe_40m_rot": 4.575309783695169, "rpe_48m_trans": 0.49117413233660495, "rpe_48m_rot": 5.676542606148742}