{"ape_trans": 0.10900737836797612, "ape_rot_deg": 4.705530855906941, "rpe_8m_trans": 0.053532344806701916, "rpe_8m_rot": 0.9057383312821927, "rpe_16m_trans": 0.07986713151982318, "rpe_16m_rot": 1.2350593358230368, "rpe_24m_trans": 0.10374379420821385, "rpe_24m_rot": 1.6575410251458755, "rpe_32m_trans": 0.12625209953710922, "rpe_32m_rot": 2.125887644076503, "rpe_40m_trans": 0.15200245640493396, "rpe_40m_rot": 2.6091762173634505, "rpe_48m_trans": 0.1805995317835141, "rpe_48m_rot": 3.0835572729739513}