{"rmse": 0.07561097725126728, "mean": 0.07351706380118443, "median": 0.07423347517931642, "std": 0.017670914264526143, "min": 0.014609252320487919, "max": 0.11829946952272939, "sse": 4.522162725785301}