{"rmse": 0.1248724187364861, "mean": 0.11105442970439497, "median": 0.09555121225713252, "std": 0.057096712726144916, "min": 0.008968600730737105, "max": 0.37607082090245025, "sse": 16.653453186455145}