{"ape_trans": 0.0747766502914935, "ape_rot_deg": 2.417310110649789, "rpe_8m_trans": 0.14457531378772712, "rpe_8m_rot": 0.8159604851415537, "rpe_16m_trans": 0.1282671382645583, "rpe_16m_rot": 1.0775900348944518, "rpe_24m_trans": 0.15360228114519173, "rpe_24m_rot": 1.0117149066811453, "rpe_32m_trans": 0.16612484870324692, "rpe_32m_rot": 0.9837948201645218, "rpe_40m_trans": 0.16387795852103076, "rpe_40m_rot": 0.898532738741726, "rpe_48m_trans": 0.16382576954267325, "rpe_48m_rot": 1.0981171803076668}