{"rmse": 0.47444014628064746, "mean": 0.4632674658123761, "median": 0.4534897863108933, "std": 0.10235578890605589, "min": 0.16947316589119837, "max": 1.1910357295852272, "sse": 113.89728691581789}