{"ape_trans": 0.11159058332600513, "ape_rot_deg": 2.5892253614579688, "rpe_8m_trans": 0.1052022384242987, "rpe_8m_rot": 1.5822885277129086, "rpe_16m_trans": 0.13990452929729638, "rpe_16m_rot": 1.6435920325412285, "rpe_24m_trans": 0.16852103800752286, "rpe_24m_rot": 1.939746854545786, "rpe_32m_trans": 0.20291417249757085, "rpe_32m_rot": 2.3132283427437845, "rpe_40m_trans": 0.2174493887408078, "rpe_40m_rot": 2.7058824192258526, "rpe_48m_trans": 0.24714166820539832, "rpe_48m_rot": 3.196535066438582}