{"rmse": 0.33920909908625735, "mean": 0.33218390452380064, "median": 0.33567937614422744, "std": 0.0686779912215904, "min": 0.17044661449276408, "max": 0.48336549039420007, "sse": 123.57746105772574}