{"ape_trans": 0.34697995032940177, "ape_rot_deg": 1.4882189702877706, "rpe_8m_trans": 0.2016273617928402, "rpe_8m_rot": 1.2063134156548738, "rpe_16m_trans": 0.32781037452087286, "rpe_16m_rot": 1.4986364369541587, "rpe_24m_trans": 0.4196438573852354, "rpe_24m_rot": 1.5228291590102723, "rpe_32m_trans": 0.47174498627528383, "rpe_32m_rot": 1.637931340893276, "rpe_40m_trans": 0.6214097156941653, "rpe_40m_rot": 2.008351770361015, "rpe_48m_trans": 0.8026866991933654, "rpe_48m_rot": 2.2886675532097516}