{"ape_trans": 0.23058689819070097, "ape_rot_deg": 8.279603701691475, "rpe_8m_trans": 0.10337979797342739, "rpe_8m_rot": 0.7811633169347695, "rpe_16m_trans": 0.15181627904851688, "rpe_16m_rot": 0.8955504370213464, "rpe_24m_trans": 0.19427558818826238, "rpe_24m_rot": 1.0670948694331714, "rpe_32m_trans": 0.2375947327280141, "rpe_32m_rot": 1.3007312630394443, "rpe_40m_trans": 0.2908157672231221, "rpe_40m_rot": 1.4698498595713443, "rpe_48m_trans": 0.35508730632389196, "rpe_48m_rot": 1.641521546728982}