{"rmse": 0.2249517262652057, "mean": 0.21034861840603034, "median": 0.1933854934600403, "std": 0.07972915329018784, "min": 0.05350092892010744, "max": 0.40203717421051494, "sse": 91.895554935848}