{"std": 0.6765859786938284, "rmse": 1.1522785270507903, "sse": 747.5208875970167, "max": 3.2306080814056615, "min": 0.20417203748508098, "median": 0.7824779245326968, "mean": 0.9327256924397727}