{"ape_trans": 5.678605660922344, "ape_rot_deg": 136.81718409091474, "rpe_8m_trans": 0.06856682235504548, "rpe_8m_rot": 1.2583810708990169, "rpe_16m_trans": 4.5465176216951875, "rpe_16m_rot": 2.041892694329832, "rpe_24m_trans": 7.8978688042490015, "rpe_24m_rot": 2.9736551436481053, "rpe_32m_trans": 10.960956150789134, "rpe_32m_rot": 4.031634548666055, "rpe_40m_trans": 11.922515807408141, "rpe_40m_rot": 4.636859047024675, "rpe_48m_trans": 11.931125404024693, "rpe_48m_rot": 4.745849648686546}