{"rmse_8m_trans": 0.16095087556511714, "rmse_8m_rot": 1.281388710586332, "rmse_16m_trans": 0.21942319251960393, "rmse_16m_rot": 1.729369225735099, "rmse_24m_trans": 0.23921424526634386, "rmse_24m_rot": 2.00446228725614, "rmse_32m_trans": 0.30984521767508333, "rmse_32m_rot": 2.12184178901329, "rmse_40m_trans": 0.2837830200262613, "rmse_40m_rot": 1.8386148767675818, "rmse_48m_trans": 0.31643365118786565, "rmse_48m_rot": 1.9810777220998657}