{"rmse": 0.4141104734095971, "mean": 0.4111030238631375, "median": 0.416655419833706, "std": 0.04981754668894489, "min": 0.23953456023156708, "max": 0.4945489342485016, "sse": 178.6899585233965}