{"ape_trans": 0.15788051514952567, "ape_rot_deg": 4.309246645050491, "rpe_8m_trans": 0.1309485883702997, "rpe_8m_rot": 2.2776865387881564, "rpe_16m_trans": 0.17730698963634353, "rpe_16m_rot": 2.8429226482840124, "rpe_24m_trans": 0.22665300105369007, "rpe_24m_rot": 3.7559827712978398, "rpe_32m_trans": 0.22439670184223381, "rpe_32m_rot": 4.758016546515089, "rpe_40m_trans": 0.27302432442967695, "rpe_40m_rot": 5.795629528109865, "rpe_48m_trans": 0.3396879355803306, "rpe_48m_rot": 7.035276244946183}