{"std": 0.10385539600254777, "rmse": 0.2501643223526421, "sse": 60.955051285524554, "max": 0.45295058889689566, "min": 0.02142191775091409, "median": 0.1939933846332179, "mean": 0.22758788390270387}