{"std": 1.1310800164757224, "rmse": 2.8644697922991647, "sse": 19815.527066251525, "max": 5.6189156517261925, "min": 0.19034303280443515, "median": 2.591980666100776, "mean": 2.631700056488904}