{"ape_trans": 0.08062794196874715, "ape_rot_deg": 0.720792562010303, "rpe_8m_trans": 0.04014585364555069, "rpe_8m_rot": 0.7426592110638265, "rpe_16m_trans": 0.06053080178445811, "rpe_16m_rot": 0.9302509693963511, "rpe_24m_trans": 0.0721925913897873, "rpe_24m_rot": 0.9255649355676743, "rpe_32m_trans": 0.084012738783431, "rpe_32m_rot": 0.9089291517367337, "rpe_40m_trans": 0.09665331421345227, "rpe_40m_rot": 0.8740927133755416, "rpe_48m_trans": 0.10930552805136122, "rpe_48m_rot": 0.8160502959245227}