{"rmse": 0.8606492629569331, "mean": 0.8551672815750911, "median": 0.8496033471558151, "std": 0.0969849181665949, "min": 0.4151085519738778, "max": 1.1960985823902102, "sse": 359.9885367605598}