{"ape_trans": 0.23714668994529786, "ape_rot_deg": 1.8761542430139075, "rpe_8m_trans": 0.1745918321081563, "rpe_8m_rot": 0.9056978272295121, "rpe_16m_trans": 0.2847856230093723, "rpe_16m_rot": 1.4040135595580334, "rpe_24m_trans": 0.3431179083265101, "rpe_24m_rot": 1.765478923549671, "rpe_32m_trans": 0.43406852420354336, "rpe_32m_rot": 2.304271058376604, "rpe_40m_trans": 0.4052274387282158, "rpe_40m_rot": 2.7554688908458544, "rpe_48m_trans": 0.5080603919927247, "rpe_48m_rot": 3.135371985957878}