{"ape_trans": 0.14039063031747778, "ape_rot_deg": 11.913780417510962, "rpe_8m_trans": 0.17729336069786605, "rpe_8m_rot": 0.5512476700612403, "rpe_16m_trans": 0.28616735843586494, "rpe_16m_rot": 0.6421019971947126, "rpe_24m_trans": 0.32692427155373066, "rpe_24m_rot": 0.6961004008146982, "rpe_32m_trans": 0.3263407267289552, "rpe_32m_rot": 0.6159712189579541, "rpe_40m_trans": NaN, "rpe_40m_rot": NaN, "rpe_48m_trans": NaN, "rpe_48m_rot": NaN}