{"ape_trans": 0.08628380217577375, "ape_rot_deg": 2.04023366959665, "rpe_8m_trans": 0.11450710139179965, "rpe_8m_rot": 1.7579026858943485, "rpe_16m_trans": 0.17353381835886297, "rpe_16m_rot": 2.869853020234695, "rpe_24m_trans": 0.26876451981921856, "rpe_24m_rot": 4.248652400444341, "rpe_32m_trans": 0.23085833452997814, "rpe_32m_rot": 6.254192220626262, "rpe_40m_trans": 0.1785603802186422, "rpe_40m_rot": 7.735145375838045, "rpe_48m_trans": NaN, "rpe_48m_rot": NaN}