{"rmse": 0.15276939473206858, "mean": 0.14643175947683826, "median": 0.14251517113947282, "std": 0.04354569764419874, "min": 0.0418411028409249, "max": 0.2623582071794745, "sse": 32.27712885808797}