{"ape_trans": 0.4351970439718264, "ape_rot_deg": 13.924250757455424, "rpe_8m_trans": 0.167871295073295, "rpe_8m_rot": 3.329166281777139, "rpe_16m_trans": 0.28932286767338966, "rpe_16m_rot": 5.70364160694007, "rpe_24m_trans": 0.3432544847711456, "rpe_24m_rot": 7.867697210264529, "rpe_32m_trans": 0.3990832496920659, "rpe_32m_rot": 10.28018271512546, "rpe_40m_trans": 0.4788494432844985, "rpe_40m_rot": 12.594080119457226, "rpe_48m_trans": 0.5735253983381562, "rpe_48m_rot": 14.909503457056443}