{"rmse": 0.2652816093392542, "mean": 0.23655410989230685, "median": 0.2280894488603615, "std": 0.12006866929671156, "min": 0.019347118265597853, "max": 0.5793993422149238, "sse": 92.04962658774107}