{"rmse": 0.14387890484020957, "mean": 0.13009237899965423, "median": 0.1225790729752688, "std": 0.06145821494502103, "min": 0.013923861762249677, "max": 0.29353377386329116, "sse": 22.81265546233593}