{"ape_trans": 0.19646513085313974, "ape_rot_deg": 2.336828841432392, "rpe_8m_trans": 0.16308416463300376, "rpe_8m_rot": 1.4766408947180587, "rpe_16m_trans": 0.22589583555059362, "rpe_16m_rot": 2.131775810269367, "rpe_24m_trans": 0.2547262014220389, "rpe_24m_rot": 2.869796066060104, "rpe_32m_trans": 0.31010597307637344, "rpe_32m_rot": 3.4192801377951874, "rpe_40m_trans": 0.3370669643652934, "rpe_40m_rot": 3.7277458148792353, "rpe_48m_trans": 0.38122878864103377, "rpe_48m_rot": 4.074949564177677}