{"ape_trans": 74.43858498362648, "ape_rot_deg": 164.99327498003663, "rpe_8m_trans": 0.1654692027044491, "rpe_8m_rot": 1.5853396235107273, "rpe_16m_trans": 0.17489576422619788, "rpe_16m_rot": 1.8531048128021852, "rpe_24m_trans": 0.2128423030917856, "rpe_24m_rot": 2.154019795389649, "rpe_32m_trans": 0.2427645558718152, "rpe_32m_rot": 2.408157666865965, "rpe_40m_trans": 0.29182191735580193, "rpe_40m_rot": 2.6570218675423187, "rpe_48m_trans": 0.3742177360184035, "rpe_48m_rot": 2.4690579533468666}