{"ape_trans": 0.4728380809224325, "ape_rot_deg": 46.05120113652329, "rpe_8m_trans": 0.5435054122105901, "rpe_8m_rot": 1.031433220707679, "rpe_16m_trans": 0.8793474571401558, "rpe_16m_rot": 1.3822382042878365, "rpe_24m_trans": 1.1750479536842011, "rpe_24m_rot": 1.6383267371062578, "rpe_32m_trans": 1.2241231635295433, "rpe_32m_rot": 1.7472281416721849, "rpe_40m_trans": 1.2101554290319303, "rpe_40m_rot": 1.6279509010916762, "rpe_48m_trans": NaN, "rpe_48m_rot": NaN}