{"rmse": 3.36093074292789, "mean": 3.3600052025222866, "median": 3.368570135785289, "std": 0.07887013237584374, "min": 3.130517620860975, "max": 3.7572018102939873, "sse": 21744.5217581088}