{"std": 0.33460061392350904, "rmse": 1.0239963028476795, "sse": 447.73871886092087, "max": 1.6958802642112851, "min": 0.31247621470792375, "median": 0.9194731236235096, "mean": 0.9677865763729765}