{"ape_trans": 0.5701800169903309, "ape_rot_deg": 12.309019612045041, "rpe_8m_trans": 1.1431302922369, "rpe_8m_rot": 2.1606877074213746, "rpe_16m_trans": 1.2412344011699497, "rpe_16m_rot": 2.4558313815118162, "rpe_24m_trans": 1.7682714135462125, "rpe_24m_rot": 3.4616726184776923, "rpe_32m_trans": NaN, "rpe_32m_rot": NaN, "rpe_40m_trans": NaN, "rpe_40m_rot": NaN, "rpe_48m_trans": NaN, "rpe_48m_rot": NaN}