{"rmse": 0.16965728350892736, "mean": 0.16051990775984373, "median": 0.15051327923827207, "std": 0.05492679728875344, "min": 0.020676977605164452, "max": 0.29528590443625874, "sse": 39.836493885117925}