{"ape_trans": 0.3455422987878272, "ape_rot_deg": 1.3040957903811525, "rpe_8m_trans": 0.20745010604013017, "rpe_8m_rot": 1.0307415648271208, "rpe_16m_trans": 0.33787941891501977, "rpe_16m_rot": 1.3467837087893482, "rpe_24m_trans": 0.422869995422648, "rpe_24m_rot": 1.357856621709884, "rpe_32m_trans": 0.4509571938212949, "rpe_32m_rot": 1.4214534785305697, "rpe_40m_trans": 0.5756188259887351, "rpe_40m_rot": 1.7420167190811124, "rpe_48m_trans": 0.7417714046581959, "rpe_48m_rot": 1.9100354613485444}