{"rmse": 0.2122736547547514, "mean": 0.20499524442978584, "median": 0.1929678242548027, "std": 0.05510947526616239, "min": 0.0904751886408229, "max": 0.3569147187779025, "sse": 62.363184632068126}