{"ape_trans": 0.3509176443005351, "ape_rot_deg": 1.4528756389136095, "rpe_8m_trans": 0.224062981423602, "rpe_8m_rot": 0.497213078432468, "rpe_16m_trans": 0.35053228893372246, "rpe_16m_rot": 0.5973709607054539, "rpe_24m_trans": 0.4332654954324374, "rpe_24m_rot": 0.65207648431599, "rpe_32m_trans": 0.4887216480475934, "rpe_32m_rot": 0.7365581682719801, "rpe_40m_trans": 0.5908015709815809, "rpe_40m_rot": 0.9550236593747443, "rpe_48m_trans": 0.5629519758716186, "rpe_48m_rot": 1.1104309513746151}