{"rmse": 0.18698745745388437, "mean": 0.16635797515133033, "median": 0.1444861178741941, "std": 0.08537759277830205, "min": 0.014020283186239824, "max": 0.3747753141045803, "sse": 34.68459477110767}