{"rmse": 1.3322191472028908, "mean": 1.2831094228904674, "median": 1.0986997568578707, "std": 0.35838256802429624, "min": 0.820382947032531, "max": 2.042396581855086, "sse": 1013.4152858753527}