{"rmse": 0.05881123724529535, "mean": 0.054863983844605065, "median": 0.054621515428850805, "std": 0.021182655712193642, "min": 0.005190043564561908, "max": 0.10120808256104165, "sse": 4.724668381556419}