{"ape_trans": 1.0616403333251387, "ape_rot_deg": 97.61757230240468, "rpe_8m_trans": 1.1147154798170529, "rpe_8m_rot": 0.7401995170907417, "rpe_16m_trans": 2.05449648432504, "rpe_16m_rot": 0.7847440146613183, "rpe_24m_trans": 2.7567848032672577, "rpe_24m_rot": 0.7905157214768852, "rpe_32m_trans": 2.800296044754407, "rpe_32m_rot": 0.8071997855815145, "rpe_40m_trans": 2.8280810719312948, "rpe_40m_rot": 0.6180749374936803, "rpe_48m_trans": NaN, "rpe_48m_rot": NaN}