{"std": 0.09276069083548807, "rmse": 0.21790282400537242, "sse": 86.22665952848162, "max": 0.37361570989646375, "min": 0.0034133184486153526, "median": 0.17993277712021044, "mean": 0.19717275406414372}