{"rmse": 0.23058689819070097, "mean": 0.22051974283172163, "median": 0.21435672912576403, "std": 0.06738961818143843, "min": 0.05654894033408933, "max": 0.39164607372320154, "sse": 73.69406021745125}