{"ape_trans": 0.13672980292275436, "ape_rot_deg": 2.7925476684321464, "rpe_8m_trans": 0.14934353564497266, "rpe_8m_rot": 0.815684204026681, "rpe_16m_trans": 0.1586749724269771, "rpe_16m_rot": 1.454169217358092, "rpe_24m_trans": 0.1842120351250449, "rpe_24m_rot": 2.0295945060084177, "rpe_32m_trans": 0.21844590600702857, "rpe_32m_rot": 2.6180555990111696, "rpe_40m_trans": 0.2511786773062889, "rpe_40m_rot": 3.2167560974742893, "rpe_48m_trans": 0.25188278257621927, "rpe_48m_rot": 3.8973864383260852}