{"ape_trans": 4.291688297923543, "ape_rot_deg": 34.29911333601013, "rpe_8m_trans": 0.824670330592004, "rpe_8m_rot": 0.8626086123214864, "rpe_16m_trans": 3.9494761883799154, "rpe_16m_rot": 1.5551985675827416, "rpe_24m_trans": 4.752888331553553, "rpe_24m_rot": 1.7636420904757084, "rpe_32m_trans": 5.565328081255875, "rpe_32m_rot": 2.0305821177580663, "rpe_40m_trans": 6.266504733143012, "rpe_40m_rot": 2.3000388213523637, "rpe_48m_trans": 7.0055528619002985, "rpe_48m_rot": 2.5585605583683813}