{"ape_trans": 0.2963628007446999, "ape_rot_deg": 1.5340890770004143, "rpe_8m_trans": 0.18021742270975027, "rpe_8m_rot": 0.5389857153584628, "rpe_16m_trans": 0.2129864520463827, "rpe_16m_rot": 0.7143418515047275, "rpe_24m_trans": 0.25752963418123764, "rpe_24m_rot": 0.8059875467913168, "rpe_32m_trans": 0.27885410602024746, "rpe_32m_rot": 0.8560373221402106, "rpe_40m_trans": 0.31600415681428895, "rpe_40m_rot": 1.087230136504519, "rpe_48m_trans": 0.3469495684500852, "rpe_48m_rot": 1.2112310148734502}