{"ape_trans": 0.3570117052272441, "ape_rot_deg": 1.407945608734546, "rpe_8m_trans": 0.2129804272278825, "rpe_8m_rot": 1.0871726978744596, "rpe_16m_trans": 0.34428970299636685, "rpe_16m_rot": 1.4234467527452759, "rpe_24m_trans": 0.4413827117678634, "rpe_24m_rot": 1.4620743478227223, "rpe_32m_trans": 0.4782455570208954, "rpe_32m_rot": 1.569855929570499, "rpe_40m_trans": 0.6097907238082121, "rpe_40m_rot": 1.8919670957131638, "rpe_48m_trans": 0.7759657606228592, "rpe_48m_rot": 2.107797454770256}