{"std": 0.426225412380954, "rmse": 1.2215112458441757, "sse": 684.8691831892196, "max": 2.204041401201, "min": 0.35424871494317506, "median": 1.0761664103260382, "mean": 1.1447364856439564}