{"ape_trans": 1.4730086863970038, "ape_rot_deg": 8.35414521027339, "rpe_8m_trans": 1.109273282113892, "rpe_8m_rot": 1.2311066427350754, "rpe_16m_trans": 1.6069148540303466, "rpe_16m_rot": 1.7007896388415913, "rpe_24m_trans": 2.029080375239454, "rpe_24m_rot": 2.098060539161113, "rpe_32m_trans": 2.45071376348652, "rpe_32m_rot": 2.5842406385496575, "rpe_40m_trans": 2.905291941030139, "rpe_40m_rot": 3.073615481333994, "rpe_48m_trans": 2.918339192866745, "rpe_48m_rot": 3.1592580307914284}