{"rmse": 2.183816063163664, "mean": 2.17877031839282, "median": 2.15651880295179, "std": 0.14836609256192046, "min": 1.8556093847207775, "max": 2.543519866132997, "sse": 5651.327328311998}