{"ape_trans": 0.24349185860803793, "ape_rot_deg": 4.15869504510701, "rpe_8m_trans": 0.16071873411896873, "rpe_8m_rot": 1.3027521523933843, "rpe_16m_trans": 0.29028070932302774, "rpe_16m_rot": 2.1416650132755337, "rpe_24m_trans": 0.4136821574602374, "rpe_24m_rot": 3.0621100255302385, "rpe_32m_trans": 0.49916401743896127, "rpe_32m_rot": 4.279160660903216, "rpe_40m_trans": 0.4761774499863553, "rpe_40m_rot": 5.173307265759385, "rpe_48m_trans": 0.5295961273560608, "rpe_48m_rot": 6.140066367406923}