{"rmse": 0.28149787343011257, "mean": 0.2596466582833674, "median": 0.25086785726362143, "std": 0.10874127821556963, "min": 0.0443699139548097, "max": 0.5026644383677675, "sse": 69.81136746894026}