{"rmse": 124.69809335017963, "mean": 118.56120198830413, "median": 90.91076784898009, "std": 38.637493037963246, "min": 88.72911057915591, "max": 172.50487998733723, "sse": 83765773.2316114}