{"rmse": 0.19497774058654802, "mean": 0.174493942953369, "median": 0.1726874991993032, "std": 0.08699530560220828, "min": 0.011228772562619331, "max": 0.33673034915497896, "sse": 47.71048075191519}