{"ape_trans": 0.10658797441897302, "ape_rot_deg": 3.1856719720620097, "rpe_8m_trans": 0.1293476404307975, "rpe_8m_rot": 2.45713631926586, "rpe_16m_trans": 0.20467307108438917, "rpe_16m_rot": 3.9581241004112195, "rpe_24m_trans": 0.30713808606887855, "rpe_24m_rot": 5.850652132980012, "rpe_32m_trans": 0.30632058471806156, "rpe_32m_rot": 9.138296853049113, "rpe_40m_trans": NaN, "rpe_40m_rot": NaN, "rpe_48m_trans": NaN, "rpe_48m_rot": NaN}