{"std": 0.5437978110968796, "rmse": 1.4727334326693822, "sse": 880.5911680630695, "max": 2.8420309063998093, "min": 0.07893918702864625, "median": 1.3002424013938159, "mean": 1.368659089893602}