{"ape_trans": 86.28711452509269, "ape_rot_deg": 162.30658031221333, "rpe_8m_trans": 0.059688545302265014, "rpe_8m_rot": 1.7461024410640944, "rpe_16m_trans": 0.06623553791704119, "rpe_16m_rot": 1.7016035122857072, "rpe_24m_trans": 0.08620878604249278, "rpe_24m_rot": 1.843590899598101, "rpe_32m_trans": 0.10774740904269231, "rpe_32m_rot": 2.1017211019924047, "rpe_40m_trans": 0.13472540450182413, "rpe_40m_rot": 2.468789581243572, "rpe_48m_trans": 0.15127589426074844, "rpe_48m_rot": 2.8794085786850188}