{"ape_trans": 0.8377777097360988, "ape_rot_deg": 150.60109518632987, "rpe_8m_trans": 0.9815378615796155, "rpe_8m_rot": 1.7384978386051548, "rpe_16m_trans": 1.7432220727111123, "rpe_16m_rot": 2.947195177851247, "rpe_24m_trans": 2.3788951919103147, "rpe_24m_rot": 3.997113857720452, "rpe_32m_trans": 2.385354249481264, "rpe_32m_rot": 4.048566063322041, "rpe_40m_trans": 2.388268551984686, "rpe_40m_rot": 4.118196332051111, "rpe_48m_trans": NaN, "rpe_48m_rot": NaN}