{"rmse": 0.9034748685159439, "mean": 0.8867798212823907, "median": 0.8690877973719957, "std": 0.17288258040147766, "min": 0.5364852975674013, "max": 1.2918120484720481, "sse": 662.8086724884006}