{"rmse": 0.3470772098714283, "mean": 0.33072672420324606, "median": 0.37766668458019514, "std": 0.10527309015092841, "min": 0.1139334040573863, "max": 0.4835325024329019, "sse": 117.57148746144424}