{"rmse": 1.3987922340263304, "mean": 1.383857386167949, "median": 1.4158524797509258, "std": 0.20385889414196282, "min": 0.9699541230778659, "max": 1.7251132840938026, "sse": 1031.1385892634403}