{"rmse": 0.08131556246110996, "mean": 0.07583895499535515, "median": 0.07793377487063499, "std": 0.029337239194906724, "min": 0.013301200023720417, "max": 0.14690952692852094, "sse": 6.982505057475209}