{"rmse": 2.18608794738622, "mean": 2.181045123547366, "median": 2.158791079873157, "std": 0.14840041360303113, "min": 1.8580377951087987, "max": 2.54568213399188, "sse": 5663.091908743145}