{"rmse": 0.23152962969746446, "mean": 0.2193893381556646, "median": 0.20920332083973744, "std": 0.07398842971346563, "min": 0.014003083446863506, "max": 0.4023654808574927, "sse": 74.35147959642103}