{"rmse_8m_trans": 0.18772500032822442, "rmse_8m_rot": 1.645545981271671, "rmse_16m_trans": 0.25602668160567293, "rmse_16m_rot": 1.7622263810200713, "rmse_24m_trans": 0.2977392166012886, "rmse_24m_rot": 2.041826224733969, "rmse_32m_trans": 0.3451512521629225, "rmse_32m_rot": 2.318305578038181, "rmse_40m_trans": 0.37285303156207455, "rmse_40m_rot": 2.398324512149876, "rmse_48m_trans": 0.4549767149927133, "rmse_48m_rot": 2.780793379391558}