{"ape_trans": 0.42956993031169016, "ape_rot_deg": 11.862738424335035, "rpe_8m_trans": 0.8752666133573884, "rpe_8m_rot": 1.5339325284278484, "rpe_16m_trans": 0.9531383182388184, "rpe_16m_rot": 1.7049321679353089, "rpe_24m_trans": 1.358176128911894, "rpe_24m_rot": 1.7530607554077735, "rpe_32m_trans": NaN, "rpe_32m_rot": NaN, "rpe_40m_trans": NaN, "rpe_40m_rot": NaN, "rpe_48m_trans": NaN, "rpe_48m_rot": NaN}