{"rmse": 0.13980351530183402, "mean": 0.12713471608375754, "median": 0.12363225455582388, "std": 0.05815313282233816, "min": 0.02529247703375573, "max": 0.26784196786983405, "sse": 18.391866540195885}