{"ape_trans": 1.4726015563461692, "ape_rot_deg": 8.35158702841092, "rpe_8m_trans": 1.1089677221214131, "rpe_8m_rot": 1.230993414512774, "rpe_16m_trans": 1.6064695025120985, "rpe_16m_rot": 1.7007336916827733, "rpe_24m_trans": 2.02853129206918, "rpe_24m_rot": 2.098314010590081, "rpe_32m_trans": 2.4500416251286214, "rpe_32m_rot": 2.5843659340430047, "rpe_40m_trans": 2.9045159633258026, "rpe_40m_rot": 3.07338939000946, "rpe_48m_trans": 2.9175171660700614, "rpe_48m_rot": 3.1593662746388684}