{"rmse": 0.309361423937682, "mean": 0.2913275642544309, "median": 0.28590136900578056, "std": 0.10408045410321104, "min": 0.0798334669619646, "max": 0.48937011884491044, "sse": 180.88148727321789}