{"rmse": 0.23510360457356308, "mean": 0.20294657235343921, "median": 0.17192519162177905, "std": 0.11868611398757889, "min": 0.046002062468210154, "max": 0.591982576558863, "sse": 69.92123667760512}