{"rmse": 8.717328337283933, "mean": 8.710964815759425, "median": 8.797191247661289, "std": 0.33302450152320434, "min": 7.796944939672513, "max": 9.332922581891234, "sse": 148563.99507972627}