{"ape_trans": 9.112917242310228, "ape_rot_deg": 176.62257837892204, "rpe_8m_trans": 0.0487496465285186, "rpe_8m_rot": 1.205431933310489, "rpe_16m_trans": 1.1322212571786783, "rpe_16m_rot": 2.212562730894862, "rpe_24m_trans": 8.091834786417632, "rpe_24m_rot": 12.04659879163598, "rpe_32m_trans": 10.160035686026546, "rpe_32m_rot": 14.400859290671525, "rpe_40m_trans": 11.544232850390475, "rpe_40m_rot": 16.463305357751373, "rpe_48m_trans": 13.499275275868165, "rpe_48m_rot": 19.026337266607552}