{"rmse": 8.493471670014703, "mean": 8.21017785099462, "median": 7.3088805888377735, "std": 2.175325415743516, "min": 4.633680987677763, "max": 12.877296639557258, "sse": 345906.79753979656}