{"std": 0.03249479756663054, "rmse": 0.0751954288913505, "sse": 7.865204363880423, "max": 0.15576231362851703, "min": 0.0076850648842760275, "median": 0.06526637882366675, "mean": 0.06781180322965798}