{"ape_trans": 0.2771000081974995, "ape_rot_deg": 3.2168776331712587, "rpe_8m_trans": 0.21252533863570658, "rpe_8m_rot": 1.7641690613534546, "rpe_16m_trans": 0.3160529458350211, "rpe_16m_rot": 2.4695865956845267, "rpe_24m_trans": 0.39871222128733763, "rpe_24m_rot": 3.3935112038792052, "rpe_32m_trans": 0.4347555811697089, "rpe_32m_rot": 4.091242878149432, "rpe_40m_trans": 0.4333313510458712, "rpe_40m_rot": 4.5758231139311265, "rpe_48m_trans": 0.4911757888033781, "rpe_48m_rot": 5.677040882085187}