{"rmse": 0.3024545967043039, "mean": 0.29608039761280647, "median": 0.29761987429687065, "std": 0.06176715322083015, "min": 0.12493918041990962, "max": 0.4293161956111994, "sse": 98.24821301456278}