{"ape_trans": 0.0916636303481251, "ape_rot_deg": 1.9798839680090026, "rpe_8m_trans": 0.12534231086480302, "rpe_8m_rot": 1.7457418149557384, "rpe_16m_trans": 0.18399787689170377, "rpe_16m_rot": 2.8320958092178263, "rpe_24m_trans": 0.2842021803908853, "rpe_24m_rot": 4.152702659004657, "rpe_32m_trans": 0.24265389237798837, "rpe_32m_rot": 6.141199262155376, "rpe_40m_trans": NaN, "rpe_40m_rot": NaN, "rpe_48m_trans": NaN, "rpe_48m_rot": NaN}