{"ape_trans": 0.06614736167486933, "ape_rot_deg": 2.6222810065618973, "rpe_8m_trans": 0.03322373559568516, "rpe_8m_rot": 0.7982393155058082, "rpe_16m_trans": 0.044582265325022345, "rpe_16m_rot": 0.9316276718504165, "rpe_24m_trans": 0.0566672059418601, "rpe_24m_rot": 1.0433437617580843, "rpe_32m_trans": 0.06906867021968616, "rpe_32m_rot": 1.2110378772450912, "rpe_40m_trans": 0.08033042657074183, "rpe_40m_rot": 1.3390287290494, "rpe_48m_trans": 0.09421478916516757, "rpe_48m_rot": 1.4385936496181255}