{"rmse": 14008520.780994825, "mean": 13784748.246770525, "median": 12678186.463394588, "std": 2493866.525041141, "min": 9527149.157415688, "max": 20725345.291518036, "sse": 1.2223705787033713e+18}