{"ape_trans": 0.7380730010814566, "ape_rot_deg": 24.1526865184416, "rpe_8m_trans": 0.6533444579436214, "rpe_8m_rot": 1.9018993835040465, "rpe_16m_trans": 1.0969660530213339, "rpe_16m_rot": 3.0867962911432687, "rpe_24m_trans": 1.51235858508355, "rpe_24m_rot": 4.269321362801083, "rpe_32m_trans": 1.6251113991495962, "rpe_32m_rot": 4.506097355866229, "rpe_40m_trans": 1.642586971082157, "rpe_40m_rot": 5.000372030335356, "rpe_48m_trans": 1.6443843476641882, "rpe_48m_rot": 5.304446639411861}