{"ape_trans": 4.265541167049254, "ape_rot_deg": 24.50685185148196, "rpe_8m_trans": 2.7646575836613017, "rpe_8m_rot": 5.04981207652014, "rpe_16m_trans": 4.580977140969548, "rpe_16m_rot": 8.300397192311367, "rpe_24m_trans": 5.8346827302738085, "rpe_24m_rot": 10.94119068625011, "rpe_32m_trans": 6.38593089735361, "rpe_32m_rot": 12.70383790451874, "rpe_40m_trans": 6.974995222074494, "rpe_40m_rot": 15.262865247281724, "rpe_48m_trans": 7.568580789741039, "rpe_48m_rot": 18.351244484424694}