{"ape_trans": 0.29519235753159456, "ape_rot_deg": 2.868136271546587, "rpe_8m_trans": 0.2859318969992097, "rpe_8m_rot": 1.7229193960992326, "rpe_16m_trans": 0.42379200855466514, "rpe_16m_rot": 2.299189308936119, "rpe_24m_trans": 0.5127355271841209, "rpe_24m_rot": 2.3739409060444396, "rpe_32m_trans": 0.613482617763504, "rpe_32m_rot": 2.4662048574754682, "rpe_40m_trans": 0.6426111814490681, "rpe_40m_rot": 3.0312434002041946, "rpe_48m_trans": 0.5924862416287072, "rpe_48m_rot": 3.4103359976024015}