{"rmse": 16.498948548406382, "mean": 11.826984055851401, "median": 6.915758976572473, "std": 11.503814643221515, "min": 5.527239858010111, "max": 93.8453617456015, "sse": 341085.77491331013}