{"std": 0.09877876558718529, "rmse": 0.23851511690215835, "sse": 103.31126115938409, "max": 0.38461413570756897, "min": 0.018306845417606566, "median": 0.2020340907819746, "mean": 0.21709955426007252}