{"ape_trans": 0.47590718749743144, "ape_rot_deg": 22.066778193784252, "rpe_8m_trans": 0.571877546484602, "rpe_8m_rot": 0.5806899484630468, "rpe_16m_trans": 0.8864435665022351, "rpe_16m_rot": 0.7283592738003613, "rpe_24m_trans": 1.003733130611084, "rpe_24m_rot": 0.7991429998793345, "rpe_32m_trans": 0.9916104628274346, "rpe_32m_rot": 0.7560585320399227, "rpe_40m_trans": NaN, "rpe_40m_rot": NaN, "rpe_48m_trans": NaN, "rpe_48m_rot": NaN}