{"std": 0.09440290241119187, "rmse": 0.1950731227543022, "sse": 49.77400837321849, "max": 0.4482282429256951, "min": 0.025083052904599855, "median": 0.15493717324162623, "mean": 0.17070915393574546}