{"ape_trans": 6.631974369315313, "ape_rot_deg": 34.7882021135676, "rpe_8m_trans": 2.9964876661379547, "rpe_8m_rot": 4.254059722583008, "rpe_16m_trans": 5.687211114527109, "rpe_16m_rot": 5.283444404579939, "rpe_24m_trans": 7.662860538918391, "rpe_24m_rot": 6.744277377090762, "rpe_32m_trans": 9.576994672718131, "rpe_32m_rot": 6.658474329406812, "rpe_40m_trans": 11.60333217426261, "rpe_40m_rot": 6.987463448304425, "rpe_48m_trans": 13.08915130531087, "rpe_48m_rot": 7.8546985366877555}