{"ape_trans": 23.200141975329302, "ape_rot_deg": 15.457560393069745, "rpe_8m_trans": 0.05041605435272118, "rpe_8m_rot": 1.4860199492128217, "rpe_16m_trans": 0.0599966720293789, "rpe_16m_rot": 1.429006690204362, "rpe_24m_trans": 0.07466812470654743, "rpe_24m_rot": 1.2448337219150274, "rpe_32m_trans": 0.0955886512514628, "rpe_32m_rot": 0.9825817815253673, "rpe_40m_trans": 0.07027658142855121, "rpe_40m_rot": 1.1097282085912465, "rpe_48m_trans": 45.478888567848045, "rpe_48m_rot": 29.15823008486675}