{"rmse": 0.12494113899632296, "mean": 0.09618884552490561, "median": 0.06782538792406664, "std": 0.07973703161194517, "min": 0.019975268610045182, "max": 0.4734809464053911, "sse": 22.619307621649117}