{"ape_trans": 0.1494432892049671, "ape_rot_deg": 0.9814778721687095, "rpe_8m_trans": 0.18756219440049485, "rpe_8m_rot": 0.7806403696884531, "rpe_16m_trans": 0.2406331241688657, "rpe_16m_rot": 1.1284274274856732, "rpe_24m_trans": 0.30879761149024637, "rpe_24m_rot": 1.6346205439670332, "rpe_32m_trans": 0.2800051263383089, "rpe_32m_rot": 2.0498152610809477, "rpe_40m_trans": 0.4409966471322062, "rpe_40m_rot": 2.7464443408567716, "rpe_48m_trans": NaN, "rpe_48m_rot": NaN}