{"std": 0.413971723888674, "rmse": 1.1597248732334178, "sse": 614.6475341894941, "max": 1.854095422480893, "min": 0.16657179432153363, "median": 1.1925156887411463, "mean": 1.0833232174272396}