{"ape_trans": 1.3756940058494123, "ape_rot_deg": 21.530576047790923, "rpe_8m_trans": 1.1775578338256694, "rpe_8m_rot": 1.9808636319346282, "rpe_16m_trans": 2.1725091509078798, "rpe_16m_rot": 3.3891798695023283, "rpe_24m_trans": 2.7537326197710703, "rpe_24m_rot": 4.274996703836896, "rpe_32m_trans": 2.967587114770935, "rpe_32m_rot": 4.69589274851376, "rpe_40m_trans": 2.992325536861026, "rpe_40m_rot": 4.674606775454614, "rpe_48m_trans": NaN, "rpe_48m_rot": NaN}