{"rmse": 0.5503223902266103, "mean": 0.547093565113718, "median": 0.5443025886513657, "std": 0.05952616396083015, "min": 0.3935722784016832, "max": 0.7124093885979907, "sse": 612.9779799658927}