{"ape_trans": 0.08354304432485819, "ape_rot_deg": 1.1566275956489966, "rpe_8m_trans": 0.04815273121456732, "rpe_8m_rot": 1.0407656311577564, "rpe_16m_trans": 0.07382227248930634, "rpe_16m_rot": 1.2326949310015667, "rpe_24m_trans": 0.08824703286809508, "rpe_24m_rot": 1.4511682291698027, "rpe_32m_trans": 0.10279542746766018, "rpe_32m_rot": 1.6959194750504372, "rpe_40m_trans": 0.11311727680452076, "rpe_40m_rot": 1.955783067152866, "rpe_48m_trans": 0.11938348752279979, "rpe_48m_rot": 2.048334894037755}