{"ape_trans": 0.10847729250503876, "ape_rot_deg": 1.1111901773831172, "rpe_8m_trans": 0.08176376739481146, "rpe_8m_rot": 1.0082422738992523, "rpe_16m_trans": 0.08766982197936826, "rpe_16m_rot": 1.2368915457031935, "rpe_24m_trans": 0.10274924957147488, "rpe_24m_rot": 1.4414025092228664, "rpe_32m_trans": 0.11182253892922947, "rpe_32m_rot": 1.6876872166673391, "rpe_40m_trans": 0.11288110987355918, "rpe_40m_rot": 1.932843045641301, "rpe_48m_trans": 0.10845454501574825, "rpe_48m_rot": 2.022564770767159}