{"ape_trans": 0.16918227591462603, "ape_rot_deg": 1.1720379032284634, "rpe_8m_trans": 0.24595246645666366, "rpe_8m_rot": 0.6217667306939113, "rpe_16m_trans": 0.29732194129529826, "rpe_16m_rot": 0.7908590127036446, "rpe_24m_trans": 0.27092699186324104, "rpe_24m_rot": 1.066247903196069, "rpe_32m_trans": 0.2045679354381901, "rpe_32m_rot": 1.1541620254926102, "rpe_40m_trans": 0.2856637732824088, "rpe_40m_rot": 1.6149944028983194, "rpe_48m_trans": NaN, "rpe_48m_rot": NaN}