{"ape_trans": 12.781655465780496, "ape_rot_deg": 174.00200409369782, "rpe_8m_trans": 0.04988732559316754, "rpe_8m_rot": 1.223114246193975, "rpe_16m_trans": 0.060080620740059106, "rpe_16m_rot": 1.4066489857595619, "rpe_24m_trans": 3.2270345371906943, "rpe_24m_rot": 4.642718622586334, "rpe_32m_trans": 12.655566065091225, "rpe_32m_rot": 16.842998348170912, "rpe_40m_trans": 15.403886996950611, "rpe_40m_rot": 19.967271540187525, "rpe_48m_trans": 17.853004716393432, "rpe_48m_rot": 23.34282576259523}