{"ape_trans": 0.3096983873395964, "ape_rot_deg": 18.757338543699845, "rpe_8m_trans": 0.36751689332522713, "rpe_8m_rot": 0.5370822900530068, "rpe_16m_trans": 0.6111140368217783, "rpe_16m_rot": 0.5892595461634625, "rpe_24m_trans": 0.7123270415087387, "rpe_24m_rot": 0.6447457633517564, "rpe_32m_trans": 0.7208385174508782, "rpe_32m_rot": 0.6021697062447396, "rpe_40m_trans": NaN, "rpe_40m_rot": NaN, "rpe_48m_trans": NaN, "rpe_48m_rot": NaN}