{"rmse_8m_trans": 0.24148793131413912, "rmse_8m_rot": 1.9383464171739273, "rmse_16m_trans": 0.3639307290404737, "rmse_16m_rot": 2.2692559588182646, "rmse_24m_trans": 0.43318855050692995, "rmse_24m_rot": 2.7666284883805594, "rmse_32m_trans": 0.5228820779743649, "rmse_32m_rot": 3.235101404053489, "rmse_40m_trans": 0.5962817305501688, "rmse_40m_rot": 3.492479157721632, "rmse_48m_trans": 0.7219837859635327, "rmse_48m_rot": 4.137840873657111}