{"ape_trans": 0.0974315003051046, "ape_rot_deg": 2.657345150124223, "rpe_8m_trans": 0.1473095295216899, "rpe_8m_rot": 0.8244359079094843, "rpe_16m_trans": 0.13255871847744827, "rpe_16m_rot": 1.0903000064584087, "rpe_24m_trans": 0.15769483435021553, "rpe_24m_rot": 1.180920462876317, "rpe_32m_trans": 0.17664428742086927, "rpe_32m_rot": 1.2962506653059165, "rpe_40m_trans": 0.18885016676710437, "rpe_40m_rot": 1.2827409690070202, "rpe_48m_trans": 0.19391100636629144, "rpe_48m_rot": 1.7465037801586194}