{"rmse": 0.0937542252449495, "mean": 0.08567463750611827, "median": 0.08759792660008624, "std": 0.038075073729094217, "min": 0.011174421207080867, "max": 0.280317445188457, "sse": 25.244462845678246}