{"ape_trans": 1.5096651107738845, "ape_rot_deg": 5.683322473547941, "rpe_8m_trans": 2.5812003049325454, "rpe_8m_rot": 1.634345147976815, "rpe_16m_trans": 2.76172871842785, "rpe_16m_rot": 1.8981472963528063, "rpe_24m_trans": 2.1756347421424436, "rpe_24m_rot": 2.4597779120518544, "rpe_32m_trans": 2.000658588524215, "rpe_32m_rot": 3.427487158200332, "rpe_40m_trans": 2.0986425792946846, "rpe_40m_rot": 3.8770412609953655, "rpe_48m_trans": 2.175379492554938, "rpe_48m_rot": 4.164999743289335}