{"ape_trans": 0.13417280921821495, "ape_rot_deg": 3.737898092667507, "rpe_8m_trans": 0.15024081542882217, "rpe_8m_rot": 1.921458159188973, "rpe_16m_trans": 0.17704973634143484, "rpe_16m_rot": 2.1688659797013234, "rpe_24m_trans": 0.19987440104356238, "rpe_24m_rot": 2.5002395875256855, "rpe_32m_trans": 0.2344557691799349, "rpe_32m_rot": 2.4966653071480613, "rpe_40m_trans": 0.28774337317618043, "rpe_40m_rot": 1.3918329300666064, "rpe_48m_trans": 0.3126499788180012, "rpe_48m_rot": 1.3650670024152842}