{"ape_trans": 131.56012932364143, "ape_rot_deg": 153.70825900422443, "rpe_8m_trans": 3.5331816196295414, "rpe_8m_rot": 2.4660481321402736, "rpe_16m_trans": 7.874177351726142, "rpe_16m_rot": 3.0793079881705334, "rpe_24m_trans": 12.828161665613425, "rpe_24m_rot": 3.7444613977492556, "rpe_32m_trans": 18.41895275366398, "rpe_32m_rot": 4.64341039655594, "rpe_40m_trans": 25.003178542129213, "rpe_40m_rot": 5.3294232577212695, "rpe_48m_trans": 32.62710030693781, "rpe_48m_rot": 6.041885525450616}