{"std": 0.23622526485754528, "rmse": 0.768325281224667, "sse": 311.10060980424385, "max": 1.8172142383313805, "min": 0.24405933301292396, "median": 0.7011111143065489, "mean": 0.7311096785106501}