{"rmse": 0.38874255642592515, "mean": 0.34640260931317846, "median": 0.29500630262052596, "std": 0.17642564280054368, "min": 0.08758342063662455, "max": 0.8023721383011355, "sse": 134.19524835678845}