{"rmse": 0.13721883061122586, "mean": 0.12820000351070307, "median": 0.13638463175482818, "std": 0.04892613385674385, "min": 0.01011980142882653, "max": 0.21254157654907463, "sse": 48.72947134352022}