{"ape_trans": 0.4841072584024673, "ape_rot_deg": 31.86116702821261, "rpe_8m_trans": 0.5035928835627702, "rpe_8m_rot": 1.0728044958370946, "rpe_16m_trans": 0.8202750080075862, "rpe_16m_rot": 1.4073130259570639, "rpe_24m_trans": 1.1124290160748667, "rpe_24m_rot": 1.6680785963234326, "rpe_32m_trans": 1.178168740848784, "rpe_32m_rot": 1.624301742776911, "rpe_40m_trans": 1.164267126760631, "rpe_40m_rot": 1.7348483845589735, "rpe_48m_trans": NaN, "rpe_48m_rot": NaN}