{"ape_trans": 0.07769245243408149, "ape_rot_deg": 0.6801352028193149, "rpe_8m_trans": 0.0640004916654671, "rpe_8m_rot": 0.6818726660523869, "rpe_16m_trans": 0.08751922742877928, "rpe_16m_rot": 0.8051646726945592, "rpe_24m_trans": 0.10691948998292916, "rpe_24m_rot": 0.8236487106245316, "rpe_32m_trans": 0.1258501376285058, "rpe_32m_rot": 0.8176911934808246, "rpe_40m_trans": 0.1447787420963036, "rpe_40m_rot": 0.7411799808159484, "rpe_48m_trans": 0.1611256722207737, "rpe_48m_rot": 0.8085531795518024}