{"rmse": 36.60161815828023, "mean": 36.588254195328865, "median": 36.392548409005386, "std": 0.9889927919599872, "min": 34.57711102837708, "max": 38.75037797746683, "sse": 6403662.999625744}