{"std": 0.35541103527527623, "rmse": 0.8390651524681705, "sse": 371.02398395555076, "max": 2.478806876549716, "min": 0.27389341615011314, "median": 0.6943023347031193, "mean": 0.7600745529821338}