{"ape_trans": 0.17559304653053764, "ape_rot_deg": 2.9589029704957155, "rpe_8m_trans": 0.15997441816562258, "rpe_8m_rot": 1.1125961115311225, "rpe_16m_trans": 0.23623756156865255, "rpe_16m_rot": 1.2928660371596168, "rpe_24m_trans": 0.29504887637325, "rpe_24m_rot": 1.5543747527097924, "rpe_32m_trans": 0.32910723066036834, "rpe_32m_rot": 1.872302548673367, "rpe_40m_trans": 0.3030760634492004, "rpe_40m_rot": 2.132138214396444, "rpe_48m_trans": 0.25873403802532624, "rpe_48m_rot": 2.4417277908681063}