{"rmse": 1.316719050799673, "mean": 0.8095368220284986, "median": 0.4542860384530092, "std": 1.0384600100720252, "min": 0.2233619580096666, "max": 4.219822815435502, "sse": 679.6296310256065}