{"ape_trans": 0.08685092288821686, "ape_rot_deg": 1.850369826227449, "rpe_8m_trans": 0.10939887969711375, "rpe_8m_rot": 1.563861396409779, "rpe_16m_trans": 0.15606057384676336, "rpe_16m_rot": 2.589059157208789, "rpe_24m_trans": 0.2484270492605173, "rpe_24m_rot": 3.8122754545922724, "rpe_32m_trans": 0.24392263359835906, "rpe_32m_rot": 5.517719375566217, "rpe_40m_trans": 0.19305790319906124, "rpe_40m_rot": 6.7224643480937685, "rpe_48m_trans": NaN, "rpe_48m_rot": NaN}