{"rmse": 5542401.920784257, "mean": 5516252.107036983, "median": 5425448.107149419, "std": 537756.2116080801, "min": 4304285.554152658, "max": 6919237.287454044, "sse": 1.7438732955543942e+17}