{"rmse": 0.4954425938610914, "mean": 0.4897609665025987, "median": 0.4713153327511178, "std": 0.07481683969700109, "min": 0.2911467984182348, "max": 0.7025878676280125, "sse": 261.17301909576196}