{"rmse_8m_trans": 0.17006646407280254, "rmse_8m_rot": 1.1418942562566505, "rmse_16m_trans": 0.24943994869032002, "rmse_16m_rot": 1.4718560428024836, "rmse_24m_trans": 0.29736827480471334, "rmse_24m_rot": 1.7487690840961836, "rmse_32m_trans": 0.3808106400992151, "rmse_32m_rot": 1.912530890074608, "rmse_40m_trans": 0.3919728131147289, "rmse_40m_rot": 1.9025669463673747, "rmse_48m_trans": 0.44705911167123263, "rmse_48m_rot": 2.2710291380435503}