{"ape_trans": 3.133968562446391, "ape_rot_deg": 17.059504782153773, "rpe_8m_trans": 1.0508018318831023, "rpe_8m_rot": 0.9262494550802527, "rpe_16m_trans": 3.1488456715778543, "rpe_16m_rot": 2.181682599201047, "rpe_24m_trans": 4.078888663526284, "rpe_24m_rot": 2.8217318264952884, "rpe_32m_trans": 5.110892207815367, "rpe_32m_rot": 3.527279686075633, "rpe_40m_trans": 6.022308869317512, "rpe_40m_rot": 4.211760231075221, "rpe_48m_trans": 6.281133856909915, "rpe_48m_rot": 4.518655019418835}