{"rmse_8m_trans": 0.22366788471401428, "rmse_8m_rot": 1.4486274549632294, "rmse_16m_trans": 0.3171955421643252, "rmse_16m_rot": 1.5971611805127757, "rmse_24m_trans": 0.37687049996947525, "rmse_24m_rot": 1.7969757376427595, "rmse_32m_trans": 0.43146584549178724, "rmse_32m_rot": 2.072894229957851, "rmse_40m_trans": 0.4889448908884293, "rmse_40m_rot": 2.3179889290473374, "rmse_48m_trans": 0.543395994002167, "rmse_48m_rot": 2.6092525903282127}