{"rmse": 0.17850868567870676, "mean": 0.13395463765704418, "median": 0.08954332079005338, "std": 0.1179894313610729, "min": 0.03250035190297139, "max": 0.5341563399759972, "sse": 47.6386995397953}