{"rmse": 0.32033051606740387, "mean": 0.3064960924300364, "median": 0.3284415890249561, "std": 0.09312241861725823, "min": 0.06886094965195295, "max": 0.4925664846538993, "sse": 202.76059969944237}