{"rmse_8m_trans": 0.07332128254076971, "rmse_8m_rot": 0.7988767982196882, "rmse_16m_trans": 0.0970013618954108, "rmse_16m_rot": 0.9856197780232907, "rmse_24m_trans": 0.11796350969880733, "rmse_24m_rot": 1.1599139720511207, "rmse_32m_trans": 0.14095305340905667, "rmse_32m_rot": 1.3185381354557084, "rmse_40m_trans": 0.16440716283959114, "rmse_40m_rot": 1.4749812192450622, "rmse_48m_trans": 0.19188599300444112, "rmse_48m_rot": 1.6234661890078048}