{"ape_trans": 2.9664853619641955, "ape_rot_deg": 15.580382065966955, "rpe_8m_trans": 3.80184389345801, "rpe_8m_rot": 3.1135907107902687, "rpe_16m_trans": 6.064404527857737, "rpe_16m_rot": 4.038922779391807, "rpe_24m_trans": 4.871564645784605, "rpe_24m_rot": 5.335675552972396, "rpe_32m_trans": 4.118327430046203, "rpe_32m_rot": 6.508438651392555, "rpe_40m_trans": 3.841095698861191, "rpe_40m_rot": 8.359609856364042, "rpe_48m_trans": 3.7247884452566034, "rpe_48m_rot": 9.506587385343375}