{"ape_trans": 0.09007555919110267, "ape_rot_deg": 2.6091833241769447, "rpe_8m_trans": 0.148733806389629, "rpe_8m_rot": 0.824027075722344, "rpe_16m_trans": 0.13217008780142303, "rpe_16m_rot": 1.077368811556359, "rpe_24m_trans": 0.15819025472074558, "rpe_24m_rot": 1.1822510162834372, "rpe_32m_trans": 0.1728522930603848, "rpe_32m_rot": 1.3138957848702073, "rpe_40m_trans": 0.1858010990088932, "rpe_40m_rot": 1.3049939967273987, "rpe_48m_trans": 0.1931972500338797, "rpe_48m_rot": 1.6825748850660553}