{"rmse": 7.544186716787281, "mean": 7.536601328029405, "median": 7.57513240060959, "std": 0.3382212886485166, "min": 6.6700517865217686, "max": 8.253589444662323, "sse": 111325.25729391833}