{"ape_trans": 0.05665819796022015, "ape_rot_deg": 1.1296685943808005, "rpe_8m_trans": 0.03415042404633667, "rpe_8m_rot": 0.7205552390801627, "rpe_16m_trans": 0.042686558888594135, "rpe_16m_rot": 0.9013298936644889, "rpe_24m_trans": 0.049916411108668485, "rpe_24m_rot": 0.9971418639338828, "rpe_32m_trans": 0.05593488730771903, "rpe_32m_rot": 1.0699630438865377, "rpe_40m_trans": 0.06515946946247844, "rpe_40m_rot": 1.200109007892015, "rpe_48m_trans": 0.07259664071745085, "rpe_48m_rot": 1.3486469704112707}