{"ape_trans": 0.40008265607660254, "ape_rot_deg": 1.0410008720761263, "rpe_8m_trans": 0.3042362087153791, "rpe_8m_rot": 0.42787959169766354, "rpe_16m_trans": 0.4426797085214833, "rpe_16m_rot": 0.6095757557230358, "rpe_24m_trans": 0.4616098549354776, "rpe_24m_rot": 0.7366330084543458, "rpe_32m_trans": 0.4980944639720121, "rpe_32m_rot": 0.8426405493198353, "rpe_40m_trans": 0.6137080436076828, "rpe_40m_rot": 0.9862033972766816, "rpe_48m_trans": 0.7971622030376551, "rpe_48m_rot": 1.1002560639801122}