{"ape_trans": 0.9506274193199489, "ape_rot_deg": 26.152488068813195, "rpe_8m_trans": 0.9295748080419296, "rpe_8m_rot": 1.9022614893413452, "rpe_16m_trans": 1.3879499472085295, "rpe_16m_rot": 2.7780493470592993, "rpe_24m_trans": 1.7481505541638624, "rpe_24m_rot": 3.600567172385699, "rpe_32m_trans": 1.860427132779371, "rpe_32m_rot": 4.1368183555977565, "rpe_40m_trans": 1.948696284775787, "rpe_40m_rot": 4.465372713763801, "rpe_48m_trans": 1.9464384602004512, "rpe_48m_rot": 4.668990639374612}