{"std": 0.019208739036517836, "rmse": 0.07526058760994205, "sse": 4.4690191213936785, "max": 0.12568309682218007, "min": 0.026550339701371297, "median": 0.07190564652450093, "mean": 0.07276799016065182}