{"rmse": 0.37595884245132216, "mean": 0.35644859594075573, "median": 0.41527053293154736, "std": 0.11953848614233807, "min": 0.06578068674787019, "max": 0.5363142543708818, "sse": 137.952769988122}