{"std": 0.46914040600790397, "rmse": 1.0967140653134242, "sse": 509.97945820787027, "max": 1.9405690664708002, "min": 0.144834129847803, "median": 0.9722683055892669, "mean": 0.9913067237273419}