{"rmse": 0.04226527408875874, "mean": 0.038100104278609645, "median": 0.033083107509429464, "std": 0.018295776773806907, "min": 0.008452004962687026, "max": 0.08068732862599585, "sse": 1.8953209508195732}