{"rmse": 0.15275936860626654, "mean": 0.14641237656644737, "median": 0.14239243501761847, "std": 0.04357568915289839, "min": 0.041698753478338575, "max": 0.2625583446111352, "sse": 32.29622778062753}