{"std": 0.018296685115108045, "rmse": 0.042266693304405176, "sse": 1.8954482380248567, "max": 0.0806898450678874, "min": 0.008444406721432656, "median": 0.03308495666532029, "mean": 0.038101242455951916}