{"rmse_8m_trans": 0.04889609283849102, "rmse_8m_rot": 0.7840841680936931, "rmse_16m_trans": 0.06744433032643868, "rmse_16m_rot": 0.9583396642480462, "rmse_24m_trans": 0.08203671407719991, "rmse_24m_rot": 1.1158804039916346, "rmse_32m_trans": 0.09828789859569192, "rmse_32m_rot": 1.2682003537764528, "rmse_40m_trans": 0.11684776565028579, "rmse_40m_rot": 1.435125693839811, "rmse_48m_trans": 0.13568768492398472, "rmse_48m_rot": 1.5671327759672422}