{"rmse": 0.17451086647119834, "mean": 0.16061222543638407, "median": 0.14242279613467526, "std": 0.06824775129555963, "min": 0.03457812961387828, "max": 0.3648817986094739, "sse": 55.30454121001561}