{"rmse_8m_trans": 0.062698541551348, "rmse_8m_rot": 1.021571660717274, "rmse_16m_trans": 0.0955097227250683, "rmse_16m_rot": 1.4203805437400427, "rmse_24m_trans": 0.11953515046295494, "rmse_24m_rot": 1.8021675401142538, "rmse_32m_trans": 0.14187008981676366, "rmse_32m_rot": 2.148076802307283, "rmse_40m_trans": 0.16507692848697858, "rmse_40m_rot": 2.4921200893638646, "rmse_48m_trans": 0.18536259748172515, "rmse_48m_rot": 2.891713294827441}