{"rmse": 0.17829912031257802, "mean": 0.1338205032502779, "median": 0.08948723511453041, "std": 0.1178246545256193, "min": 0.032505888328399506, "max": 0.5334660980465239, "sse": 47.52691157483757}