{"ape_trans": 0.08892007253822408, "ape_rot_deg": 6.337113878636135, "rpe_8m_trans": 0.3158842229847589, "rpe_8m_rot": 3.6762016126211385, "rpe_16m_trans": 0.2696851706446355, "rpe_16m_rot": 3.0262713606033453, "rpe_24m_trans": 0.3206910611489401, "rpe_24m_rot": 2.925276770881484, "rpe_32m_trans": 0.2869320322800132, "rpe_32m_rot": 3.208826070579663, "rpe_40m_trans": 0.29725630416999294, "rpe_40m_rot": 3.158827994766505, "rpe_48m_trans": 0.41173542050063267, "rpe_48m_rot": 3.4468897872662847}