{"rmse": 3.35056581940737, "mean": 2.632286042679705, "median": 2.0571978613671833, "std": 2.0730078387923667, "min": 0.2978143722916957, "max": 7.881101289741789, "sse": 10260.830257505415}