{"rmse": 898831.0086453483, "mean": 825591.1705742915, "median": 631003.0299320421, "std": 355382.0495919641, "min": 502926.53877817607, "max": 1881730.2527853863, "sse": 4356989503078319.0}