{"ape_trans": 0.4640060035486024, "ape_rot_deg": 0.9682913588862393, "rpe_8m_trans": 0.3558757366785998, "rpe_8m_rot": 0.35868498286170636, "rpe_16m_trans": 0.5087717296759151, "rpe_16m_rot": 0.4592853485488705, "rpe_24m_trans": 0.5255251111921501, "rpe_24m_rot": 0.48692584611478684, "rpe_32m_trans": 0.5464494683533816, "rpe_32m_rot": 0.4644825062753486, "rpe_40m_trans": 0.66458080159545, "rpe_40m_rot": 0.5315362774358842, "rpe_48m_trans": 0.823581258205256, "rpe_48m_rot": 0.5155964737700438}