{"rmse": 0.11021537144515695, "mean": 0.0985442017945574, "median": 0.09254348955062046, "std": 0.049360595574480984, "min": 0.033528853222017915, "max": 0.40365185714916907, "sse": 9.608615629309988}