{"rmse": 0.24971653990148318, "mean": 0.23426060167400828, "median": 0.21977562870988013, "std": 0.08648884785740114, "min": 0.06241513810078271, "max": 0.41977275654460655, "sse": 54.93770661462513}