{"ape_trans": 0.5891169281880717, "ape_rot_deg": 80.29649231206918, "rpe_8m_trans": 0.7382126219931078, "rpe_8m_rot": 0.7143206106351345, "rpe_16m_trans": 1.258371617097031, "rpe_16m_rot": 0.6513351259133576, "rpe_24m_trans": 1.6264742688595832, "rpe_24m_rot": 0.7003710277205402, "rpe_32m_trans": 1.6421131306478849, "rpe_32m_rot": 0.8151559705227436, "rpe_40m_trans": 1.6485052863703669, "rpe_40m_rot": 0.4594506528428218, "rpe_48m_trans": NaN, "rpe_48m_rot": NaN}