{"ape_trans": 2.92482285478249, "ape_rot_deg": 12.256777421270268, "rpe_8m_trans": 1.6928778943455185, "rpe_8m_rot": 5.10119943219612, "rpe_16m_trans": 4.070987604037067, "rpe_16m_rot": 11.628818934170255, "rpe_24m_trans": 5.722147116316321, "rpe_24m_rot": 16.291290038639072, "rpe_32m_trans": 6.049183647108965, "rpe_32m_rot": 17.603112352720352, "rpe_40m_trans": 6.099501516577544, "rpe_40m_rot": 17.83724316993573, "rpe_48m_trans": 6.104108785931844, "rpe_48m_rot": 18.41669556810663}