{"std": 4.4495836070991075, "rmse": 25.200128032176366, "sse": 1619368.4547371066, "max": 31.578262995735948, "min": 19.75139828733876, "median": 21.691795100057014, "mean": 24.804186311216014}