{"std": 4.702188343637684, "rmse": 26.548917982103664, "sse": 1796650.0223061712, "max": 33.353584420835084, "min": 20.893222552367256, "median": 22.827667717789158, "mean": 26.129188100693547}