{"rmse": 0.0860570405583608, "mean": 0.07113982148414351, "median": 0.05900865973921271, "std": 0.04842458083316312, "min": 0.012866215795511131, "max": 0.22594217194521993, "sse": 7.953844482658444}