{"rmse": 0.49542459594389987, "mean": 0.4897432192152259, "median": 0.4713128786321028, "std": 0.07481383226973218, "min": 0.2911758131080525, "max": 0.7025504707137221, "sse": 261.15404420321175}