{"rmse": 0.10458990925006104, "mean": 0.0954049712098836, "median": 0.08913884826338014, "std": 0.04285954485732767, "min": 0.01551954004284502, "max": 0.278176595014304, "sse": 24.50347002193665}