{"ape_trans": 0.08611836027044294, "ape_rot_deg": 2.0340894527046767, "rpe_8m_trans": 0.11413974506136587, "rpe_8m_rot": 1.7515744860991214, "rpe_16m_trans": 0.17269820060638602, "rpe_16m_rot": 2.861598355888304, "rpe_24m_trans": 0.2677859570537739, "rpe_24m_rot": 4.237355970965512, "rpe_32m_trans": 0.23070584074137682, "rpe_32m_rot": 6.234464012239896, "rpe_40m_trans": 0.17857214777674935, "rpe_40m_rot": 7.716336613700133, "rpe_48m_trans": NaN, "rpe_48m_rot": NaN}