{"ape_trans": 2.6300348959701516, "ape_rot_deg": 11.549773659310402, "rpe_8m_trans": 1.2482712384602757, "rpe_8m_rot": 3.30092422682149, "rpe_16m_trans": 2.3972532169309355, "rpe_16m_rot": 5.714687775771703, "rpe_24m_trans": 3.036016745585944, "rpe_24m_rot": 7.288853308235083, "rpe_32m_trans": 3.7293931012588915, "rpe_32m_rot": 8.817671811509115, "rpe_40m_trans": 4.598011123235553, "rpe_40m_rot": 10.835240278980447, "rpe_48m_trans": 5.167745559061132, "rpe_48m_rot": 11.868625745808275}