{"rmse_8m_trans": 0.06901819420953713, "rmse_8m_rot": 0.7951235005083673, "rmse_16m_trans": 0.09090747233871278, "rmse_16m_rot": 0.9793150157082463, "rmse_24m_trans": 0.11138512124105401, "rmse_24m_rot": 1.1118909450815597, "rmse_32m_trans": 0.13471434427039125, "rmse_32m_rot": 1.223407109681552, "rmse_40m_trans": 0.16076152602976287, "rmse_40m_rot": 1.350333676024461, "rmse_48m_trans": 0.1957111966904161, "rmse_48m_rot": 1.4754531240532816}