{"rmse": 0.08628380217577375, "mean": 0.0712618583089127, "median": 0.059051168391827724, "std": 0.04864814557892735, "min": 0.012902602504563392, "max": 0.22729662090902641, "sse": 7.995816712233255}