{"rmse": 0.22235288186191862, "mean": 0.1961512312647293, "median": 0.19247116776036666, "std": 0.10471627641217492, "min": 0.012854000750880345, "max": 0.39283280759376266, "sse": 43.8045524080581}