{"ape_trans": 0.4136074200801508, "ape_rot_deg": 2.53048116107457, "rpe_8m_trans": 0.3974131449096458, "rpe_8m_rot": 0.8707763831730184, "rpe_16m_trans": 0.5008416153508236, "rpe_16m_rot": 0.9346465936713071, "rpe_24m_trans": 0.5905335505524465, "rpe_24m_rot": 0.9634511627426645, "rpe_32m_trans": 0.704929348306907, "rpe_32m_rot": 0.9991339678510188, "rpe_40m_trans": 0.7602875216567555, "rpe_40m_rot": 0.9867343524685234, "rpe_48m_trans": 0.7621861999009234, "rpe_48m_rot": 1.0217561690611165}