{"ape_trans": 29.562008504789876, "ape_rot_deg": 12.287671726916154, "rpe_8m_trans": 0.04029656055543636, "rpe_8m_rot": 1.4734100015507394, "rpe_16m_trans": 0.04433512821404941, "rpe_16m_rot": 1.3560883897081693, "rpe_24m_trans": 0.04098531145311082, "rpe_24m_rot": 1.0419477235144285, "rpe_32m_trans": 0.051030758497481676, "rpe_32m_rot": 0.8695774746269097, "rpe_40m_trans": 0.030451133441301678, "rpe_40m_rot": 0.8776940691884039, "rpe_48m_trans": NaN, "rpe_48m_rot": NaN}