{"rmse": 0.11283502113382556, "mean": 0.09282690149451585, "median": 0.07906349610852977, "std": 0.06414755142013069, "min": 0.005139221258980582, "max": 0.2823729317336365, "sse": 17.14965646628285}