{"ape_trans": 178.44260985127207, "ape_rot_deg": 88.55015658820659, "rpe_8m_trans": 7.142298142050166, "rpe_8m_rot": 7.276033679824486, "rpe_16m_trans": 14.553923215087911, "rpe_16m_rot": 8.723757881190528, "rpe_24m_trans": 22.11158441237163, "rpe_24m_rot": 10.184348733154545, "rpe_32m_trans": 29.769094554931886, "rpe_32m_rot": 11.483437451864727, "rpe_40m_trans": 37.52304800032835, "rpe_40m_rot": 12.674530485122116, "rpe_48m_trans": 45.112706836159234, "rpe_48m_rot": 13.482704119549492}