{"rmse": 0.08891570599097055, "mean": 0.07882712526243105, "median": 0.07211803516109233, "std": 0.04113741721029313, "min": 0.011182692156314209, "max": 0.20188879445893163, "sse": 10.99724985567495}