{"rmse": 4.288397670911219, "mean": 4.243059327659875, "median": 4.2403249583534635, "std": 0.6219341812726626, "min": 3.0405696760494307, "max": 7.432584600077231, "sse": 27088.99230205048}