{"std": 0.4828392055840522, "rmse": 1.187890930924476, "sse": 1670.7244787067798, "max": 1.8910097230158966, "min": 0.13352727211971957, "median": 1.1181774237821607, "mean": 1.0853345868088695}