{"rmse": 0.14806390037425113, "mean": 0.14172493671987776, "median": 0.1379504476787916, "std": 0.042859781914783665, "min": 0.0396067119373147, "max": 0.29293649549605216, "sse": 11.55337809905706}