{"ape_trans": 8.54831280038424, "ape_rot_deg": 159.4790060303504, "rpe_8m_trans": 0.03700252081485077, "rpe_8m_rot": 1.2107965655311619, "rpe_16m_trans": 0.03724724483423628, "rpe_16m_rot": 1.3293189083710313, "rpe_24m_trans": 10.048110677617048, "rpe_24m_rot": 1.2243115824687565, "rpe_32m_trans": 16.097876522788003, "rpe_32m_rot": 1.2579104610614482, "rpe_40m_trans": 17.92116231987981, "rpe_40m_rot": 1.285420486089365, "rpe_48m_trans": 17.920927694761865, "rpe_48m_rot": 1.431454136616645}