{"ape_trans": 1.7394770354251763, "ape_rot_deg": 15.33454787950578, "rpe_8m_trans": 1.334178649039249, "rpe_8m_rot": 4.745643492518308, "rpe_16m_trans": 2.2789465602791794, "rpe_16m_rot": 7.987855223432727, "rpe_24m_trans": 2.960943994405782, "rpe_24m_rot": 10.489040778746089, "rpe_32m_trans": 3.3413504148093303, "rpe_32m_rot": 11.719271660382088, "rpe_40m_trans": 3.570221372047525, "rpe_40m_rot": 12.515297357829295, "rpe_48m_trans": 3.5406523822322273, "rpe_48m_rot": 12.940090413992126}