{"std": 0.08018105986629738, "rmse": 0.09348555422663672, "sse": 25.2223379783913, "max": 0.5698292324071709, "min": 0.00861220455876229, "median": 0.03253616936400812, "mean": 0.04806814420984722}