{"std": 1320035.8999259076, "rmse": 16300986.751193393, "sse": 1.508504753768281e+18, "max": 19704820.737634096, "min": 13326839.682872672, "median": 15980034.922995424, "mean": 16247451.316606224}