{"ape_trans": 0.04980170651107764, "ape_rot_deg": 1.2500469533265062, "rpe_8m_trans": 0.03454421553959116, "rpe_8m_rot": 0.7513286487118604, "rpe_16m_trans": 0.04806448512045979, "rpe_16m_rot": 0.8949920459109708, "rpe_24m_trans": 0.05946088265477427, "rpe_24m_rot": 1.0673356512170173, "rpe_32m_trans": 0.06555050160640898, "rpe_32m_rot": 1.2980533355830923, "rpe_40m_trans": 0.07456902029450643, "rpe_40m_rot": 1.4904223479656031, "rpe_48m_trans": 0.07808472451908804, "rpe_48m_rot": 1.6232355081793264}