{"rmse": 0.09653832612852145, "mean": 0.07998950318561095, "median": 0.07297995683182056, "std": 0.05404930889304605, "min": 0.007922195260838701, "max": 0.24659533138521514, "sse": 10.018622042574027}