{"ape_trans": 0.4955581384355188, "ape_rot_deg": 6.356020335731969, "rpe_8m_trans": 0.404127519128047, "rpe_8m_rot": 1.3156072647241788, "rpe_16m_trans": 0.5572181315627222, "rpe_16m_rot": 1.7481164987638218, "rpe_24m_trans": 0.676465867386974, "rpe_24m_rot": 2.167486261627126, "rpe_32m_trans": 0.7825975914485058, "rpe_32m_rot": 2.6175691075604917, "rpe_40m_trans": 0.9122793891237765, "rpe_40m_rot": 3.120772252916956, "rpe_48m_trans": 0.9772639566931817, "rpe_48m_rot": 3.551548880148177}