{"ape_trans": 0.2782668628209147, "ape_rot_deg": 12.87647995600376, "rpe_8m_trans": 0.3085040175615356, "rpe_8m_rot": 0.6335301641378757, "rpe_16m_trans": 0.5411385935994798, "rpe_16m_rot": 0.8382299551787346, "rpe_24m_trans": 0.655068449461417, "rpe_24m_rot": 0.9329689348007358, "rpe_32m_trans": 0.6810819909525121, "rpe_32m_rot": 0.9302630219418954, "rpe_40m_trans": NaN, "rpe_40m_rot": NaN, "rpe_48m_trans": NaN, "rpe_48m_rot": NaN}