{"ape_trans": 0.07692696228506277, "ape_rot_deg": 5.950012532870764, "rpe_8m_trans": 0.2845565281871583, "rpe_8m_rot": 3.652844655142942, "rpe_16m_trans": 0.29602906511142196, "rpe_16m_rot": 3.1596247382172584, "rpe_24m_trans": 0.32217296809975554, "rpe_24m_rot": 2.853796625030768, "rpe_32m_trans": 0.2722296315861897, "rpe_32m_rot": 3.089238828892565, "rpe_40m_trans": 0.3092867813773609, "rpe_40m_rot": 2.9770699381702923, "rpe_48m_trans": 0.33749645619883856, "rpe_48m_rot": 3.2062450408408782}