{"rmse": 6.631974369315313, "mean": 6.496034670437893, "median": 6.736428555938042, "std": 1.3358958027196957, "min": 0.5373010397986746, "max": 8.430033296081405, "sse": 34878.58563995741}