{"ape_trans": 0.09859318006826327, "ape_rot_deg": 2.668871348115954, "rpe_8m_trans": 0.10005874078448472, "rpe_8m_rot": 1.6088936591680574, "rpe_16m_trans": 0.12781189095530057, "rpe_16m_rot": 1.792799400000965, "rpe_24m_trans": 0.15816586316919923, "rpe_24m_rot": 2.2560591680876843, "rpe_32m_trans": 0.18090690547173444, "rpe_32m_rot": 2.7738840326183203, "rpe_40m_trans": 0.1952532822817579, "rpe_40m_rot": 3.2748339295748767, "rpe_48m_trans": 0.22684998507010684, "rpe_48m_rot": 3.958899613415213}