{"rmse": 0.5264510965087974, "mean": 0.409698605603222, "median": 0.3320847852611579, "std": 0.33060219234314014, "min": 0.02433517726630938, "max": 1.492187147964385, "sse": 414.3403817378961}