{"rmse": 5.045861873807161, "mean": 5.010351197686851, "median": 4.665451776968727, "std": 0.5975808944223925, "min": 4.3136920704525155, "max": 6.236392174017666, "sse": 17007.762329093202}