{"rmse": 11.189954664461709, "mean": 11.151952511905051, "median": 10.944412140849087, "std": 0.9214339720907859, "min": 9.809779265270382, "max": 13.405410518782176, "sse": 392924.9379623188}