{"rmse": 2.1847846119757683, "mean": 2.1797378640960976, "median": 2.1574492278183754, "std": 0.14841376132924003, "min": 1.8564345033434368, "max": 2.544591838675564, "sse": 5656.34130386044}