{"ape_trans": 0.05818504174268946, "ape_rot_deg": 1.463976130274514, "rpe_8m_trans": 0.03337350075924692, "rpe_8m_rot": 0.7168287344832838, "rpe_16m_trans": 0.04656735082365447, "rpe_16m_rot": 0.9923989378849598, "rpe_24m_trans": 0.05318546582761113, "rpe_24m_rot": 1.20659822341134, "rpe_32m_trans": 0.06059791962314788, "rpe_32m_rot": 1.2923061796728559, "rpe_40m_trans": 0.07227602314637947, "rpe_40m_rot": 1.47073949436675, "rpe_48m_trans": 0.0806751683987281, "rpe_48m_rot": 1.6459952858207043}