{"rmse_8m_trans": 0.1950041801267609, "rmse_8m_rot": 1.622629169261061, "rmse_16m_trans": 0.27027597747258136, "rmse_16m_rot": 1.7281641343236092, "rmse_24m_trans": 0.3178957898967183, "rmse_24m_rot": 2.0116566148941186, "rmse_32m_trans": 0.3596679515153329, "rmse_32m_rot": 2.217561756126609, "rmse_40m_trans": 0.3837008948358985, "rmse_40m_rot": 2.2013687058012774, "rmse_48m_trans": 0.4658837110403351, "rmse_48m_rot": 2.5344762133768532}