{"std": 0.5390914515490909, "rmse": 8.781195920649617, "sse": 227087.18829167457, "max": 9.907038181046984, "min": 7.521683798081922, "median": 8.830241346989185, "mean": 8.764632462556554}