{"std": 0.7061790513929195, "rmse": 12.531802841398653, "sse": 462500.7128319993, "max": 13.942567763419516, "min": 10.92380792403525, "median": 12.600056783288565, "mean": 12.511890089153646}