{"rmse": 0.14211566138183818, "mean": 0.12901335297641084, "median": 0.1302515787581617, "std": 0.05960214730847641, "min": 0.027425069664610783, "max": 0.2564560058656166, "sse": 19.48997106764739}