{"rmse": 0.32513886326950325, "mean": 0.2838707684691699, "median": 0.26596517308043977, "std": 0.15853285847706036, "min": 0.022026669383834498, "max": 0.6133209411584952, "sse": 93.98088428287622}