{"rmse": 0.03142650286588623, "mean": 0.029069650055831658, "median": 0.029408148680289507, "std": 0.01194070885714253, "min": 0.0023303790827162267, "max": 0.11783306679847272, "sse": 2.1579608049993286}