{"ape_trans": 0.33394999119556834, "ape_rot_deg": 3.5951782266657615, "rpe_8m_trans": 0.22788737234484838, "rpe_8m_rot": 1.91903252091683, "rpe_16m_trans": 0.38598805481077836, "rpe_16m_rot": 2.5607589835904054, "rpe_24m_trans": 0.5045259115972721, "rpe_24m_rot": 3.483311005874917, "rpe_32m_trans": 0.5838348155349717, "rpe_32m_rot": 4.188645168593387, "rpe_40m_trans": 0.5576263673624742, "rpe_40m_rot": 4.863015410576095, "rpe_48m_trans": 0.6008806863622183, "rpe_48m_rot": 5.961880970996079}