{"ape_trans": 0.47595142559384135, "ape_rot_deg": 35.68462710401218, "rpe_8m_trans": 0.5047865224152777, "rpe_8m_rot": 1.269206792595653, "rpe_16m_trans": 0.8757463992516982, "rpe_16m_rot": 1.9197780885487077, "rpe_24m_trans": 1.1380938703140118, "rpe_24m_rot": 2.448971879395013, "rpe_32m_trans": 1.1533100175638014, "rpe_32m_rot": 2.572509203358176, "rpe_40m_trans": 1.153458988614064, "rpe_40m_rot": 2.483201673019733, "rpe_48m_trans": NaN, "rpe_48m_rot": NaN}