{"rmse": 2.0353686471324566, "mean": 2.0258465258196696, "median": 2.0428037175717986, "std": 0.19665040949405815, "min": 1.5503464473698503, "max": 2.437389438389547, "sse": 8956.57259527584}