{"rmse": 0.29851625744180477, "mean": 0.27405227895913187, "median": 0.2857764918578336, "std": 0.1183524581678302, "min": 0.05220801776797031, "max": 0.6055457565295499, "sse": 267.33586787118554}