{"ape_trans": 0.13443071867747958, "ape_rot_deg": 3.7356078476775956, "rpe_8m_trans": 0.15017429505432534, "rpe_8m_rot": 1.916328457035728, "rpe_16m_trans": 0.176991654823063, "rpe_16m_rot": 2.1689030970639975, "rpe_24m_trans": 0.20011564074613777, "rpe_24m_rot": 2.5018086970863527, "rpe_32m_trans": 0.2347628808751097, "rpe_32m_rot": 2.4975566269933265, "rpe_40m_trans": 0.2880344379121333, "rpe_40m_rot": 1.3939731458395994, "rpe_48m_trans": 0.3130179168513294, "rpe_48m_rot": 1.351835108069415}