{"ape_trans": 0.22181419050530085, "ape_rot_deg": 5.415802870662253, "rpe_8m_trans": 0.16296335311216353, "rpe_8m_rot": 1.0141511911916516, "rpe_16m_trans": 0.2819876858975342, "rpe_16m_rot": 1.390797392375421, "rpe_24m_trans": 0.32360895308930293, "rpe_24m_rot": 1.9289724916563935, "rpe_32m_trans": 0.4268028718780361, "rpe_32m_rot": 2.525209417182666, "rpe_40m_trans": 0.38611945864961894, "rpe_40m_rot": 3.126737783532676, "rpe_48m_trans": 0.4827552746621101, "rpe_48m_rot": 3.689790634024589}