{"ape_trans": 3.1332912348446325, "ape_rot_deg": 17.05638079779993, "rpe_8m_trans": 1.0505848484987361, "rpe_8m_rot": 0.9262460556808649, "rpe_16m_trans": 3.1481551595698756, "rpe_16m_rot": 2.1821667220220142, "rpe_24m_trans": 4.077988420512689, "rpe_24m_rot": 2.8221817383463184, "rpe_32m_trans": 5.112454153182915, "rpe_32m_rot": 3.5298941140109563, "rpe_40m_trans": 6.0210006980347295, "rpe_40m_rot": 4.212734740892579, "rpe_48m_trans": 6.279771470128618, "rpe_48m_rot": 4.519162443442132}