{"std": 0.1638993637150446, "rmse": 0.38786947855289106, "sse": 156.46044168860726, "max": 0.7460905291907742, "min": 0.06388128767757115, "median": 0.30470102891900175, "mean": 0.351539088817581}