{"std": 0.17262082964038003, "rmse": 0.2589794994657978, "sse": 100.06900866618432, "max": 0.7521417921678106, "min": 0.02192032184304026, "median": 0.14988763560398072, "mean": 0.19306069076283258}