{"ape_trans": 0.2538289133375866, "ape_rot_deg": 3.078840836849865, "rpe_8m_trans": 0.1669242502358381, "rpe_8m_rot": 2.119818234632377, "rpe_16m_trans": 0.2794492898406438, "rpe_16m_rot": 2.5024084016214836, "rpe_24m_trans": 0.3864226063707387, "rpe_24m_rot": 3.1242568485786206, "rpe_32m_trans": 0.43385734715723623, "rpe_32m_rot": 3.6457785319519598, "rpe_40m_trans": 0.4165559136163923, "rpe_40m_rot": 4.225496778214786, "rpe_48m_trans": 0.4819064078534335, "rpe_48m_rot": 5.117031958606682}