{"std": 0.04433529088752875, "rmse": 0.12703258001453369, "sse": 12.764585620652785, "max": 0.20225887592862607, "min": 0.00549281549682305, "median": 0.12185983680338282, "mean": 0.11904477463151045}