{"std": 0.3613804125440488, "rmse": 0.8853177167742, "sse": 332.3258828849358, "max": 2.046867978839935, "min": 0.036841141063959436, "median": 0.7743828083546318, "mean": 0.8082027326505249}