{"ape_trans": 0.20046750667659224, "ape_rot_deg": 4.266280774850485, "rpe_8m_trans": 0.16803943734271526, "rpe_8m_rot": 1.8993993280425294, "rpe_16m_trans": 0.2027323079009652, "rpe_16m_rot": 2.554677205805258, "rpe_24m_trans": 0.24391972996675088, "rpe_24m_rot": 3.107716533841559, "rpe_32m_trans": 0.3027472284707172, "rpe_32m_rot": 3.1002830258588885, "rpe_40m_trans": 0.37332533031086723, "rpe_40m_rot": 2.253034592212846, "rpe_48m_trans": 0.43540187322167917, "rpe_48m_rot": 2.255597418316791}