{"ape_trans": 0.5604674785526453, "ape_rot_deg": 59.556760028658125, "rpe_8m_trans": 0.6794355407812576, "rpe_8m_rot": 0.8001920192947389, "rpe_16m_trans": 0.9537725543820037, "rpe_16m_rot": 1.0449244364726262, "rpe_24m_trans": 1.26037468599502, "rpe_24m_rot": 1.3856799058637808, "rpe_32m_trans": 1.397346764466917, "rpe_32m_rot": 1.4534254412010044, "rpe_40m_trans": 1.4942176421123505, "rpe_40m_rot": 1.5497185141098972, "rpe_48m_trans": 1.4943238914171832, "rpe_48m_rot": 1.6042747750749435}