{"ape_trans": 0.1013459449560013, "ape_rot_deg": 0.9307514217830773, "rpe_8m_trans": 0.14573091224319315, "rpe_8m_rot": 0.5746981181889895, "rpe_16m_trans": 0.17367172433363007, "rpe_16m_rot": 0.6895973056263183, "rpe_24m_trans": 0.16483256880410238, "rpe_24m_rot": 0.9790534070999425, "rpe_32m_trans": 0.16637233030103465, "rpe_32m_rot": 0.9654398225655304, "rpe_40m_trans": 0.18234767652641945, "rpe_40m_rot": 1.3277831846577588, "rpe_48m_trans": NaN, "rpe_48m_rot": NaN}