{"std": 0.0522381547810952, "rmse": 0.12456726142470612, "sse": 15.222179569092905, "max": 0.2560474305896434, "min": 0.029200260549740932, "median": 0.09938281273866627, "mean": 0.1130848257014062}