{"rmse": 429632.74353355676, "mean": 278409.52843944024, "median": 167456.03652696958, "std": 327219.23658351664, "min": 10829.940424998153, "max": 1748230.1274685978, "sse": 995832267835742.4}