{"rmse": 0.08895420797255285, "mean": 0.07886135301326394, "median": 0.07218335342245535, "std": 0.04115504971375384, "min": 0.011200011001299047, "max": 0.20199351702598628, "sse": 11.006775902389641}