{"std": 0.054393034099171844, "rmse": 0.13238015697633285, "sse": 22.045828499036787, "max": 0.25809012516577706, "min": 0.012152515341998908, "median": 0.1244225801131128, "mean": 0.12068928619626872}