{"rmse": 0.195140882165699, "mean": 0.17079555679517106, "median": 0.1550001560322808, "std": 0.0943866604528135, "min": 0.02512558015178039, "max": 0.448143882812075, "sse": 49.80859277126864}