{"ape_trans": 3.517920711155884, "ape_rot_deg": 18.34513374807984, "rpe_8m_trans": 2.242587238676242, "rpe_8m_rot": 6.081211074143803, "rpe_16m_trans": 4.43458523786887, "rpe_16m_rot": 9.882768780948672, "rpe_24m_trans": 5.2241678783401, "rpe_24m_rot": 13.557338948261165, "rpe_32m_trans": 5.989628563567119, "rpe_32m_rot": 18.479121560105575, "rpe_40m_trans": 8.55633710578853, "rpe_40m_rot": 21.33886680151486, "rpe_48m_trans": 11.557035326936386, "rpe_48m_rot": 24.83391332595888}