{"ape_trans": 0.07429337440196233, "ape_rot_deg": 1.351060881419161, "rpe_8m_trans": 0.041247433489487575, "rpe_8m_rot": 0.7325215075956721, "rpe_16m_trans": 0.05866805713097944, "rpe_16m_rot": 0.9843700313894818, "rpe_24m_trans": 0.07157952553711068, "rpe_24m_rot": 1.1547372910300269, "rpe_32m_trans": 0.08194356436429918, "rpe_32m_rot": 1.2068764955067115, "rpe_40m_trans": 0.09385798393256721, "rpe_40m_rot": 1.3335435376144924, "rpe_48m_trans": 0.10013709759676562, "rpe_48m_rot": 1.4855724797776}