{"rmse_8m_trans": 0.23673864962634442, "rmse_8m_rot": 1.354058926278619, "rmse_16m_trans": 0.34498985595679094, "rmse_16m_rot": 1.3140828375159437, "rmse_24m_trans": 0.4007507961063338, "rmse_24m_rot": 1.364279561021456, "rmse_32m_trans": 0.45700463751592874, "rmse_32m_rot": 1.5260269156687007, "rmse_40m_trans": 0.5063137416891507, "rmse_40m_rot": 1.6345915128032444, "rmse_48m_trans": 0.548037961045195, "rmse_48m_rot": 1.7869683747045355}