{"rmse": 0.2366361875055791, "mean": 0.21392188302452106, "median": 0.2001262211251211, "std": 0.10116379392064502, "min": 0.028182533522943476, "max": 0.5436217548776633, "sse": 73.24366429022568}