{"ape_trans": 1.332229249858069, "ape_rot_deg": 22.622490851514986, "rpe_8m_trans": 1.1117191678276002, "rpe_8m_rot": 1.6127898995057612, "rpe_16m_trans": 2.0214413098857302, "rpe_16m_rot": 2.4922480813919576, "rpe_24m_trans": 2.665232851823926, "rpe_24m_rot": 3.1679276816075106, "rpe_32m_trans": 2.847489839502432, "rpe_32m_rot": 3.380961265155733, "rpe_40m_trans": 2.8750207075905103, "rpe_40m_rot": 3.3023974966318264, "rpe_48m_trans": NaN, "rpe_48m_rot": NaN}