{"ape_trans": 0.06972006310866419, "ape_rot_deg": 0.8649852155900996, "rpe_8m_trans": 0.06822856907742826, "rpe_8m_rot": 0.6679949387960117, "rpe_16m_trans": 0.08968834415452662, "rpe_16m_rot": 0.8461399653733797, "rpe_24m_trans": 0.10875100780958044, "rpe_24m_rot": 1.0678473792904581, "rpe_32m_trans": 0.127163957958167, "rpe_32m_rot": 1.291961441711416, "rpe_40m_trans": 0.12076045752152116, "rpe_40m_rot": 1.4247933672213826, "rpe_48m_trans": 0.11793254726411904, "rpe_48m_rot": 1.5275819187965458}