{"rmse": 0.5132650387136647, "mean": 0.3919612477629062, "median": 0.3237663320363668, "std": 0.33137196655403023, "min": 0.05916687139108236, "max": 1.4788080558739665, "sse": 393.84429494878077}