{"rmse": 0.1563222709473636, "mean": 0.14580959209565825, "median": 0.14154381484074446, "std": 0.05635792088995751, "min": 0.035558117839776915, "max": 0.35112733923806033, "sse": 44.376960747759966}