{"std": 0.17824084287439532, "rmse": 0.4574846346720308, "sse": 205.7342237146645, "max": 0.9480156869719273, "min": 0.09817656295429901, "median": 0.35611517793492725, "mean": 0.4213340632947052}