{"rmse": 0.07311042127258868, "mean": 0.0681625745070028, "median": 0.07085038611068382, "std": 0.026438553955023262, "min": 0.0018542584967990096, "max": 0.1458972094964399, "sse": 14.757914141987523}