{"ape_trans": 0.3754889254555649, "ape_rot_deg": 19.073396839234935, "rpe_8m_trans": 0.446386471552115, "rpe_8m_rot": 0.6302058339121843, "rpe_16m_trans": 0.7171790807861984, "rpe_16m_rot": 0.8072990786721169, "rpe_24m_trans": 0.8138263430784084, "rpe_24m_rot": 1.0463499585840965, "rpe_32m_trans": 0.8220375773367158, "rpe_32m_rot": 1.2533105281885606, "rpe_40m_trans": 1.0397934960512238, "rpe_40m_rot": 2.758336367233665, "rpe_48m_trans": NaN, "rpe_48m_rot": NaN}