{"ape_trans": 8.460793456059406, "ape_rot_deg": 35.766887257774634, "rpe_8m_trans": 0.03629467463337444, "rpe_8m_rot": 0.6468611489027638, "rpe_16m_trans": 0.05147567965753214, "rpe_16m_rot": 0.6936041425092966, "rpe_24m_trans": 9.073771374096442, "rpe_24m_rot": 3.6285448166227363, "rpe_32m_trans": 12.448100671200974, "rpe_32m_rot": 4.870169245310029, "rpe_40m_trans": 15.811469266086474, "rpe_40m_rot": 6.262037387415502, "rpe_48m_trans": 16.989494705764407, "rpe_48m_rot": 6.771097064206136}