{"rmse": 13.729151051196418, "mean": 13.577257267905594, "median": 14.000503276317218, "std": 2.036583822893713, "min": 10.02167079195397, "max": 17.0401058475364, "sse": 188866.56776374084}