{"std": 0.1640095946549525, "rmse": 0.3880878046379885, "sse": 157.08846630540907, "max": 0.7453336727049144, "min": 0.06296358679075208, "median": 0.3033792212926306, "mean": 0.3517285842376927}