{"rmse": 2.4830408689772607, "mean": 2.399387801078591, "median": 2.2033713122931657, "std": 0.6390853910445712, "min": 1.792160135347954, "max": 4.661348816186167, "sse": 3588.3163189806055}