{"rmse": 0.23051366017730407, "mean": 0.2237731428186131, "median": 0.21872788794747036, "std": 0.055336498637140026, "min": 0.08625573813589744, "max": 0.5199432024934513, "sse": 28.002960547433922}