{"rmse": 129.81590100645525, "mean": 85.33776165585444, "median": 66.03883989384957, "std": 97.82450914615607, "min": 0.47180825844313456, "max": 547.5091699298714, "sse": 22952653.02590843}