{"ape_trans": 0.30279792713750475, "ape_rot_deg": 0.709063554031, "rpe_8m_trans": 0.1948480546332435, "rpe_8m_rot": 0.5460706077202794, "rpe_16m_trans": 0.2984057724801932, "rpe_16m_rot": 0.6300581411163104, "rpe_24m_trans": 0.3279412161684453, "rpe_24m_rot": 0.7178082744697042, "rpe_32m_trans": 0.3871915207758371, "rpe_32m_rot": 0.7818458258836333, "rpe_40m_trans": 0.49700097005151905, "rpe_40m_rot": 0.9450646907308685, "rpe_48m_trans": 0.6563660797938862, "rpe_48m_rot": 0.9938647455633576}