{"rmse": 0.2601253830933661, "mean": 0.2310907676007942, "median": 0.22635090055410376, "std": 0.11942475480044405, "min": 0.043362440754972115, "max": 0.5704472518534971, "sse": 88.50610112774737}