{"rmse": 0.045119413664444566, "mean": 0.03689337759961578, "median": 0.027532674243812928, "std": 0.0259738364265935, "min": 0.0015411101995044057, "max": 0.10580643308203466, "sse": 2.153835655809816}