{"ape_trans": 1.4730470656423749, "ape_rot_deg": 8.353525118556671, "rpe_8m_trans": 1.109304649635497, "rpe_8m_rot": 1.231368299608732, "rpe_16m_trans": 1.6069484714819684, "rpe_16m_rot": 1.7010787786739916, "rpe_24m_trans": 2.029125840494247, "rpe_24m_rot": 2.0989162098651892, "rpe_32m_trans": 2.4507670828147488, "rpe_32m_rot": 2.585022223756258, "rpe_40m_trans": 2.905363419894308, "rpe_40m_rot": 3.0745849593985453, "rpe_48m_trans": 2.9184055013496333, "rpe_48m_rot": 3.1602979312479422}