{"rmse": 0.3415817287560299, "mean": 0.3134131540595921, "median": 0.34605952291213016, "std": 0.1358317793536416, "min": 0.043728127241492575, "max": 0.6483934296831304, "sse": 103.37677659408276}