{"rmse": 0.05818504174268946, "mean": 0.05419048956824805, "median": 0.05328642045112492, "std": 0.02118702251266363, "min": 0.007381106940503136, "max": 0.11386665389526814, "sse": 4.614435249581776}