{"std": 0.035376114871755376, "rmse": 0.09878037635832713, "sse": 13.45567903706651, "max": 0.23404151080550686, "min": 0.026583508866683123, "median": 0.08875844182196152, "mean": 0.09222848394109665}