{"rmse": 0.4774451954025066, "mean": 0.4426956193483354, "median": 0.4641847500682596, "std": 0.17881415833968917, "min": 0.022714492392667315, "max": 0.8340413492206398, "sse": 318.451618714274}