{"ape_trans": 0.19364328368615244, "ape_rot_deg": 1.353763476239594, "rpe_8m_trans": 0.16294445288177695, "rpe_8m_rot": 0.7618745032955223, "rpe_16m_trans": 0.260416216503357, "rpe_16m_rot": 1.0100913429997447, "rpe_24m_trans": 0.30033953821353204, "rpe_24m_rot": 1.2200224552634686, "rpe_32m_trans": 0.38891879536466073, "rpe_32m_rot": 1.5247863184027688, "rpe_40m_trans": 0.37347752423009434, "rpe_40m_rot": 1.733940548892319, "rpe_48m_trans": 0.4245309980840998, "rpe_48m_rot": 2.0126592114343955}