{"rmse": 0.40008265607660254, "mean": 0.3893162896307005, "median": 0.4060711584811461, "std": 0.0921897951049549, "min": 0.17537492090760343, "max": 0.6511789678431293, "sse": 355.50687849083937}