{"rmse": 0.1577191480135034, "mean": 0.13790643623409676, "median": 0.11726990472217698, "std": 0.0765319834795649, "min": 0.01237859934151982, "max": 0.5584390779101693, "sse": 27.78574321916772}