{"ape_trans": 5084423.463969358, "ape_rot_deg": 107.86294776042745, "rpe_8m_trans": 0.04402857031841774, "rpe_8m_rot": 0.6518381780261896, "rpe_16m_trans": 0.05385841022552123, "rpe_16m_rot": 0.9334686068459361, "rpe_24m_trans": 0.07010396883693684, "rpe_24m_rot": 1.1915259501289779, "rpe_32m_trans": 0.08425368978319751, "rpe_32m_rot": 1.5036720042924714, "rpe_40m_trans": 0.11204765293421068, "rpe_40m_rot": 1.8427422991383804, "rpe_48m_trans": 0.1441956960545848, "rpe_48m_rot": 2.244008177226333}