{"rmse": 1.658544592006493, "mean": 1.6474608352434545, "median": 1.5552259669912554, "std": 0.19142350956171209, "min": 1.3420329447845887, "max": 2.2170594084552917, "sse": 1854.0190903162652}