{"rmse_8m_trans": 0.19131417625000324, "rmse_8m_rot": 1.616385996431774, "rmse_16m_trans": 0.26202285576607526, "rmse_16m_rot": 1.7536908924920565, "rmse_24m_trans": 0.31551841047962925, "rmse_24m_rot": 2.0583546487844346, "rmse_32m_trans": 0.3565005418410085, "rmse_32m_rot": 2.271790858864224, "rmse_40m_trans": 0.3893422302664176, "rmse_40m_rot": 2.2559055097165546, "rmse_48m_trans": 0.47947634015653295, "rmse_48m_rot": 2.612239255864095}