{"ape_trans": 0.08704056844013511, "ape_rot_deg": 2.675651504162402, "rpe_8m_trans": 0.14407651458440734, "rpe_8m_rot": 0.8453045853051131, "rpe_16m_trans": 0.1348126790931329, "rpe_16m_rot": 1.0762809560644182, "rpe_24m_trans": 0.15905030843104945, "rpe_24m_rot": 1.1523282540058595, "rpe_32m_trans": 0.1718200275768743, "rpe_32m_rot": 1.248370362628698, "rpe_40m_trans": 0.18629532359629525, "rpe_40m_rot": 1.152765764142342, "rpe_48m_trans": 0.18799553561282534, "rpe_48m_rot": 1.5721154214129076}