{"rmse": 0.1785386028648702, "mean": 0.13397931195461413, "median": 0.08955824337316239, "std": 0.11800668066303718, "min": 0.03250649421372248, "max": 0.5342211696556906, "sse": 47.65466890584506}