{"rmse": 8.98729562239508, "mean": 8.970845197383992, "median": 9.08438111804394, "std": 0.5435246534375067, "min": 7.620922605907004, "max": 9.926360620964193, "sse": 237872.01626972767}