{"rmse": 3.416037898530474, "mean": 3.343103594006651, "median": 3.0530084882640853, "std": 0.7021205622514626, "min": 2.385110955705873, "max": 4.386505027204818, "sse": 67530.32546632513}