{"ape_trans": 0.18617132316269702, "ape_rot_deg": 2.3940456450354923, "rpe_8m_trans": 0.16584319062086694, "rpe_8m_rot": 1.4615830268959868, "rpe_16m_trans": 0.22368604017521582, "rpe_16m_rot": 2.070362600712007, "rpe_24m_trans": 0.24254965579615692, "rpe_24m_rot": 2.7895178416279087, "rpe_32m_trans": 0.2942658897532338, "rpe_32m_rot": 3.3524162010197704, "rpe_40m_trans": 0.3115565571484216, "rpe_40m_rot": 3.68060316678795, "rpe_48m_trans": 0.35159926644796696, "rpe_48m_rot": 4.054689041113371}