{"ape_trans": 0.3469348597536048, "ape_rot_deg": 1.493874782320921, "rpe_8m_trans": 0.20155530787196058, "rpe_8m_rot": 1.2137471978271501, "rpe_16m_trans": 0.3278663349559944, "rpe_16m_rot": 1.5063677302366911, "rpe_24m_trans": 0.4198515797525225, "rpe_24m_rot": 1.5305682035831296, "rpe_32m_trans": 0.4719438128646698, "rpe_32m_rot": 1.6455943983679884, "rpe_40m_trans": 0.6223195674330706, "rpe_40m_rot": 2.016579268329185, "rpe_48m_trans": 0.804318686493956, "rpe_48m_rot": 2.29788772125932}