{"ape_trans": 0.21790282400537242, "ape_rot_deg": 1.9202667075606579, "rpe_8m_trans": 0.1734554276342045, "rpe_8m_rot": 0.8720318003067714, "rpe_16m_trans": 0.27945142234973236, "rpe_16m_rot": 1.4172111394091866, "rpe_24m_trans": 0.31895509557342977, "rpe_24m_rot": 1.84972522130481, "rpe_32m_trans": 0.40550229269379606, "rpe_32m_rot": 2.437747854048657, "rpe_40m_trans": 0.36743887570672445, "rpe_40m_rot": 3.0142372525344423, "rpe_48m_trans": 0.4879583312592368, "rpe_48m_rot": 3.45427876048566}