{"rmse": 0.06302621096799248, "mean": 0.05497653981174507, "median": 0.04305836396437407, "std": 0.03082017747044142, "min": 0.006166136129037773, "max": 0.14206793994908115, "sse": 4.917711446999586}