{"std": 0.41346159012394534, "rmse": 2.263567447989242, "sse": 2572.116270981457, "max": 4.736812110079586, "min": 0.6488744484970798, "median": 2.215344945411873, "mean": 2.225485813275094}