{"ape_trans": 3.0451333617569385, "ape_rot_deg": 15.193234921642663, "rpe_8m_trans": 0.8811658462348381, "rpe_8m_rot": 1.4128714564032647, "rpe_16m_trans": 3.088178935443476, "rpe_16m_rot": 1.594877389337396, "rpe_24m_trans": 3.5741659589233916, "rpe_24m_rot": 1.660511610180958, "rpe_32m_trans": 4.093862949161947, "rpe_32m_rot": 1.7857805151909032, "rpe_40m_trans": 4.728624417645758, "rpe_40m_rot": 1.8504599044953651, "rpe_48m_trans": 5.463079516739263, "rpe_48m_rot": 1.8338363314861534}