{"ape_trans": 1.4065148549189335, "ape_rot_deg": 21.05603815827702, "rpe_8m_trans": 1.1390231449651336, "rpe_8m_rot": 2.8585476900649174, "rpe_16m_trans": 1.8062743104452805, "rpe_16m_rot": 4.3683407766935085, "rpe_24m_trans": 2.4449990984336902, "rpe_24m_rot": 5.847385009375068, "rpe_32m_trans": 2.725806495173011, "rpe_32m_rot": 6.5484348719186, "rpe_40m_trans": 2.898289336310997, "rpe_40m_rot": 7.036319825774466, "rpe_48m_trans": 2.8852171646763303, "rpe_48m_rot": 7.126100522798224}