{"rmse_8m_trans": 0.06326887132497647, "rmse_8m_rot": 0.9756295074326968, "rmse_16m_trans": 0.09732638218111057, "rmse_16m_rot": 1.3311907623241397, "rmse_24m_trans": 0.12284758993563086, "rmse_24m_rot": 1.7195285695553433, "rmse_32m_trans": 0.14598783516163616, "rmse_32m_rot": 2.0965048173186007, "rmse_40m_trans": 0.17014219974756895, "rmse_40m_rot": 2.434331039115571, "rmse_48m_trans": 0.19460531275733162, "rmse_48m_rot": 2.8177954911263603}