{"ape_trans": 0.07515801834833041, "ape_rot_deg": 6.150420269905721, "rpe_8m_trans": 0.3159935819494913, "rpe_8m_rot": 3.6387890851915308, "rpe_16m_trans": 0.2655467936280807, "rpe_16m_rot": 3.008940515633886, "rpe_24m_trans": 0.31337542637214993, "rpe_24m_rot": 2.9046427547183145, "rpe_32m_trans": 0.27754490257976416, "rpe_32m_rot": 3.129377713319565, "rpe_40m_trans": 0.27019055424636096, "rpe_40m_rot": 2.9906778001183603, "rpe_48m_trans": 0.38946673381569186, "rpe_48m_rot": 3.2531200638196602}