{"ape_trans": 0.1581284211035187, "ape_rot_deg": 2.544332831047695, "rpe_8m_trans": 0.05733113417673355, "rpe_8m_rot": 1.005217878800825, "rpe_16m_trans": 0.09023556635094178, "rpe_16m_rot": 1.2973235397980685, "rpe_24m_trans": 0.1128445496922081, "rpe_24m_rot": 1.7068006379460385, "rpe_32m_trans": 0.13720417429937432, "rpe_32m_rot": 2.117028740722312, "rpe_40m_trans": 0.16141458672774925, "rpe_40m_rot": 2.482598146096044, "rpe_48m_trans": 0.18517867613529979, "rpe_48m_rot": 2.8897613497577344}