{"rmse": 133.7186223786734, "mean": 133.27219591178329, "median": 124.58015263544621, "std": 10.91749823455446, "min": 122.01254847884731, "max": 147.9019684561761, "sse": 55322792.88981067}