{"rmse": 3.222065777197958, "mean": 3.1887643919860333, "median": 3.166022240635129, "std": 0.46204926684524084, "min": 2.312149668648993, "max": 4.25422887991612, "sse": 17244.01677637246}