{"rmse": 0.2002115215116303, "mean": 0.17602291781746654, "median": 0.17456708754681943, "std": 0.09539699025140902, "min": 0.012858522060094964, "max": 0.343127766942502, "sse": 50.30623994923251}