{"rmse": 0.24938294614824288, "mean": 0.23873736815823324, "median": 0.23861756722595523, "std": 0.07208552472208013, "min": 0.04438919206425662, "max": 0.40769359438408564, "sse": 86.26010126162387}