{"rmse": 0.12225585720512633, "mean": 0.098562651777088, "median": 0.07561068079475695, "std": 0.07233186224361107, "min": 0.01430647691910172, "max": 0.3290141869255065, "sse": 18.7578507493051}