{"rmse": 0.06810701301922534, "mean": 0.05967379463601815, "median": 0.04825590489637034, "std": 0.03282687094651669, "min": 0.015712016336209573, "max": 0.15555765376274566, "sse": 5.951279180340393}