{"rmse": 0.47595142559384135, "mean": 0.4648683800216576, "median": 0.45542672795009254, "std": 0.10211341136623332, "min": 0.16792067264986288, "max": 1.18770596606622, "sse": 114.6240583195538}