{"std": 0.8256751762684315, "rmse": 10.25517155076526, "sse": 330018.8896147917, "max": 12.230479630059301, "min": 8.97701849821351, "median": 10.078483145991822, "mean": 10.22187869419899}