{"std": 0.7340531014316236, "rmse": 7.845281870081959, "sse": 193139.0286348131, "max": 9.98510974232168, "min": 6.276813254068651, "median": 7.667427813871707, "mean": 7.810865103515441}