{"ape_trans": 0.15594729757318607, "ape_rot_deg": 1.5039812103739203, "rpe_8m_trans": 0.16543598121033304, "rpe_8m_rot": 0.7319449665900045, "rpe_16m_trans": 0.24613546100872863, "rpe_16m_rot": 1.0294003594982541, "rpe_24m_trans": 0.27980464175091385, "rpe_24m_rot": 1.196789685364886, "rpe_32m_trans": 0.36463236207139665, "rpe_32m_rot": 1.484361880877701, "rpe_40m_trans": 0.302372699584915, "rpe_40m_rot": 1.7087239411356985, "rpe_48m_trans": 0.3537755057565568, "rpe_48m_rot": 1.9556119501515796}