{"ape_trans": 0.16688587230002033, "ape_rot_deg": 4.651837618724268, "rpe_8m_trans": 0.16191900262254597, "rpe_8m_rot": 1.9706378333163839, "rpe_16m_trans": 0.1968219039382015, "rpe_16m_rot": 2.759701267957629, "rpe_24m_trans": 0.23072154338929182, "rpe_24m_rot": 3.417095394407182, "rpe_32m_trans": 0.26875886034910995, "rpe_32m_rot": 3.557540567538805, "rpe_40m_trans": 0.3207433706301008, "rpe_40m_rot": 2.8730956167740036, "rpe_48m_trans": 0.3606540289112745, "rpe_48m_rot": 2.6808941446994488}