{"ape_trans": 1.454494727371295, "ape_rot_deg": 161.6002254187729, "rpe_8m_trans": 1.3516933407320846, "rpe_8m_rot": 3.1358846456664624, "rpe_16m_trans": 2.7012875689843736, "rpe_16m_rot": 6.2420196771868355, "rpe_24m_trans": 3.760725009417078, "rpe_24m_rot": 8.991762203795293, "rpe_32m_trans": 3.770889416673868, "rpe_32m_rot": 9.184101224381363, "rpe_40m_trans": 3.798136408019072, "rpe_40m_rot": 9.469574218025013, "rpe_48m_trans": NaN, "rpe_48m_rot": NaN}