{"rmse": 5.53082714958107, "mean": 5.522833926930645, "median": 5.593926624845979, "std": 0.2972446367672477, "min": 4.747275317364436, "max": 6.046235910455931, "sse": 90026.51408499222}