{"ape_trans": 3.59096944585982, "ape_rot_deg": 18.062117911357376, "rpe_8m_trans": 2.174474293953872, "rpe_8m_rot": 5.9175295325513, "rpe_16m_trans": 4.322305950347279, "rpe_16m_rot": 9.439930346568676, "rpe_24m_trans": 5.524188666937924, "rpe_24m_rot": 12.780331114295642, "rpe_32m_trans": 6.564930882538197, "rpe_32m_rot": 17.416481296432273, "rpe_40m_trans": 9.328633108504372, "rpe_40m_rot": 20.77437937306269, "rpe_48m_trans": 11.882809283995568, "rpe_48m_rot": 23.317171959969865}