{"std": 0.04714100185715519, "rmse": 0.1255045386876241, "sse": 21.705414360584417, "max": 0.254614644752084, "min": 0.014036144250136107, "median": 0.11992860698998849, "mean": 0.11631472467016817}