{"rmse": 0.5456564411450412, "mean": 0.5140124036510828, "median": 0.5635025743915101, "std": 0.1831179965375006, "min": 0.13136806080320146, "max": 1.0638125902113114, "sse": 387.95646014728254}