{"ape_trans": 5.641739612401154, "ape_rot_deg": 165.05980729274162, "rpe_8m_trans": 5.882436523961923, "rpe_8m_rot": 4.0773962329675655, "rpe_16m_trans": 6.701165715756938, "rpe_16m_rot": 6.102892245914576, "rpe_24m_trans": 7.137372755856039, "rpe_24m_rot": 7.427384601285067, "rpe_32m_trans": 7.406241756516954, "rpe_32m_rot": 9.81484351608384, "rpe_40m_trans": 7.941807165704236, "rpe_40m_rot": 11.684922639921224, "rpe_48m_trans": 7.78789376905884, "rpe_48m_rot": 13.966409157485394}