{"ape_trans": 0.158558608171973, "ape_rot_deg": 4.333924449492752, "rpe_8m_trans": 0.13138819287531808, "rpe_8m_rot": 2.290766124609397, "rpe_16m_trans": 0.1780428421056334, "rpe_16m_rot": 2.8610945568268655, "rpe_24m_trans": 0.227263607707722, "rpe_24m_rot": 3.7819164340477007, "rpe_32m_trans": 0.2245024325371904, "rpe_32m_rot": 4.79163639845318, "rpe_40m_trans": 0.27374902855006294, "rpe_40m_rot": 5.8378755984463995, "rpe_48m_trans": 0.34038114446997697, "rpe_48m_rot": 7.086925832787434}