{"std": 0.04311091748321224, "rmse": 0.10960206110620045, "sse": 7.688071551185471, "max": 0.16988165733760913, "min": 0.00998199469618795, "median": 0.10183072100758561, "mean": 0.10076735876504336}