{"rmse": 0.2514460031702128, "mean": 0.23007182395739825, "median": 0.2263559244553756, "std": 0.10144973302670944, "min": 0.07295977101671355, "max": 0.5383321650046984, "sse": 114.8167679986588}