{"ape_trans": 1.4726422713876242, "ape_rot_deg": 8.351931153856453, "rpe_8m_trans": 1.1089957733334226, "rpe_8m_rot": 1.230788510854729, "rpe_16m_trans": 1.6065199929285365, "rpe_16m_rot": 1.7004275382883627, "rpe_24m_trans": 2.028591184709128, "rpe_24m_rot": 2.0979014314626823, "rpe_32m_trans": 2.4501151495821967, "rpe_32m_rot": 2.583879020073387, "rpe_40m_trans": 2.904599411268371, "rpe_40m_rot": 3.0727994323413337, "rpe_48m_trans": 2.9175924106498865, "rpe_48m_rot": 3.158488446922013}