{"std": 0.4166494352935167, "rmse": 1.1091698492045083, "sse": 364.1562952977681, "max": 2.2287711983281877, "min": 0.07955515535446661, "median": 1.0109298385662355, "mean": 1.0279401745500294}