{"ape_trans": 0.2899948575029847, "ape_rot_deg": 0.9398790605540255, "rpe_8m_trans": 0.17034655811836313, "rpe_8m_rot": 0.5655579800838608, "rpe_16m_trans": 0.2659734818755503, "rpe_16m_rot": 0.6975191610370401, "rpe_24m_trans": 0.30855013067937825, "rpe_24m_rot": 0.9301864882360225, "rpe_32m_trans": 0.4047631024289744, "rpe_32m_rot": 1.1014373295076365, "rpe_40m_trans": 0.5224678089759068, "rpe_40m_rot": 1.2747404834438574, "rpe_48m_trans": 0.6770145970285956, "rpe_48m_rot": 1.3666047180342156}