{"rmse_8m_trans": 0.043917734975636225, "rmse_8m_rot": 0.8099657070207572, "rmse_16m_trans": 0.06167681760776272, "rmse_16m_rot": 0.9452844808745342, "rmse_24m_trans": 0.07629192892904041, "rmse_24m_rot": 1.053212972734016, "rmse_32m_trans": 0.0867224303432487, "rmse_32m_rot": 1.1529331402020297, "rmse_40m_trans": 0.0979416861528885, "rmse_40m_rot": 1.2782126871443473, "rmse_48m_trans": 0.10783675110860344, "rmse_48m_rot": 1.3844836596302559}