{"rmse": 0.2652191245059375, "mean": 0.23020169300081028, "median": 0.20462186230790036, "std": 0.13171319046798866, "min": 0.024216230366467882, "max": 0.5154728712932423, "sse": 62.32228902727463}