{"rmse": 74.31558034271923, "mean": 72.730170259231, "median": 61.29361132045632, "std": 15.268523692172284, "min": 58.11732813821018, "max": 93.40002486145129, "sse": 6489296.440968309}