{"rmse": 0.21227346646570375, "mean": 0.20499511607353352, "median": 0.19297110623293906, "std": 0.05510922746115005, "min": 0.09046959053922242, "max": 0.35691793736842337, "sse": 62.363073998466895}