{"rmse": 36.848247934681, "mean": 33.99873763837792, "median": 29.408281013018048, "std": 14.208420561500391, "min": 24.908335145183568, "max": 128.58524651904912, "sse": 1606269.5636373197}