{"std": 0.45257870718181425, "rmse": 1.1351976385165956, "sse": 627.5840814264102, "max": 2.4458232140471563, "min": 0.09948157199525323, "median": 1.0295484844247258, "mean": 1.0410793400597733}