{"rmse_8m_trans": 0.18719147853471085, "rmse_8m_rot": 1.6444264865056517, "rmse_16m_trans": 0.257036401490763, "rmse_16m_rot": 1.7677851221013723, "rmse_24m_trans": 0.30238584712407424, "rmse_24m_rot": 2.0541252986060803, "rmse_32m_trans": 0.3389438208479951, "rmse_32m_rot": 2.287913348667088, "rmse_40m_trans": 0.371853549737634, "rmse_40m_rot": 2.296788655854485, "rmse_48m_trans": 0.4502905891665061, "rmse_48m_rot": 2.623279863797769}