{"std": 19.57910328953833, "rmse": 32.95186665854206, "sse": 405012.91757331125, "max": 97.64593209087882, "min": 7.368844231114332, "median": 20.589452951690348, "mean": 26.504419077956136}