{"ape_trans": 0.06757340851568398, "ape_rot_deg": 1.6184079790503658, "rpe_8m_trans": 0.09517697190644886, "rpe_8m_rot": 1.415982501554223, "rpe_16m_trans": 0.1275932052350849, "rpe_16m_rot": 2.2059864412858636, "rpe_24m_trans": 0.19072441175815127, "rpe_24m_rot": 3.2510414010447453, "rpe_32m_trans": 0.18006810621026248, "rpe_32m_rot": 4.854201872749151, "rpe_40m_trans": NaN, "rpe_40m_rot": NaN, "rpe_48m_trans": NaN, "rpe_48m_rot": NaN}