{"ape_trans": 0.06972152251193177, "ape_rot_deg": 0.8649472492862973, "rpe_8m_trans": 0.06822824480200558, "rpe_8m_rot": 0.6679901394003138, "rpe_16m_trans": 0.08969173145721142, "rpe_16m_rot": 0.8464336377194163, "rpe_24m_trans": 0.10875685440380072, "rpe_24m_rot": 1.067818996778698, "rpe_32m_trans": 0.12716958866816505, "rpe_32m_rot": 1.2918967636152972, "rpe_40m_trans": 0.12076745791332397, "rpe_40m_rot": 1.4247302505268533, "rpe_48m_trans": 0.11793353222066189, "rpe_48m_rot": 1.5275304915205945}