{"ape_trans": 0.0644498220040942, "ape_rot_deg": 1.311118841550518, "rpe_8m_trans": 0.061376479583441716, "rpe_8m_rot": 0.8406028742673284, "rpe_16m_trans": 0.0817606644536086, "rpe_16m_rot": 1.2415896059153313, "rpe_24m_trans": 0.09654058883347687, "rpe_24m_rot": 1.6597180461684633, "rpe_32m_trans": 0.11137283919057714, "rpe_32m_rot": 2.0850845635427535, "rpe_40m_trans": 0.11681767561771748, "rpe_40m_rot": 2.5024395674427424, "rpe_48m_trans": 0.1197167198757306, "rpe_48m_rot": 2.853936542538614}