{"rmse_8m_trans": 0.19040201185906033, "rmse_8m_rot": 1.7937938418742467, "rmse_16m_trans": 0.25409896987433434, "rmse_16m_rot": 2.041609140852744, "rmse_24m_trans": 0.2994983680120575, "rmse_24m_rot": 2.4390656606891215, "rmse_32m_trans": 0.33990852373817765, "rmse_32m_rot": 2.8203268022392045, "rmse_40m_trans": 0.3756801997402749, "rmse_40m_rot": 2.9638054889133376, "rmse_48m_trans": 0.4660682850851093, "rmse_48m_rot": 3.4218768558578927}