{"std": 0.05603095050136463, "rmse": 0.12017979027024024, "sse": 16.190807010116202, "max": 0.2961744604561583, "min": 0.009386995422961043, "median": 0.09634924485620042, "mean": 0.10631892858429565}