{"rmse": 0.14039063031747778, "mean": 0.13107207607282806, "median": 0.1266937934702785, "std": 0.05029552619167515, "min": 0.04116074216358344, "max": 0.3741840064263801, "sse": 10.189826534845315}