{"rmse": 133.8050551167485, "mean": 133.35845334631065, "median": 124.66050141031961, "std": 10.92317242727557, "min": 122.09293151210775, "max": 147.9900797271769, "sse": 55394334.84521914}