{"rmse": 0.17093139917802175, "mean": 0.15401426701531498, "median": 0.13994516049639485, "std": 0.07414275946234723, "min": 0.020982784180076274, "max": 0.32454930270509363, "sse": 67.4633073064239}