{"rmse": 0.33394999119556834, "mean": 0.30324388420843346, "median": 0.2867352509264845, "std": 0.13987760117224768, "min": 0.05023540082524848, "max": 0.6899910588448497, "sse": 98.80902060489488}