{"ape_trans": 0.03613346594447488, "ape_rot_deg": 0.7380440447148087, "rpe_8m_trans": 0.04481747745075695, "rpe_8m_rot": 0.7336951761003866, "rpe_16m_trans": 0.05646921540247016, "rpe_16m_rot": 0.7980197731586276, "rpe_24m_trans": 0.06379872465483007, "rpe_24m_rot": 0.8893170435997615, "rpe_32m_trans": 0.06561185200429516, "rpe_32m_rot": 0.9366013770308668, "rpe_40m_trans": 0.06025431766583004, "rpe_40m_rot": 0.9392193889521816, "rpe_48m_trans": 0.06367944821740837, "rpe_48m_rot": 0.9318212993238462}