{"std": 0.08234254529587064, "rmse": 0.230524508858911, "sse": 47.24283722514686, "max": 0.4388886103567389, "min": 0.03568282763586637, "median": 0.21410118889968993, "mean": 0.21531663758019173}