{"ape_trans": 11375820.227103362, "ape_rot_deg": 160.94998753637952, "rpe_8m_trans": 0.029755002604746245, "rpe_8m_rot": 0.49115375699341723, "rpe_16m_trans": 0.03158691800219378, "rpe_16m_rot": 0.5589190332221826, "rpe_24m_trans": 0.036782354831357, "rpe_24m_rot": 0.6824769465653854, "rpe_32m_trans": 0.039475312544588144, "rpe_32m_rot": 0.8398684053151988, "rpe_40m_trans": 0.04513930661464991, "rpe_40m_rot": 0.9841420626602021, "rpe_48m_trans": 0.04927964504282413, "rpe_48m_rot": 1.161166335246446}