{"ape_trans": 0.8800247214122244, "ape_rot_deg": 29.970452318524355, "rpe_8m_trans": 0.8077867595365495, "rpe_8m_rot": 1.4440400122925232, "rpe_16m_trans": 1.1956284133228787, "rpe_16m_rot": 2.0616029214854525, "rpe_24m_trans": 1.6069720803483847, "rpe_24m_rot": 2.7665585807883653, "rpe_32m_trans": 1.7852810378708597, "rpe_32m_rot": 3.0952032846182957, "rpe_40m_trans": 1.9100972014839823, "rpe_40m_rot": 3.3824879462430912, "rpe_48m_trans": 1.9166499032556064, "rpe_48m_rot": 3.582590812889207}