{"std": 97.67318391788808, "rmse": 129.63922192266654, "sse": 22890218.546292987, "max": 546.375672498637, "min": 0.5076204184624749, "median": 65.98053179594845, "mean": 85.24246010091915}