{"ape_trans": 1.2817694166382292, "ape_rot_deg": 23.929311576681176, "rpe_8m_trans": 1.3704065363917035, "rpe_8m_rot": 5.779358786533224, "rpe_16m_trans": 2.1354443842918016, "rpe_16m_rot": 11.39514921885497, "rpe_24m_trans": 2.5362820906063006, "rpe_24m_rot": 15.137178683062984, "rpe_32m_trans": 2.4319249319876737, "rpe_32m_rot": 17.71621223922784, "rpe_40m_trans": 2.4462710407206405, "rpe_40m_rot": 20.34017331813629, "rpe_48m_trans": NaN, "rpe_48m_rot": NaN}