{"rmse_8m_trans": 0.2513517066308822, "rmse_8m_rot": 1.932845326244504, "rmse_16m_trans": 0.3697465939960928, "rmse_16m_rot": 2.217398075493129, "rmse_24m_trans": 0.4422143539670518, "rmse_24m_rot": 2.666817576702575, "rmse_32m_trans": 0.5322504003061194, "rmse_32m_rot": 3.157900472895161, "rmse_40m_trans": 0.611800760094811, "rmse_40m_rot": 3.4061441675899133, "rmse_48m_trans": 0.742190877679913, "rmse_48m_rot": 4.010478713320258}