{"rmse": 0.06809847858378944, "mean": 0.059687110403889986, "median": 0.04831060567336107, "std": 0.03278493002982737, "min": 0.01572807526955188, "max": 0.1555411309615083, "sse": 5.949787773702622}