{"ape_trans": 3950487.159974056, "ape_rot_deg": 150.97461714804479, "rpe_8m_trans": 0.0905614782267881, "rpe_8m_rot": 2.1872000295401532, "rpe_16m_trans": 0.09257912967659798, "rpe_16m_rot": 2.250419832111914, "rpe_24m_trans": 0.09942504285564883, "rpe_24m_rot": 2.4224060533170952, "rpe_32m_trans": 0.1175550932345079, "rpe_32m_rot": 2.3949238541031845, "rpe_40m_trans": 0.1287111699425974, "rpe_40m_rot": 2.2120186825104926, "rpe_48m_trans": 0.14967232118088683, "rpe_48m_rot": 2.983257674776112}