{"std": 0.042574321645905036, "rmse": 0.09835372126664112, "sse": 10.814922116461679, "max": 0.2816089647818221, "min": 0.006609053513154018, "median": 0.08359135984012092, "mean": 0.08866161302044509}