{"rmse": 0.07880028766727963, "mean": 0.07351527712888599, "median": 0.07329155288391051, "std": 0.028372334502277313, "min": 0.005995707065296846, "max": 0.13866004601382412, "sse": 6.557216515286999}