{"rmse": 0.2356697984316113, "mean": 0.21438951471564044, "median": 0.20786480991794015, "std": 0.0978641398714999, "min": 0.03432723223335108, "max": 0.5188860066791228, "sse": 72.64665209177755}