{"rmse": 0.08717073770399215, "mean": 0.0694670660368447, "median": 0.056405398531778894, "std": 0.0526598922149567, "min": 0.0019131865761960018, "max": 0.21641146034084927, "sse": 9.5440143148939}