{"ape_trans": 3.3073513523823683, "ape_rot_deg": 26.23203298428029, "rpe_8m_trans": 1.2533470723435538, "rpe_8m_rot": 1.4815659102189547, "rpe_16m_trans": 3.3216925046985613, "rpe_16m_rot": 3.881639310985894, "rpe_24m_trans": 4.2679934869070815, "rpe_24m_rot": 5.027153753418572, "rpe_32m_trans": 5.19041437630757, "rpe_32m_rot": 6.186211706132214, "rpe_40m_trans": 6.358665580038285, "rpe_40m_rot": 7.713125923735793, "rpe_48m_trans": 6.601117978548978, "rpe_48m_rot": 8.361740280833112}