{"std": 0.5239580323832982, "rmse": 1.2031557637244104, "sse": 1307.1681639802919, "max": 2.408926190161245, "min": 0.1838571415518773, "median": 1.0482642990655053, "mean": 1.0830751460929622}