{"rmse": 0.086165223837859, "mean": 0.08289139192277051, "median": 0.08239918040037925, "std": 0.023525793166947646, "min": 0.0026252721721003944, "max": 0.1783009596853755, "sse": 18.924912341723253}