{"ape_trans": 13.738763165092422, "ape_rot_deg": 67.77359925570583, "rpe_8m_trans": 1.2159144755673619, "rpe_8m_rot": 1.1324220924743185, "rpe_16m_trans": 1.2529639730637405, "rpe_16m_rot": 1.139595709629091, "rpe_24m_trans": 1.4814309268835082, "rpe_24m_rot": 1.3297911369885977, "rpe_32m_trans": 14.885257941269737, "rpe_32m_rot": 8.004746545766062, "rpe_40m_trans": 21.14352771077601, "rpe_40m_rot": 11.327622433049301, "rpe_48m_trans": 25.199872832256478, "rpe_48m_rot": 13.384267545831312}