{"ape_trans": 6.2701485224849565, "ape_rot_deg": 173.90162722654904, "rpe_8m_trans": 6.001210313592024, "rpe_8m_rot": 3.8367354438995562, "rpe_16m_trans": 7.567465603785553, "rpe_16m_rot": 6.0636472079437675, "rpe_24m_trans": 7.757747434450221, "rpe_24m_rot": 7.423015892682622, "rpe_32m_trans": 8.17759163963462, "rpe_32m_rot": 9.790299316601489, "rpe_40m_trans": 8.827745546885666, "rpe_40m_rot": 11.726730892233508, "rpe_48m_trans": 8.582713811073752, "rpe_48m_rot": 13.960996716705676}