{"ape_trans": 0.08609530145380458, "ape_rot_deg": 2.0295486490192403, "rpe_8m_trans": 0.11419070407465048, "rpe_8m_rot": 1.7469127376118851, "rpe_16m_trans": 0.17261128390826855, "rpe_16m_rot": 2.8559984698444327, "rpe_24m_trans": 0.26755889315723025, "rpe_24m_rot": 4.229275341880873, "rpe_32m_trans": 0.23030828983960416, "rpe_32m_rot": 6.219477434860243, "rpe_40m_trans": 0.17709516205695713, "rpe_40m_rot": 7.699409439735165, "rpe_48m_trans": NaN, "rpe_48m_rot": NaN}