{"ape_trans": 4.614179873551886, "ape_rot_deg": 26.453105591877176, "rpe_8m_trans": 2.8457625669663336, "rpe_8m_rot": 5.331459015565341, "rpe_16m_trans": 4.771884835383448, "rpe_16m_rot": 8.784901564066447, "rpe_24m_trans": 6.229607203030084, "rpe_24m_rot": 12.156627993671826, "rpe_32m_trans": 6.896282706564481, "rpe_32m_rot": 14.361267430075307, "rpe_40m_trans": 7.590716765833537, "rpe_40m_rot": 17.39399329508469, "rpe_48m_trans": 8.337838743705845, "rpe_48m_rot": 20.854630132116473}