{"rmse": 0.11075726058734389, "mean": 0.0987283241057054, "median": 0.09264784403639845, "std": 0.050198493922543046, "min": 0.033668369310155835, "max": 0.41291341260457176, "sse": 9.703332081294926}