{"rmse": 0.12202071000251033, "mean": 0.08604813384083877, "median": 0.06107656109323663, "std": 0.08651457872535602, "min": 0.006529886801130559, "max": 0.3437582561147849, "sse": 18.700651408913007}