{"rmse": 129.6467334158532, "mean": 85.24389969952199, "median": 65.97729469662528, "std": 97.68189724518632, "min": 0.4961372681025016, "max": 546.4718563989734, "sse": 22892871.211116582}