{"std": 0.19098082168813932, "rmse": 0.4421179475843459, "sse": 60.0087618298917, "max": 0.779458224386544, "min": 0.08470312466413955, "median": 0.4049785474892706, "mean": 0.398741276172304}