{"std": 0.189858029692881, "rmse": 0.5685841658190509, "sse": 298.0714932377746, "max": 0.9059359847986646, "min": 0.11669659216929248, "median": 0.5554379848243378, "mean": 0.5359495145825613}