{"ape_trans": 4.794118871121087, "ape_rot_deg": 19.38777143779071, "rpe_8m_trans": 0.8612848058033814, "rpe_8m_rot": 3.209680632074466, "rpe_16m_trans": 6.359735381477767, "rpe_16m_rot": 18.54310652149725, "rpe_24m_trans": 9.414363566543528, "rpe_24m_rot": 27.301476716302293, "rpe_32m_trans": 9.677866389511143, "rpe_32m_rot": 27.93331794935519, "rpe_40m_trans": 9.702037912749018, "rpe_40m_rot": 28.8930462447656, "rpe_48m_trans": 9.702187665064217, "rpe_48m_rot": 29.87128186184669}