{"ape_trans": 0.12878114697063184, "ape_rot_deg": 4.337293433232845, "rpe_8m_trans": 0.13621426186478638, "rpe_8m_rot": 1.6400938345344658, "rpe_16m_trans": 0.1727486834394771, "rpe_16m_rot": 2.113971782317098, "rpe_24m_trans": 0.2058118811105858, "rpe_24m_rot": 2.6546936216497796, "rpe_32m_trans": 0.23028662978279943, "rpe_32m_rot": 2.7743935786480507, "rpe_40m_trans": 0.26570638968620897, "rpe_40m_rot": 2.3755814474693624, "rpe_48m_trans": 0.28807355396080314, "rpe_48m_rot": 2.5840319921676564}