{"rmse": 0.33586964007853154, "mean": 0.3213906537089809, "median": 0.353644393862946, "std": 0.09755235945376332, "min": 0.06392528423890409, "max": 0.5012984352993277, "sse": 104.23497557686967}