{"ape_trans": 0.15626352242277186, "ape_rot_deg": 4.517577027755668, "rpe_8m_trans": 0.14983851101164083, "rpe_8m_rot": 1.6217987969523202, "rpe_16m_trans": 0.19109412853363336, "rpe_16m_rot": 2.0544344916718487, "rpe_24m_trans": 0.23310219141649943, "rpe_24m_rot": 2.495176863720717, "rpe_32m_trans": 0.2736994671050154, "rpe_32m_rot": 2.525688952541267, "rpe_40m_trans": 0.3193007357054556, "rpe_40m_rot": 1.8930541322546643, "rpe_48m_trans": 0.354556751953396, "rpe_48m_rot": 1.8752148767212329}