{"rmse": 3.066226664987684, "mean": 2.542193295964564, "median": 2.014039363692235, "std": 1.714350957952986, "min": 0.39676987074748893, "max": 10.074726900710584, "sse": 9204.309295898784}