{"ape_trans": 1.6041060847016304, "ape_rot_deg": 24.276949316557513, "rpe_8m_trans": 1.6121543472713964, "rpe_8m_rot": 5.933796647712457, "rpe_16m_trans": 2.670209699416745, "rpe_16m_rot": 11.986820660108828, "rpe_24m_trans": 3.199695336173695, "rpe_24m_rot": 15.955442045741137, "rpe_32m_trans": 3.116935506599522, "rpe_32m_rot": 18.658922949146014, "rpe_40m_trans": 3.0954706947168367, "rpe_40m_rot": 21.269265076065953, "rpe_48m_trans": NaN, "rpe_48m_rot": NaN}