{"rmse": 0.44264831501921353, "mean": 0.377783528136888, "median": 0.33041558372081603, "std": 0.23068839731940152, "min": 0.1170031808156952, "max": 1.365750205457659, "sse": 267.65066705825063}