{"ape_trans": 3.3486241414657734, "ape_rot_deg": 16.563460351430514, "rpe_8m_trans": 1.1337670307864591, "rpe_8m_rot": 0.9733805550423579, "rpe_16m_trans": 3.3516526798661226, "rpe_16m_rot": 2.3657907613117217, "rpe_24m_trans": 4.320325540602019, "rpe_24m_rot": 3.002789582092109, "rpe_32m_trans": 5.256762654386366, "rpe_32m_rot": 3.646744503043048, "rpe_40m_trans": 6.420024268367363, "rpe_40m_rot": 4.465969671742549, "rpe_48m_trans": 6.691382699094858, "rpe_48m_rot": 4.668188225184945}