{"ape_trans": 0.21012050524891634, "ape_rot_deg": 3.258224598305858, "rpe_8m_trans": 0.07657364460031704, "rpe_8m_rot": 1.0733083669203516, "rpe_16m_trans": 0.11282947354529814, "rpe_16m_rot": 1.3916178362136653, "rpe_24m_trans": 0.1361517217072747, "rpe_24m_rot": 1.7761609088079695, "rpe_32m_trans": 0.1614060875046384, "rpe_32m_rot": 2.216420048205348, "rpe_40m_trans": 0.2020520911341277, "rpe_40m_rot": 2.6689054345704912, "rpe_48m_trans": 0.24271999251864562, "rpe_48m_rot": 3.138727258576541}