{"rmse": 0.47131037926172975, "mean": 0.3923063530975128, "median": 0.33702613784767144, "std": 0.2612071953816837, "min": 0.08181298414137467, "max": 1.4964816162614654, "sse": 303.4343249373753}