{"ape_trans": 0.16504478305892067, "ape_rot_deg": 3.337428131921152, "rpe_8m_trans": 0.12986230776935684, "rpe_8m_rot": 1.55615131492755, "rpe_16m_trans": 0.17232450463661536, "rpe_16m_rot": 1.8553920013637921, "rpe_24m_trans": 0.2087358074048925, "rpe_24m_rot": 2.300920004612113, "rpe_32m_trans": 0.2687830304965301, "rpe_32m_rot": 2.9742754434823455, "rpe_40m_trans": 0.28976066990179083, "rpe_40m_rot": 3.6008499508123606, "rpe_48m_trans": 0.30361402382525793, "rpe_48m_rot": 4.3765458988945}