{"ape_trans": 0.23163654115444993, "ape_rot_deg": 3.759370807096109, "rpe_8m_trans": 0.19272067182633473, "rpe_8m_rot": 1.6113288062325593, "rpe_16m_trans": 0.28111915387706543, "rpe_16m_rot": 2.7226550493364385, "rpe_24m_trans": 0.313352326450847, "rpe_24m_rot": 3.819441505719112, "rpe_32m_trans": 0.33251681867467014, "rpe_32m_rot": 4.935704337827545, "rpe_40m_trans": 0.36716909863006447, "rpe_40m_rot": 6.1367932866932735, "rpe_48m_trans": 0.4417406516869614, "rpe_48m_rot": 7.360447287833525}