{"ape_trans": 0.22032353467943577, "ape_rot_deg": 1.6967734689605967, "rpe_8m_trans": 0.17998812042732176, "rpe_8m_rot": 1.1713322402398199, "rpe_16m_trans": 0.2862691762426854, "rpe_16m_rot": 1.5312053095804166, "rpe_24m_trans": 0.3557191418234543, "rpe_24m_rot": 1.7442447620959125, "rpe_32m_trans": 0.37209291434442837, "rpe_32m_rot": 1.9377892726534383, "rpe_40m_trans": 0.5066030850806407, "rpe_40m_rot": 2.4280725277647552, "rpe_48m_trans": 0.6523947787070832, "rpe_48m_rot": 2.7351372956797597}