{"std": 0.05177628330272531, "rmse": 0.11159058332600513, "sse": 13.959205739769704, "max": 0.28967550324332386, "min": 0.01330490204748739, "median": 0.09158180455602079, "mean": 0.09885178184733963}