{"rmse_8m_trans": 0.06247857567140052, "rmse_8m_rot": 0.9462939606913974, "rmse_16m_trans": 0.09526989927985324, "rmse_16m_rot": 1.2906268558083571, "rmse_24m_trans": 0.11752066183601698, "rmse_24m_rot": 1.6477031965002331, "rmse_32m_trans": 0.13983593756924553, "rmse_32m_rot": 1.9705451089791648, "rmse_40m_trans": 0.16110165747155694, "rmse_40m_rot": 2.281655771706459, "rmse_48m_trans": 0.18072308285153532, "rmse_48m_rot": 2.6409873428577013}