{"std": 1.150918001543555, "rmse": 2.3759620636689505, "sse": 2551.6284690532957, "max": 5.086467025463026, "min": 0.37865683603394906, "median": 2.234324547446371, "mean": 2.0786013282293956}