{"ape_trans": 0.04826320738789569, "ape_rot_deg": 0.7690583750484073, "rpe_8m_trans": 0.054397358265598446, "rpe_8m_rot": 0.6584931766612707, "rpe_16m_trans": 0.06468043245841552, "rpe_16m_rot": 0.8169807391755481, "rpe_24m_trans": 0.06445167032771731, "rpe_24m_rot": 1.0030614105707898, "rpe_32m_trans": 0.07765982222831078, "rpe_32m_rot": 1.17541930609438, "rpe_40m_trans": 0.08394829313449145, "rpe_40m_rot": 1.2862316553387219, "rpe_48m_trans": 0.09466945104851894, "rpe_48m_rot": 1.3544831035414104}