{"rmse": 1.4730470656423749, "mean": 1.4716487902232052, "median": 1.4784494290919648, "std": 0.06416771643270497, "min": 1.3048462077434702, "max": 1.6783405745479913, "sse": 2063.544142375328}