{"rmse_8m_trans": 0.1850685090830202, "rmse_8m_rot": 1.6500372194635546, "rmse_16m_trans": 0.24838933170176428, "rmse_16m_rot": 1.7796521447843971, "rmse_24m_trans": 0.29799571769272404, "rmse_24m_rot": 2.0671632125926687, "rmse_32m_trans": 0.34299478997719807, "rmse_32m_rot": 2.278693951513222, "rmse_40m_trans": 0.38738331445513974, "rmse_40m_rot": 2.2124971649942546, "rmse_48m_trans": 0.4829367180944725, "rmse_48m_rot": 2.5018087745308573}