{"ape_trans": 16.506836185379147, "ape_rot_deg": 123.1822052126533, "rpe_8m_trans": 3.6053941001814103, "rpe_8m_rot": 1.540604562025093, "rpe_16m_trans": 7.778015683351759, "rpe_16m_rot": 1.9391648522755263, "rpe_24m_trans": 13.701187429468881, "rpe_24m_rot": 3.8385697123584244, "rpe_32m_trans": 18.416660338628347, "rpe_32m_rot": 5.1455933912398875, "rpe_40m_trans": 22.591814492513997, "rpe_40m_rot": 5.758150453514868, "rpe_48m_trans": 26.938382237580072, "rpe_48m_rot": 6.317522154584897}