{"std": 0.08963737785616938, "rmse": 0.9619445743502892, "sse": 1311.203044960816, "max": 1.2458234218683237, "min": 0.7564527113898488, "median": 0.9497167211564481, "mean": 0.957759105732245}