{"std": 0.36358660046360225, "rmse": 0.6957556253595792, "sse": 685.9355364410304, "max": 2.2465445429055015, "min": 0.09123514054235649, "median": 0.5190044672684361, "mean": 0.5931953086318368}