{"rmse": 0.08704056844013511, "mean": 0.08376975975823417, "median": 0.08236096032167853, "std": 0.0236365797955113, "min": 0.02539054055844803, "max": 0.14097771722622476, "sse": 5.772958142438965}