{"rmse": 0.06972130184492126, "mean": 0.06415974412887072, "median": 0.06121093442182077, "std": 0.027287124514474945, "min": 0.006845560447342565, "max": 0.13697903060552427, "sse": 6.129796572928732}