{"rmse": 3.5006265787138515, "mean": 3.4978447893699522, "median": 3.484815105359605, "std": 0.13952875357904215, "min": 3.1163909123903917, "max": 4.0649004260467825, "sse": 23577.439517482257}