{"rmse": 0.625847499620959, "mean": 0.5838704729603411, "median": 0.5303265484479498, "std": 0.22534498793377628, "min": 0.3574696378698054, "max": 2.429944702146874, "sse": 405.78575612195135}