{"rmse": 0.7234596042610311, "mean": 0.4711232820949566, "median": 0.26608247736544965, "std": 0.5490324690449587, "min": 0.12317718988372843, "max": 2.1530580497994785, "sse": 207.263944403021}