{"rmse": 0.04819662112542962, "mean": 0.042589121029081856, "median": 0.03508190394257578, "std": 0.0225628246874904, "min": 0.0028863777477056997, "max": 0.10553898053280836, "sse": 2.871122059854546}