{"rmse": 0.07559685645482679, "mean": 0.06544557988185265, "median": 0.0501746653253613, "std": 0.03783861492945704, "min": 0.004490463064358856, "max": 0.14789968084228114, "sse": 6.046348018791083}