{"std": 0.10478271202881495, "rmse": 0.23796421018720001, "sse": 102.83456903931253, "max": 0.40990772551908733, "min": 0.01590930038817758, "median": 0.19106683499225408, "mean": 0.21365286936969594}