{"ape_trans": 0.0678324473991316, "ape_rot_deg": 0.6449254755954814, "rpe_8m_trans": 0.04349371785132834, "rpe_8m_rot": 0.7882375509395103, "rpe_16m_trans": 0.058924596101919434, "rpe_16m_rot": 0.9383150726179101, "rpe_24m_trans": 0.06462412538314963, "rpe_24m_rot": 0.9822526965423648, "rpe_32m_trans": 0.07000015200263097, "rpe_32m_rot": 0.9474472560417415, "rpe_40m_trans": 0.07672692291727337, "rpe_40m_rot": 0.9660076931292223, "rpe_48m_trans": 0.0882824510806683, "rpe_48m_rot": 0.9646252241776034}