{"rmse": 0.19049731268205702, "mean": 0.17545112108499528, "median": 0.17353305968643284, "std": 0.07420330349185078, "min": 0.025571009010004024, "max": 0.4035207212203724, "sse": 65.9012346685791}