{"std": 0.06417873990750368, "rmse": 0.12344183830410825, "sse": 17.1883370367165, "max": 0.2616484054958751, "min": 0.013388592086610642, "median": 0.08122875530274139, "mean": 0.10544655891864183}