{"ape_trans": 3.1336458705922303, "ape_rot_deg": 17.057948884088077, "rpe_8m_trans": 1.0506979940200527, "rpe_8m_rot": 0.9263350782588846, "rpe_16m_trans": 3.1485078947581733, "rpe_16m_rot": 2.182350880515517, "rpe_24m_trans": 4.078444410031709, "rpe_24m_rot": 2.822616036698353, "rpe_32m_trans": 5.11306134335347, "rpe_32m_rot": 3.530205787639249, "rpe_40m_trans": 6.021680279971057, "rpe_40m_rot": 4.2128802027479635, "rpe_48m_trans": 6.280487964235063, "rpe_48m_rot": 4.519192196548284}