{"ape_trans": 3.863595937672717, "ape_rot_deg": 20.42867781986627, "rpe_8m_trans": 0.36865535978856645, "rpe_8m_rot": 0.9320683551400988, "rpe_16m_trans": 4.002555755085832, "rpe_16m_rot": 2.7975465782960285, "rpe_24m_trans": 5.036829768721346, "rpe_24m_rot": 3.5281379834250535, "rpe_32m_trans": 6.07626787151054, "rpe_32m_rot": 4.3390385144915316, "rpe_40m_trans": 6.991896841875458, "rpe_40m_rot": 5.222927298047511, "rpe_48m_trans": 7.440519584159318, "rpe_48m_rot": 5.569950575370697}