{"rmse": 0.08619336708349953, "mean": 0.07120598440686013, "median": 0.05915112849843999, "std": 0.04856958218721766, "min": 0.012983130655485535, "max": 0.22694458588778102, "sse": 7.979064472351027}