{"ape_trans": 16.486657079120082, "ape_rot_deg": 123.14403810075443, "rpe_8m_trans": 3.6024612166903713, "rpe_8m_rot": 1.5396953674145606, "rpe_16m_trans": 7.780227301769306, "rpe_16m_rot": 1.9393101431283932, "rpe_24m_trans": 13.70046751437947, "rpe_24m_rot": 3.8394713799395372, "rpe_32m_trans": 18.411903813517835, "rpe_32m_rot": 5.146528523806707, "rpe_40m_trans": 22.586934117726955, "rpe_40m_rot": 5.757395523827977, "rpe_48m_trans": 26.93173946120997, "rpe_48m_rot": 6.318281730485787}