{"ape_trans": 0.15056892476274675, "ape_rot_deg": 4.6212111826063245, "rpe_8m_trans": 0.1549292870537231, "rpe_8m_rot": 1.7935836625862691, "rpe_16m_trans": 0.19222585272719742, "rpe_16m_rot": 2.4952112766216548, "rpe_24m_trans": 0.2307950327220485, "rpe_24m_rot": 3.090863462980746, "rpe_32m_trans": 0.2657182108444821, "rpe_32m_rot": 3.1660229157130044, "rpe_40m_trans": 0.31110379146460443, "rpe_40m_rot": 2.4298308353160194, "rpe_48m_trans": 0.34048371105325365, "rpe_48m_rot": 2.2761465851104976}