{"rmse": 0.13186320797915865, "mean": 0.11906461598447197, "median": 0.11925912675292236, "std": 0.0566702994435804, "min": 0.015431525940101408, "max": 0.27448771276867584, "sse": 24.134412998554133}