{"rmse": 12.52680397274735, "mean": 12.513429502673556, "median": 12.460211116542347, "std": 0.5787053250643932, "min": 9.86106673514523, "max": 14.251593981889872, "sse": 750081.5089484334}