{"ape_trans": 0.09293417619029179, "ape_rot_deg": 0.5781970169864016, "rpe_8m_trans": 0.08101536846493974, "rpe_8m_rot": 0.672549456145757, "rpe_16m_trans": 0.09847649833116684, "rpe_16m_rot": 0.7857431480385169, "rpe_24m_trans": 0.10707205828248706, "rpe_24m_rot": 0.8028977045460591, "rpe_32m_trans": 0.13130582023031337, "rpe_32m_rot": 0.7576691126365732, "rpe_40m_trans": 0.1621342146437153, "rpe_40m_rot": 0.6588503695088955, "rpe_48m_trans": 0.19132086272978172, "rpe_48m_rot": 0.6344501649733165}