{"ape_trans": 0.09110341736620323, "ape_rot_deg": 2.5255584442314007, "rpe_8m_trans": 0.09895910744565996, "rpe_8m_rot": 1.654627227186169, "rpe_16m_trans": 0.12802363806426348, "rpe_16m_rot": 1.820790163460954, "rpe_24m_trans": 0.14774908853186422, "rpe_24m_rot": 2.242950475362921, "rpe_32m_trans": 0.16105556952607666, "rpe_32m_rot": 2.7472625720232604, "rpe_40m_trans": 0.16795105513917455, "rpe_40m_rot": 3.220360818924448, "rpe_48m_trans": 0.19174090058085053, "rpe_48m_rot": 3.863991673331288}