{"ape_trans": 0.09942439755379688, "ape_rot_deg": 1.0943753031411556, "rpe_8m_trans": 0.08030256687901209, "rpe_8m_rot": 0.9918530461014942, "rpe_16m_trans": 0.08714111769247147, "rpe_16m_rot": 1.1838936337628925, "rpe_24m_trans": 0.10376278855757036, "rpe_24m_rot": 1.3745771106691917, "rpe_32m_trans": 0.11807511903897673, "rpe_32m_rot": 1.5861681166965471, "rpe_40m_trans": 0.12207490435705805, "rpe_40m_rot": 1.81119340319137, "rpe_48m_trans": 0.11850818603060198, "rpe_48m_rot": 1.8854635071651553}