{"ape_trans": 0.04916113949647749, "ape_rot_deg": 1.6389445695680394, "rpe_8m_trans": 0.03221445434055159, "rpe_8m_rot": 0.7791701141979962, "rpe_16m_trans": 0.043114793565866616, "rpe_16m_rot": 1.0890356938266708, "rpe_24m_trans": 0.04862699723481955, "rpe_24m_rot": 1.2792960774008382, "rpe_32m_trans": 0.05161618880668454, "rpe_32m_rot": 1.3852419412960675, "rpe_40m_trans": 0.058376216056438446, "rpe_40m_rot": 1.5743378074622358, "rpe_48m_trans": 0.06766481254029315, "rpe_48m_rot": 1.7987527214566275}