{"rmse": 0.1450191030443418, "mean": 0.12867136434895393, "median": 0.12012739342679868, "std": 0.06688961238013097, "min": 0.02931122659525092, "max": 0.26297481458732835, "sse": 20.883326466050924}