{"std": 0.3388056534619186, "rmse": 0.7755426116572339, "sse": 384.93845919751885, "max": 1.8593229987555573, "min": 0.04863811525125334, "median": 0.6643007377672017, "mean": 0.697622442069036}