{"rmse": 0.08616417993752556, "mean": 0.07119670964280507, "median": 0.05900153520489296, "std": 0.04853137583403534, "min": 0.0128960049401403, "max": 0.22653488316738069, "sse": 7.973661581224947}