{"rmse": 0.2122671770070274, "mean": 0.2049888955866369, "median": 0.19296513081951996, "std": 0.05510814023992801, "min": 0.09046186444092877, "max": 0.3569058648539419, "sse": 62.35937853739327}