{"rmse": 1.3756940058494123, "mean": 1.31106341879952, "median": 1.0588033342837972, "std": 0.4167093826826038, "min": 0.8571342590168918, "max": 2.1440746042348873, "sse": 1008.7206207900914}