{"std": 0.049622723643241405, "rmse": 0.08512989605901726, "sse": 7.783384544042495, "max": 0.2291921871695835, "min": 0.0032879572956853987, "median": 0.05324852353542539, "mean": 0.06917141390231642}