{"rmse": 0.20275330282902546, "mean": 0.1788828628785423, "median": 0.17720243031994357, "std": 0.09544539368903629, "min": 0.009787400955328898, "max": 0.3454008228380063, "sse": 51.591671769138514}