{"rmse": 18.618027399252156, "mean": 18.534326220517848, "median": 17.030670411252682, "std": 1.7634329561195594, "min": 16.823588129722467, "max": 21.23408200951594, "sse": 1258616.9585329127}