{"ape_trans": 0.16885392218258, "ape_rot_deg": 4.496605290657594, "rpe_8m_trans": 0.17129479260900946, "rpe_8m_rot": 1.8672984495376774, "rpe_16m_trans": 0.20341272602310626, "rpe_16m_rot": 2.4512388533017044, "rpe_24m_trans": 0.2396958001362402, "rpe_24m_rot": 2.9423075311770672, "rpe_32m_trans": 0.28618444781491725, "rpe_32m_rot": 2.956395957908175, "rpe_40m_trans": 0.34706602950055476, "rpe_40m_rot": 2.20886460047216, "rpe_48m_trans": 0.38323401871354484, "rpe_48m_rot": 2.2438976774822423}