{"ape_trans": 0.9065119225545718, "ape_rot_deg": 83.0485569755307, "rpe_8m_trans": 0.9921979090097078, "rpe_8m_rot": 0.9809808680829221, "rpe_16m_trans": 1.7636463239119486, "rpe_16m_rot": 1.2641407023657443, "rpe_24m_trans": 2.346704185206599, "rpe_24m_rot": 1.494512127815402, "rpe_32m_trans": 2.3770567316448714, "rpe_32m_rot": 1.4764859331887432, "rpe_40m_trans": 2.3957598377688654, "rpe_40m_rot": 1.3599173636989006, "rpe_48m_trans": NaN, "rpe_48m_rot": NaN}