{"rmse": 6.644815722725276, "mean": 5.802762940969777, "median": 5.079352080184563, "std": 3.237517295688908, "min": 0.41895315872080063, "max": 11.55864507596962, "sse": 57443.80236165912}