{"rmse_8m_trans": 0.18805307273603247, "rmse_8m_rot": 1.643852251337931, "rmse_16m_trans": 0.2573188799138244, "rmse_16m_rot": 1.7605841555349424, "rmse_24m_trans": 0.2992095643705519, "rmse_24m_rot": 2.0381731281541318, "rmse_32m_trans": 0.34615881381278013, "rmse_32m_rot": 2.3134528744430494, "rmse_40m_trans": 0.37349647461937535, "rmse_40m_rot": 2.394820954756392, "rmse_48m_trans": 0.4554213901198136, "rmse_48m_rot": 2.7792800773327317}