{"rmse": 0.16504478305892067, "mean": 0.14577388064464677, "median": 0.11442386739631925, "std": 0.07739351482370124, "min": 0.03499240509631987, "max": 0.3193245458655894, "sse": 30.671992747251927}