{"ape_trans": 25.999103529806675, "ape_rot_deg": 171.74766224198444, "rpe_8m_trans": 0.0679389426475062, "rpe_8m_rot": 1.226055710629866, "rpe_16m_trans": 0.08733004098607743, "rpe_16m_rot": 1.4208681491242696, "rpe_24m_trans": 0.09578144562482568, "rpe_24m_rot": 1.6320646059151556, "rpe_32m_trans": 0.09583388829024755, "rpe_32m_rot": 1.7160320864648082, "rpe_40m_trans": 0.10849944896008228, "rpe_40m_rot": 1.940307484434942, "rpe_48m_trans": 8.832267341272344, "rpe_48m_rot": 4.676199116240447}