{"rmse": 4.287119675909027, "mean": 4.241769821098249, "median": 4.239025952781915, "std": 0.6219195288672495, "min": 3.0393934325298106, "max": 7.431994634253272, "sse": 27072.849005229193}