{"rmse": 0.24257076691334425, "mean": 0.21367131364494707, "median": 0.1742706956960109, "std": 0.11482659398488938, "min": 0.02036964943360836, "max": 0.5361016864532142, "sse": 76.96347466489381}