{"rmse": 0.5486413704831975, "mean": 0.4961074196986736, "median": 0.496400506706613, "std": 0.23427501259333053, "min": 0.03815480913790169, "max": 0.9880486230627, "sse": 325.0879416781356}