{"rmse_8m_trans": 0.16491276249537112, "rmse_8m_rot": 1.3241970497487925, "rmse_16m_trans": 0.24276766803827146, "rmse_16m_rot": 1.7552363665255757, "rmse_24m_trans": 0.28052175912071986, "rmse_24m_rot": 2.08346207807347, "rmse_32m_trans": 0.36225044089702924, "rmse_32m_rot": 2.186002006995562, "rmse_40m_trans": 0.3509249245371056, "rmse_40m_rot": 1.8959921888755276, "rmse_48m_trans": 0.409648961872135, "rmse_48m_rot": 2.056709950051981}