{"rmse": 0.29863691580629, "mean": 0.2849907509558035, "median": 0.32590066741560286, "std": 0.08924281120594714, "min": 0.08783388372487717, "max": 0.4995719919408204, "sse": 176.22759878501122}