{"std": 0.15065070673129738, "rmse": 0.33434212240667527, "sse": 106.97791465833801, "max": 0.7543756138820901, "min": 0.01789870213273332, "median": 0.29496251171952537, "mean": 0.2984778373292745}