{"ape_trans": 0.6092921152350254, "ape_rot_deg": 6.838731463240275, "rpe_8m_trans": 0.4823795910099954, "rpe_8m_rot": 1.0409259625878746, "rpe_16m_trans": 0.6341546339307274, "rpe_16m_rot": 1.305530934531153, "rpe_24m_trans": 0.7742986011026336, "rpe_24m_rot": 1.6077817516213273, "rpe_32m_trans": 0.9146077879313345, "rpe_32m_rot": 1.9080200515807622, "rpe_40m_trans": 1.0566072637857198, "rpe_40m_rot": 2.247183611196696, "rpe_48m_trans": 1.2021343265129094, "rpe_48m_rot": 2.580659600689923}