{"ape_trans": 0.14387890484020957, "ape_rot_deg": 2.34087929417574, "rpe_8m_trans": 0.05678861921012284, "rpe_8m_rot": 1.1013319373882724, "rpe_16m_trans": 0.09006861003341937, "rpe_16m_rot": 1.3332504327216528, "rpe_24m_trans": 0.11295883695041459, "rpe_24m_rot": 1.6607963615295127, "rpe_32m_trans": 0.13741523962760452, "rpe_32m_rot": 2.0516230689493637, "rpe_40m_trans": 0.15987855816805904, "rpe_40m_rot": 2.3677172934664004, "rpe_48m_trans": 0.18044769406124597, "rpe_48m_rot": 2.704160254014686}