{"rmse": 0.06792988365849158, "mean": 0.05954138051799101, "median": 0.04810566139776009, "std": 0.03270004739855894, "min": 0.015638960415548797, "max": 0.1551935716484986, "sse": 5.920363847417505}