{"rmse": 0.07769245243408149, "mean": 0.07317272437914826, "median": 0.07351772714468975, "std": 0.02611263242484787, "min": 0.016211115755307502, "max": 0.12688148602349808, "sse": 7.6356882140058495}