{"rmse": 0.3473338428801601, "mean": 0.3309482158473488, "median": 0.37778633965548575, "std": 0.10542332207512893, "min": 0.11353489598159186, "max": 0.4837760244864002, "sse": 117.74541924806215}