{"rmse": 1.3340907969985858, "mean": 1.2817083600590549, "median": 1.249949762698674, "std": 0.3701647395296456, "min": 0.3135260419802383, "max": 3.8006549394872366, "sse": 1843.8709918032296}