{"rmse": 0.4579495857117041, "mean": 0.39249056106469554, "median": 0.3643440695588185, "std": 0.23594275265123502, "min": 0.06972465029021462, "max": 1.0369961284475577, "sse": 267.5999422162933}