{"rmse": 0.2771537287261662, "mean": 0.2419557788472484, "median": 0.22012130950296943, "std": 0.1351724470047013, "min": 0.032000262989611485, "max": 0.6081441884921616, "sse": 83.7274663880309}