{"rmse": 0.20482827137468257, "mean": 0.18672942802358014, "median": 0.163275201309117, "std": 0.08418278603329306, "min": 0.04657831614418029, "max": 0.36107252679883983, "sse": 41.45116530528851}