{"rmse": 0.11085731545419118, "mean": 0.0989284172207518, "median": 0.09298314484263394, "std": 0.05002512024880016, "min": 0.034222150144496706, "max": 0.38817616753642314, "sse": 9.720871412260655}