{"rmse": 0.2483972640306873, "mean": 0.21895754380467386, "median": 0.219839070168157, "std": 0.11729788910698817, "min": 0.018981287360523236, "max": 0.4573720412734415, "sse": 54.35875788535719}