{"std": 0.06903215493010799, "rmse": 0.17279306680366638, "sse": 39.05353666752454, "max": 0.38053108549890285, "min": 0.01706510000188254, "median": 0.1473342691165958, "mean": 0.1584045628166117}