{"std": 0.5155617185582013, "rmse": 1.3479834669566773, "sse": 715.9214143122861, "max": 2.2601007793721717, "min": 0.19665433244896863, "median": 1.2204401331856192, "mean": 1.2454940953476483}