{"std": 0.8413720972802077, "rmse": 1.1713727799452627, "sse": 546.1014474594837, "max": 3.5738782042948447, "min": 0.18243042784065508, "median": 0.4932509044360808, "mean": 0.8149890695678054}