{"rmse": 0.08879117799481902, "mean": 0.08638218080854783, "median": 0.08584027244215034, "std": 0.020542446993164758, "min": 0.021855753824751217, "max": 0.12765698422115915, "sse": 6.22825989886903}