{"rmse": 0.5724170575284405, "mean": 0.536191298015824, "median": 0.5865140487123195, "std": 0.20040004910584158, "min": 0.0897659133813467, "max": 1.1020597222475657, "sse": 426.9426579376219}