{"ape_trans": 0.5503223902266103, "ape_rot_deg": 7.2142076537816715, "rpe_8m_trans": 0.43087743930193584, "rpe_8m_rot": 0.9328215643796641, "rpe_16m_trans": 0.5867621878336475, "rpe_16m_rot": 1.022987165372693, "rpe_24m_trans": 0.7397388992751811, "rpe_24m_rot": 1.044673912571028, "rpe_32m_trans": 0.8762758008496414, "rpe_32m_rot": 1.1422028799324446, "rpe_40m_trans": 1.0422355782726707, "rpe_40m_rot": 1.2939218066481046, "rpe_48m_trans": 1.1104443986389048, "rpe_48m_rot": 1.0855255239247887}