{"ape_trans": 0.1416531281767309, "ape_rot_deg": 1.3857227350763892, "rpe_8m_trans": 0.16059637236212676, "rpe_8m_rot": 0.8182706202241724, "rpe_16m_trans": 0.23784439979024813, "rpe_16m_rot": 1.0644614954696923, "rpe_24m_trans": 0.2546292194050732, "rpe_24m_rot": 1.1577894065257683, "rpe_32m_trans": 0.33913883222006325, "rpe_32m_rot": 1.3803453175266895, "rpe_40m_trans": 0.28863082778439314, "rpe_40m_rot": 1.4980902856288854, "rpe_48m_trans": 0.31834929237925763, "rpe_48m_rot": 1.688124910575778}