{"ape_trans": 0.21227477450888244, "ape_rot_deg": 6.892560300903521, "rpe_8m_trans": 0.11328031061688099, "rpe_8m_rot": 0.7703277574433676, "rpe_16m_trans": 0.16299476020786186, "rpe_16m_rot": 0.986026562123561, "rpe_24m_trans": 0.20174423062473879, "rpe_24m_rot": 1.2639397457598247, "rpe_32m_trans": 0.24240290691079938, "rpe_32m_rot": 1.5721855121576713, "rpe_40m_trans": 0.29395336676064454, "rpe_40m_rot": 1.8785233358068991, "rpe_48m_trans": 0.35478886118401515, "rpe_48m_rot": 2.1715483303108627}