{"rmse_8m_trans": 0.25352807985170883, "rmse_8m_rot": 1.9507467398558618, "rmse_16m_trans": 0.372005262316359, "rmse_16m_rot": 2.2683413050616466, "rmse_24m_trans": 0.44922309216044065, "rmse_24m_rot": 2.733141885642586, "rmse_32m_trans": 0.5390194308979795, "rmse_32m_rot": 3.241422819072078, "rmse_40m_trans": 0.6200598944024474, "rmse_40m_rot": 3.536672155031407, "rmse_48m_trans": 0.7664286841607728, "rmse_48m_rot": 4.178030515424231}