{"rmse": 0.8900548569256518, "mean": 0.8511799753328918, "median": 0.81529807195208, "std": 0.26017359191362993, "min": 0.18554013407530287, "max": 2.5411951548057976, "sse": 388.96904533343877}