{"ape_trans": 16.50509740384844, "ape_rot_deg": 123.15058673039654, "rpe_8m_trans": 3.6046994840894406, "rpe_8m_rot": 1.540579650803861, "rpe_16m_trans": 7.776302434989898, "rpe_16m_rot": 1.939080139724643, "rpe_24m_trans": 13.702974967685611, "rpe_24m_rot": 3.8386367754917665, "rpe_32m_trans": 18.414637777967247, "rpe_32m_rot": 5.145464146879451, "rpe_40m_trans": 22.591690497201938, "rpe_40m_rot": 5.756914095497844, "rpe_48m_trans": 26.93485362278695, "rpe_48m_rot": 6.316689259236427}