{"rmse": 0.3501081656222498, "mean": 0.32599472312000644, "median": 0.3843991918121863, "std": 0.1276838601127294, "min": 0.05172476132623784, "max": 0.5038604738601908, "sse": 115.34375970488944}