{"ape_trans": 2.0353686471324566, "ape_rot_deg": 19.45130720681863, "rpe_8m_trans": 1.1761445247677629, "rpe_8m_rot": 1.2443131217616472, "rpe_16m_trans": 2.0319398253081236, "rpe_16m_rot": 2.136809884795019, "rpe_24m_trans": 2.5252983769311026, "rpe_24m_rot": 2.726014963432642, "rpe_32m_trans": 2.9787276968528995, "rpe_32m_rot": 3.369847622800287, "rpe_40m_trans": 3.479923844392466, "rpe_40m_rot": 4.032545594025418, "rpe_48m_trans": 4.0078224221405785, "rpe_48m_rot": 4.792633373769983}