{"ape_trans": 1.0927428926100924, "ape_rot_deg": 99.40928408689902, "rpe_8m_trans": 1.14324632523789, "rpe_8m_rot": 0.711432896263906, "rpe_16m_trans": 2.1022439117833236, "rpe_16m_rot": 0.6747910193934168, "rpe_24m_trans": 2.812821234679373, "rpe_24m_rot": 0.6270089522842496, "rpe_32m_trans": 2.8370242777233554, "rpe_32m_rot": 0.6522544460613804, "rpe_40m_trans": 2.8515644347997884, "rpe_40m_rot": 0.4441592495712288, "rpe_48m_trans": NaN, "rpe_48m_rot": NaN}