{"rmse": 0.04225047268478521, "mean": 0.03808742414460875, "median": 0.03308709922066326, "std": 0.018287989613854642, "min": 0.008437147288274102, "max": 0.08066224666850433, "sse": 1.8939936910551358}