{"rmse": 0.20454923903031805, "mean": 0.19494714988275838, "median": 0.1862790182500625, "std": 0.061935449788239484, "min": 0.040735963258312614, "max": 0.3532721779255827, "sse": 58.07446296878049}