{"ape_trans": 0.057862464334101166, "ape_rot_deg": 0.8040867001430144, "rpe_8m_trans": 0.033579530626155825, "rpe_8m_rot": 0.6946510985639305, "rpe_16m_trans": 0.04531503777237883, "rpe_16m_rot": 0.8374402160491393, "rpe_24m_trans": 0.05629980036026772, "rpe_24m_rot": 0.9047214608425966, "rpe_32m_trans": 0.06396063948998726, "rpe_32m_rot": 0.9578844098954354, "rpe_40m_trans": 0.07328711343276288, "rpe_40m_rot": 1.0476753545003576, "rpe_48m_trans": 0.07895054196425919, "rpe_48m_rot": 1.1627816197857936}