{"ape_trans": 2.463390824422976, "ape_rot_deg": 35.23838407505715, "rpe_8m_trans": 1.53857923541231, "rpe_8m_rot": 0.6817004308003336, "rpe_16m_trans": 2.5327799487949134, "rpe_16m_rot": 0.673041259627911, "rpe_24m_trans": 3.0869023147813794, "rpe_24m_rot": 0.687288933902479, "rpe_32m_trans": 3.648753784547796, "rpe_32m_rot": 0.7304519318041169, "rpe_40m_trans": 4.220216487303621, "rpe_40m_rot": 0.77013507709504, "rpe_48m_trans": 4.869145959648506, "rpe_48m_rot": 0.7904268865188901}