{"std": 0.03835328490453263, "rmse": 0.07429337440196233, "sse": 7.528605474761127, "max": 0.1887819731922895, "min": 0.006488898927297808, "median": 0.051579151157721305, "mean": 0.06362806784008061}