{"ape_trans": 3.066226664987684, "ape_rot_deg": 16.744584041195225, "rpe_8m_trans": 3.846431095917784, "rpe_8m_rot": 3.3143910437639823, "rpe_16m_trans": 6.14148711091129, "rpe_16m_rot": 4.257496405308159, "rpe_24m_trans": 5.02480872647334, "rpe_24m_rot": 5.710963515182437, "rpe_32m_trans": 4.156161069268611, "rpe_32m_rot": 6.993378558775055, "rpe_40m_trans": 3.9561229002063554, "rpe_40m_rot": 9.003894255373217, "rpe_48m_trans": 3.917250117923322, "rpe_48m_rot": 10.096405235583259}