{"ape_trans": 36.851055007078244, "ape_rot_deg": 66.13246090212905, "rpe_8m_trans": 4.5303067678805204, "rpe_8m_rot": 1.995114011582595, "rpe_16m_trans": 8.982042777811174, "rpe_16m_rot": 2.772024544316675, "rpe_24m_trans": 13.34220332853617, "rpe_24m_rot": 3.379988930813219, "rpe_32m_trans": 18.659026223410155, "rpe_32m_rot": 3.7014863612484157, "rpe_40m_trans": 24.78832950308745, "rpe_40m_rot": 3.9879406866139036, "rpe_48m_trans": 32.11831384040067, "rpe_48m_rot": 4.448505281483725}