{"rmse": 0.8377777097360988, "mean": 0.7668085248875626, "median": 0.7334854222596103, "std": 0.3374554446003552, "min": 0.24047461933185482, "max": 3.2427421343033673, "sse": 727.1388646041669}