{"ape_trans": 2078789.6608950354, "ape_rot_deg": 148.84173499050272, "rpe_8m_trans": 0.05650868031103038, "rpe_8m_rot": 2.118204185324492, "rpe_16m_trans": 0.052928686545380514, "rpe_16m_rot": 2.0907705900856506, "rpe_24m_trans": 0.05831345460611246, "rpe_24m_rot": 2.2577641208786146, "rpe_32m_trans": 0.05815130623674645, "rpe_32m_rot": 2.148100865970306, "rpe_40m_trans": 0.05373886106427898, "rpe_40m_rot": 1.9676545818624123, "rpe_48m_trans": 0.05675923423575429, "rpe_48m_rot": 2.1407336908489416}