{"rmse": 0.07667192930945184, "mean": 0.06687546468942586, "median": 0.0629819210079543, "std": 0.03750009288797741, "min": 0.005633811025223528, "max": 0.17996031394274944, "sse": 8.171232794206677}