{"ape_trans": 0.08654172403126667, "ape_rot_deg": 6.3002124683477945, "rpe_8m_trans": 0.3107601196490797, "rpe_8m_rot": 3.6977225182258437, "rpe_16m_trans": 0.26071392690247486, "rpe_16m_rot": 3.0376010850672523, "rpe_24m_trans": 0.30725031125801117, "rpe_24m_rot": 2.958226945633168, "rpe_32m_trans": 0.273419309045073, "rpe_32m_rot": 3.2827122046039747, "rpe_40m_trans": 0.2895383535796184, "rpe_40m_rot": 3.354741241283079, "rpe_48m_trans": 0.384920765573452, "rpe_48m_rot": 3.687033569097736}