{"ape_trans": 0.054592093836038684, "ape_rot_deg": 1.027786254135994, "rpe_8m_trans": 0.05656090264703896, "rpe_8m_rot": 0.78149501341693, "rpe_16m_trans": 0.0729929277744167, "rpe_16m_rot": 0.8837097008975093, "rpe_24m_trans": 0.084168667477886, "rpe_24m_rot": 0.9574235368945961, "rpe_32m_trans": 0.09011236296411901, "rpe_32m_rot": 1.0013525136701498, "rpe_40m_trans": 0.10279120114972481, "rpe_40m_rot": 0.9690405808015268, "rpe_48m_trans": 0.12864377701880442, "rpe_48m_rot": 0.8951128732536288}