{"rmse": 0.3754889254555649, "mean": 0.36586981964023835, "median": 0.3649611976892544, "std": 0.08444648137248974, "min": 0.21331013045644917, "max": 0.7991514147887956, "sse": 148.04152979676354}