{"ape_trans": 4.288772328474279, "ape_rot_deg": 34.2870528297979, "rpe_8m_trans": 0.8246802231984159, "rpe_8m_rot": 0.8626229515553744, "rpe_16m_trans": 3.946835599300752, "rpe_16m_rot": 1.5489138367950714, "rpe_24m_trans": 4.7496886842503345, "rpe_24m_rot": 1.7613182045581262, "rpe_32m_trans": 5.561547321311452, "rpe_32m_rot": 2.030168057933903, "rpe_40m_trans": 6.262254303653141, "rpe_40m_rot": 2.29769234902103, "rpe_48m_trans": 7.000825192444439, "rpe_48m_rot": 2.5561377007129993}