{"rmse": 0.16683523626971217, "mean": 0.156744645918021, "median": 0.153691864830385, "std": 0.05714115887173544, "min": 0.033561523935421084, "max": 0.269362193257423, "sse": 21.877520904080157}