{"rmse": 0.3913012462678735, "mean": 0.37235226148856204, "median": 0.3869232363046229, "std": 0.12029321965574155, "min": 0.15016247116926656, "max": 0.628798057641504, "sse": 302.558530693643}