{"ape_trans": 0.17844426787210657, "ape_rot_deg": 2.3101833589952143, "rpe_8m_trans": 0.1372142996146696, "rpe_8m_rot": 0.6090084160860776, "rpe_16m_trans": 0.2533586493377648, "rpe_16m_rot": 0.6520472917328779, "rpe_24m_trans": 0.2735557485798551, "rpe_24m_rot": 0.5104853369256642, "rpe_32m_trans": 0.32827953275952304, "rpe_32m_rot": 0.7021334371765858, "rpe_40m_trans": 0.3511770819036557, "rpe_40m_rot": 0.7334930393018798, "rpe_48m_trans": 0.41280870290897137, "rpe_48m_rot": 0.5880471370996168}