{"ape_trans": 0.370876328186533, "ape_rot_deg": 2.8331751555515914, "rpe_8m_trans": 0.18737484985772448, "rpe_8m_rot": 0.40423399783534225, "rpe_16m_trans": 0.3457691831911164, "rpe_16m_rot": 0.48695616145993637, "rpe_24m_trans": 0.4685198978619859, "rpe_24m_rot": 0.6003482718050551, "rpe_32m_trans": 0.5604987261959786, "rpe_32m_rot": 0.7016913830012017, "rpe_40m_trans": 0.655113609830241, "rpe_40m_rot": 0.7704392641697998, "rpe_48m_trans": 0.7677314458472709, "rpe_48m_rot": 0.7749685572018391}