{"rmse": 0.9945161036361901, "mean": 0.9898632043375658, "median": 0.9840981739077951, "std": 0.0960891101544581, "min": 0.7489463908520348, "max": 1.2902886931224355, "sse": 1401.5012513150518}