{"ape_trans": 0.3379722423539154, "ape_rot_deg": 3.547638121773212, "rpe_8m_trans": 0.2136224576024288, "rpe_8m_rot": 1.9952915902355561, "rpe_16m_trans": 0.36889030957762076, "rpe_16m_rot": 2.6296807954578743, "rpe_24m_trans": 0.503772074234087, "rpe_24m_rot": 3.4874312811935826, "rpe_32m_trans": 0.5901521642302597, "rpe_32m_rot": 4.216262226499948, "rpe_40m_trans": 0.5698801082031714, "rpe_40m_rot": 4.899771868365864, "rpe_48m_trans": 0.6239583562695925, "rpe_48m_rot": 5.976857131044695}