{"rmse": 0.21090896805347192, "mean": 0.1892066061465099, "median": 0.16744933542476126, "std": 0.0931850470617466, "min": 0.02114026087301877, "max": 0.38545819894914196, "sse": 43.94880169171588}