{"rmse": 5.429004162286073, "mean": 5.395288100212699, "median": 5.353862606703222, "std": 0.6041129942508768, "min": 3.9652334255174524, "max": 7.5317820293049715, "sse": 92489.68247714703}