{"rmse": 0.09023611964352295, "mean": 0.069472866181928, "median": 0.0513650162897288, "std": 0.05758539878118512, "min": 0.0054023445057135785, "max": 0.22999648803656467, "sse": 10.316620084301679}