{"rmse": 0.08849474260964099, "mean": 0.07825754371412334, "median": 0.06886813013060307, "std": 0.041316780142923566, "min": 0.018822972157655216, "max": 0.18113060125176594, "sse": 9.922281767915553}