{"rmse": 0.15649603053229263, "mean": 0.1460170620521188, "median": 0.14123223726588097, "std": 0.056302976493538485, "min": 0.036186008516064225, "max": 0.3508160160922851, "sse": 44.475669751413506}