{"ape_trans": 0.07160373423248861, "ape_rot_deg": 2.5246308235928208, "rpe_8m_trans": 0.14642383728919967, "rpe_8m_rot": 0.7429185413862601, "rpe_16m_trans": 0.12711954602535655, "rpe_16m_rot": 0.9412883685382573, "rpe_24m_trans": 0.15117004567065384, "rpe_24m_rot": 0.9249475398653005, "rpe_32m_trans": 0.1614300531254013, "rpe_32m_rot": 0.930083715464952, "rpe_40m_trans": 0.1617678967767626, "rpe_40m_rot": 0.8669145082529705, "rpe_48m_trans": 0.16166115174430673, "rpe_48m_rot": 1.1625357665918883}