{"rmse": 0.120204536443805, "mean": 0.10488604293727008, "median": 0.07969727847047756, "std": 0.05872008667084187, "min": 0.01757197285404232, "max": 0.2591021604432116, "sse": 16.26972103496047}