{"ape_trans": 0.3143819205395598, "ape_rot_deg": 0.7587186600478538, "rpe_8m_trans": 0.246663384569683, "rpe_8m_rot": 0.6091476054396356, "rpe_16m_trans": 0.38182898910248336, "rpe_16m_rot": 0.6682254115345799, "rpe_24m_trans": 0.43957144181918506, "rpe_24m_rot": 0.7670592390300174, "rpe_32m_trans": 0.4600722294266115, "rpe_32m_rot": 0.7678361438797631, "rpe_40m_trans": 0.5099052821821936, "rpe_40m_rot": 0.7640863127201022, "rpe_48m_trans": 0.6550601622495558, "rpe_48m_rot": 0.8293906814766973}