{"ape_trans": 3.601343125438971, "ape_rot_deg": 17.12333369024004, "rpe_8m_trans": 0.925283993415697, "rpe_8m_rot": 1.1959065255253893, "rpe_16m_trans": 3.7023621605663246, "rpe_16m_rot": 2.8784051259119754, "rpe_24m_trans": 4.3123277831680475, "rpe_24m_rot": 3.473688600731124, "rpe_32m_trans": 5.120098048363402, "rpe_32m_rot": 4.020148168308681, "rpe_40m_trans": 5.96428633143074, "rpe_40m_rot": 4.705680655473325, "rpe_48m_trans": 6.89540579261232, "rpe_48m_rot": 5.490256764000133}