{"ape_trans": 2.3190639982547543, "ape_rot_deg": 19.652408592479475, "rpe_8m_trans": 1.2412951173123907, "rpe_8m_rot": 1.2919313751428168, "rpe_16m_trans": 2.690257252391805, "rpe_16m_rot": 1.6432833801446198, "rpe_24m_trans": 3.450175438377091, "rpe_24m_rot": 1.9187902160303376, "rpe_32m_trans": 4.414584350976897, "rpe_32m_rot": 2.3800386847999953, "rpe_40m_trans": 4.6881127672332505, "rpe_40m_rot": 2.681663045352311, "rpe_48m_trans": 4.66689335384506, "rpe_48m_rot": 2.675415801781212}