{"rmse": 0.34198156213789266, "mean": 0.3089986414127239, "median": 0.27840042622217853, "std": 0.14653063996094545, "min": 0.057812244508567014, "max": 0.6901017620167855, "sse": 103.85283329193871}