{"rmse": 0.15526619413809942, "mean": 0.1381750099588552, "median": 0.12950429572806949, "std": 0.07081848392192708, "min": 0.007776235045953912, "max": 0.3247382011291526, "sse": 40.28378463139919}