{"rmse": 0.7301693779307578, "mean": 0.7219946741825101, "median": 0.7096681624139232, "std": 0.10895416889628733, "min": 0.24874824001229326, "max": 1.2027042404726345, "sse": 259.1095977473458}