{"rmse": 4.212777361132207, "mean": 2.9040650482144494, "median": 1.926872653747373, "std": 3.051868163962403, "min": 0.27928706352674487, "max": 13.319043659878856, "sse": 19983.67722437101}