{"rmse": 0.45166680327172887, "mean": 0.31046548366548343, "median": 0.1881800072172606, "std": 0.3280458575108976, "min": 0.08319161454862463, "max": 1.2400553881191432, "sse": 347.4169407056276}