{"ape_trans": 140.95799482463497, "ape_rot_deg": 106.89193401234726, "rpe_8m_trans": 5.862734858685098, "rpe_8m_rot": 7.8018643995911505, "rpe_16m_trans": 12.17342537668303, "rpe_16m_rot": 9.038136105803716, "rpe_24m_trans": 19.176822890051916, "rpe_24m_rot": 9.818103995621088, "rpe_32m_trans": 28.158349033394487, "rpe_32m_rot": 10.369722188339912, "rpe_40m_trans": 36.625326764953826, "rpe_40m_rot": 9.849454520375273, "rpe_48m_trans": 44.9099247135193, "rpe_48m_rot": 8.927344892113535}