{"rmse": 3.3073513523823683, "mean": 3.305414850449294, "median": 3.3014681217447057, "std": 0.11316198361088885, "min": 3.014089161696854, "max": 3.855213446114287, "sse": 21056.752963603052}