{"ape_trans": 10.20948529151272, "ape_rot_deg": 34.64948259303973, "rpe_8m_trans": 0.06238563089307391, "rpe_8m_rot": 0.8800798862629254, "rpe_16m_trans": 0.0695501008032897, "rpe_16m_rot": 0.9131358722464442, "rpe_24m_trans": 8.996336166578555, "rpe_24m_rot": 3.759539052331796, "rpe_32m_trans": 11.835819373613742, "rpe_32m_rot": 4.73188881536851, "rpe_40m_trans": 13.956796427108904, "rpe_40m_rot": 5.534306160505291, "rpe_48m_trans": 16.078265708801116, "rpe_48m_rot": 6.3381844639813725}