{"ape_trans": 0.04226453779142878, "ape_rot_deg": 0.8133181624512859, "rpe_8m_trans": 0.04423144760457748, "rpe_8m_rot": 0.7697491316094902, "rpe_16m_trans": 0.049104395931233426, "rpe_16m_rot": 0.9055448288425082, "rpe_24m_trans": 0.058265870726109906, "rpe_24m_rot": 1.0020088198886283, "rpe_32m_trans": 0.0700081845882785, "rpe_32m_rot": 1.0494151711625117, "rpe_40m_trans": 0.08507238334756205, "rpe_40m_rot": 0.8814983642594638, "rpe_48m_trans": 0.10382675573027, "rpe_48m_rot": 0.6607333982849485}