{"ape_trans": 0.09862865747716949, "ape_rot_deg": 0.7867253762843993, "rpe_8m_trans": 0.044604595226384755, "rpe_8m_rot": 0.7918685355309161, "rpe_16m_trans": 0.056720444857307734, "rpe_16m_rot": 0.9497357749425502, "rpe_24m_trans": 0.06984693220193723, "rpe_24m_rot": 1.087547596261978, "rpe_32m_trans": 0.08526410274450077, "rpe_32m_rot": 1.0337113404252434, "rpe_40m_trans": 0.10113301881831913, "rpe_40m_rot": 1.0975280038748085, "rpe_48m_trans": 0.11732605766992085, "rpe_48m_rot": 1.140526716337213}