{"ape_trans": 0.18852843464982794, "ape_rot_deg": 3.325473636125604, "rpe_8m_trans": 0.1402002374269718, "rpe_8m_rot": 1.5641501884393103, "rpe_16m_trans": 0.19379079183328032, "rpe_16m_rot": 1.8193236532577408, "rpe_24m_trans": 0.2374629191854069, "rpe_24m_rot": 2.2042885452515772, "rpe_32m_trans": 0.30513558286986187, "rpe_32m_rot": 2.8174029454916614, "rpe_40m_trans": 0.32679767075750754, "rpe_40m_rot": 3.3851330443892302, "rpe_48m_trans": 0.3519582387281644, "rpe_48m_rot": 4.122893657521259}