{"rmse": 0.11485986779033751, "mean": 0.097715598508988, "median": 0.07435850834982728, "std": 0.06036928885488111, "min": 0.013255237708414549, "max": 0.36810957512988296, "sse": 18.37755539573764}