{"std": 0.5709212949072181, "rmse": 1.4068741584179207, "sse": 868.9104600569942, "max": 2.7626511505397024, "min": 0.07708532118822677, "median": 1.28885048584884, "mean": 1.2858241608577736}