{"ape_trans": 4.287119675909027, "ape_rot_deg": 34.27903562617928, "rpe_8m_trans": 0.824674537935566, "rpe_8m_rot": 0.8626044594914718, "rpe_16m_trans": 3.9453251397934395, "rpe_16m_rot": 1.5483357302710985, "rpe_24m_trans": 4.747902213428077, "rpe_24m_rot": 1.7610319620443888, "rpe_32m_trans": 5.5593957044822, "rpe_32m_rot": 2.025815581681799, "rpe_40m_trans": 6.26272838240094, "rpe_40m_rot": 2.298118895399926, "rpe_48m_trans": 6.998117689569394, "rpe_48m_rot": 2.5625492121468345}