{"std": 0.06129182409322096, "rmse": 0.1038061517348643, "sse": 16.109697121312497, "max": 0.28495477999832103, "min": 0.015882357214104574, "median": 0.06668491158844185, "mean": 0.08377964810935486}