{"ape_trans": 2.1844537186261674, "ape_rot_deg": 10.800952546676141, "rpe_8m_trans": 1.2958992095638604, "rpe_8m_rot": 1.0704282213032175, "rpe_16m_trans": 2.102883502267549, "rpe_16m_rot": 1.499783374760814, "rpe_24m_trans": 2.4736516678482543, "rpe_24m_rot": 1.575709901872215, "rpe_32m_trans": 2.9495965088538716, "rpe_32m_rot": 1.814050371824645, "rpe_40m_trans": 3.496393581117238, "rpe_40m_rot": 2.019427363123284, "rpe_48m_trans": 4.1154625050553815, "rpe_48m_rot": 2.19292614255596}