{"rmse": 0.10846072950704085, "mean": 0.08983363257676757, "median": 0.07685361469265115, "std": 0.06077539225099089, "min": 0.0014330816543445717, "max": 0.2673806556188028, "sse": 15.8457441014837}