{"ape_trans": 7.544186716787281, "ape_rot_deg": 30.547868620887545, "rpe_8m_trans": 0.03450520606920755, "rpe_8m_rot": 0.6497357858677131, "rpe_16m_trans": 2.895128704776188, "rpe_16m_rot": 0.8044991034087695, "rpe_24m_trans": 8.410642438789463, "rpe_24m_rot": 1.410129944539152, "rpe_32m_trans": 11.229065593475788, "rpe_32m_rot": 1.7776785995087965, "rpe_40m_trans": 14.127127576711793, "rpe_40m_rot": 2.228874111672766, "rpe_48m_trans": 15.08806128261641, "rpe_48m_rot": 2.362176923573067}