{"ape_trans": 0.5871059979655134, "ape_rot_deg": 13.333435727733248, "rpe_8m_trans": 1.1779814730423808, "rpe_8m_rot": 2.4730685568697743, "rpe_16m_trans": 1.2805073878595532, "rpe_16m_rot": 2.847886002144167, "rpe_24m_trans": 1.8250133784761826, "rpe_24m_rot": 4.040364604160597, "rpe_32m_trans": NaN, "rpe_32m_rot": NaN, "rpe_40m_trans": NaN, "rpe_40m_rot": NaN, "rpe_48m_trans": NaN, "rpe_48m_rot": NaN}