{"std": 0.09663150144600251, "rmse": 0.4153050939660446, "sse": 627.47613206774, "max": 0.6560953124108402, "min": 0.1307843464569725, "median": 0.4279685598118428, "mean": 0.40390676399688624}