{"rmse": 12.934763138272274, "mean": 12.679996528295508, "median": 13.231968625664614, "std": 2.5545617012750026, "min": 2.2111070027707034, "max": 18.84780196584777, "sse": 290279.5490639645}