{"rmse": 0.0861917014748718, "mean": 0.08261734406293833, "median": 0.08198569089454721, "std": 0.024563873129445364, "min": 0.013603909496199084, "max": 0.1376018850262437, "sse": 5.794627334444067}