{"rmse": 0.10485873822657743, "mean": 0.08812367912320922, "median": 0.07697329650399888, "std": 0.05682932482670851, "min": 0.011554112074277407, "max": 0.23612907293671884, "sse": 11.820006606155133}