{"rmse": 26.37090930253225, "mean": 25.956542734443026, "median": 22.699759877519746, "std": 4.656473635425741, "min": 20.76094743932504, "max": 33.0269120388182, "sse": 1773333.3864780744}