{"std": 0.034601407676854386, "rmse": 0.06665788155030414, "sse": 4.389953894701085, "max": 0.14973162479683066, "min": 0.002602993414494277, "median": 0.04632239642594507, "mean": 0.056973816438382466}