{"std": 276038.4258974356, "rmse": 916478.8531617348, "sse": 5233625565551494.0, "max": 1696759.9232382309, "min": 358416.3824247881, "median": 801585.2223029495, "mean": 873920.0625461774}