{"ape_trans": 107.646420973144, "ape_rot_deg": 159.487016664157, "rpe_8m_trans": 0.06627264807381136, "rpe_8m_rot": 1.8006664090181237, "rpe_16m_trans": 0.07457308244665219, "rpe_16m_rot": 1.6431385913665268, "rpe_24m_trans": 0.0946545483543956, "rpe_24m_rot": 1.7405983102742282, "rpe_32m_trans": 0.11498616469899543, "rpe_32m_rot": 1.925679640693555, "rpe_40m_trans": 0.13470890135624017, "rpe_40m_rot": 2.155724062854675, "rpe_48m_trans": 0.1328175701623351, "rpe_48m_rot": 2.4510550321099176}