{"rmse": 2.6300348959701516, "mean": 2.547408034591086, "median": 2.192763713687114, "std": 0.6540610516775222, "min": 1.4463372929646316, "max": 3.4967995994082584, "sse": 33139.74730731329}