{"rmse": 0.14389445105276666, "mean": 0.11018867498391807, "median": 0.07807576415585624, "std": 0.09254225493830115, "min": 0.014320904743319283, "max": 0.4241326720593549, "sse": 30.954891500446703}