{"rmse": 0.17855224476296466, "mean": 0.13398740723972996, "median": 0.08955634203483223, "std": 0.11801812916271975, "min": 0.03247979053522879, "max": 0.5342603277679201, "sse": 47.661951644290994}