{"rmse": 3.2025736698926837, "mean": 2.548488772250843, "median": 1.9080453713166858, "std": 1.93950588779753, "min": 0.10721810544971924, "max": 9.036967692654205, "sse": 10041.092070757004}