{"std": 0.05154913330238118, "rmse": 0.11905723340200959, "sse": 19.646030007922057, "max": 0.24028423105704588, "min": 0.012080911316151178, "median": 0.09236597174554088, "mean": 0.10731873872308566}