{"ape_trans": 0.18723499287696202, "ape_rot_deg": 6.2201638816881255, "rpe_8m_trans": 0.17523433128472832, "rpe_8m_rot": 2.2273971990351167, "rpe_16m_trans": 0.21028407004778954, "rpe_16m_rot": 3.11962496895144, "rpe_24m_trans": 0.2536297453243235, "rpe_24m_rot": 4.00495957559326, "rpe_32m_trans": 0.3105372447296879, "rpe_32m_rot": 4.710430654011317, "rpe_40m_trans": 0.34969450579849504, "rpe_40m_rot": 4.873477682841932, "rpe_48m_trans": 0.3930846664619976, "rpe_48m_rot": 5.558341182674462}