{"rmse": 0.08859644155392352, "mean": 0.07391896334948371, "median": 0.06031361534948682, "std": 0.0488397001767565, "min": 0.0022392296504549023, "max": 0.28005373772871917, "sse": 10.047141703702763}