{"ape_trans": 0.5011238043430939, "ape_rot_deg": 1.0046829554792587, "rpe_8m_trans": 0.34267043708672656, "rpe_8m_rot": 0.4488263599098707, "rpe_16m_trans": 0.5009931160127568, "rpe_16m_rot": 0.611132610209641, "rpe_24m_trans": 0.5503699571913813, "rpe_24m_rot": 0.6953862798325795, "rpe_32m_trans": 0.606028396601001, "rpe_32m_rot": 0.7440930673901733, "rpe_40m_trans": 0.7540245568736053, "rpe_40m_rot": 0.8663387803114118, "rpe_48m_trans": 0.9591384603528033, "rpe_48m_rot": 0.951143809946562}