{"rmse": 0.06511003666813299, "mean": 0.060428145089197687, "median": 0.05974756880101015, "std": 0.02424368280613525, "min": 0.007722979762429903, "max": 0.12785289294703803, "sse": 12.014224023539217}