{"rmse": 0.16885392218258, "mean": 0.14938343981988791, "median": 0.1318484568403323, "std": 0.07871616697997123, "min": 0.01012793389405068, "max": 0.3146890830743865, "sse": 26.97201809647298}