{"rmse_8m_trans": 0.06067202825921786, "rmse_8m_rot": 0.7960859081683389, "rmse_16m_trans": 0.0804970463811204, "rmse_16m_rot": 0.9866457817202974, "rmse_24m_trans": 0.0961426302218227, "rmse_24m_rot": 1.1414315526334147, "rmse_32m_trans": 0.11682087839480246, "rmse_32m_rot": 1.2850178917604884, "rmse_40m_trans": 0.13760832033273293, "rmse_40m_rot": 1.444272817261452, "rmse_48m_trans": 0.15944570163632152, "rmse_48m_rot": 1.5988413855625716}