{"rmse_8m_trans": 0.2276513288800928, "rmse_8m_rot": 1.9545823219879461, "rmse_16m_trans": 0.37691814492365755, "rmse_16m_rot": 2.612820715736472, "rmse_24m_trans": 0.5004004536793348, "rmse_24m_rot": 3.501558725129699, "rmse_32m_trans": 0.5636515404559513, "rmse_32m_rot": 4.149525343090451, "rmse_40m_trans": 0.5546251326162461, "rmse_40m_rot": 4.792993218648225, "rmse_48m_trans": 0.6437283284522247, "rmse_48m_rot": 5.864039591200361}