{"rmse_8m_trans": 0.04859725154020713, "rmse_8m_rot": 0.7843883014452853, "rmse_16m_trans": 0.06658349903264464, "rmse_16m_rot": 0.961150456150752, "rmse_24m_trans": 0.0807631389221332, "rmse_24m_rot": 1.1215193847579048, "rmse_32m_trans": 0.09738522589673593, "rmse_32m_rot": 1.2769334407144488, "rmse_40m_trans": 0.11454894615734709, "rmse_40m_rot": 1.4487770555461916, "rmse_48m_trans": 0.1319140315448272, "rmse_48m_rot": 1.5892550950838964}