{"rmse_8m_trans": 0.19466092609671629, "rmse_8m_rot": 1.6661697806907827, "rmse_16m_trans": 0.27256033709128785, "rmse_16m_rot": 1.8169664297366168, "rmse_24m_trans": 0.3225770419708415, "rmse_24m_rot": 2.129022770781732, "rmse_32m_trans": 0.3618471566535413, "rmse_32m_rot": 2.3676568109296365, "rmse_40m_trans": 0.3931416735716008, "rmse_40m_rot": 2.4176890821079495, "rmse_48m_trans": 0.47638589838346773, "rmse_48m_rot": 2.7762244812242907}