{"std": 0.06736943170564413, "rmse": 0.23437404531914824, "sse": 53.61284448439986, "max": 0.366537789158026, "min": 0.023353824775065514, "median": 0.2509023167866776, "mean": 0.2244828563407921}