{"std": 0.3321120210695948, "rmse": 0.7974842696962172, "sse": 302.72703235654467, "max": 1.6645919068064554, "min": 0.06872744041209465, "median": 0.7291194091819284, "mean": 0.7250398374392802}