{"ape_trans": 0.2859355366950141, "ape_rot_deg": 1.4443308548357299, "rpe_8m_trans": 0.19351249421234512, "rpe_8m_rot": 0.9684881532462777, "rpe_16m_trans": 0.3047945407282572, "rpe_16m_rot": 1.2224990459770022, "rpe_24m_trans": 0.3860529797842571, "rpe_24m_rot": 1.3939774148761708, "rpe_32m_trans": 0.41976852778776536, "rpe_32m_rot": 1.54448550804232, "rpe_40m_trans": 0.5276217695075726, "rpe_40m_rot": 1.9730827250917498, "rpe_48m_trans": 0.666517559020356, "rpe_48m_rot": 2.186611343013207}