{"ape_trans": 0.15457851591903002, "ape_rot_deg": 3.159194185829005, "rpe_8m_trans": 0.0781502845658642, "rpe_8m_rot": 1.1618127112834455, "rpe_16m_trans": 0.10774208742013648, "rpe_16m_rot": 1.4969320157308708, "rpe_24m_trans": 0.12191764126806691, "rpe_24m_rot": 1.873127095841939, "rpe_32m_trans": 0.14184199128098474, "rpe_32m_rot": 2.2946071802528083, "rpe_40m_trans": 0.17288034563412993, "rpe_40m_rot": 2.726424934636319, "rpe_48m_trans": 0.1929741368722468, "rpe_48m_rot": 3.2674864403034194}