{"rmse": 0.40297825543371885, "mean": 0.3808178343462946, "median": 0.4025486352425618, "std": 0.13179245576360454, "min": 0.09933342458243492, "max": 0.6187785178505896, "sse": 158.49407896794585}