{"rmse": 0.3233493022424349, "mean": 0.31866487186710424, "median": 0.3089862692547485, "std": 0.05484041118182411, "min": 0.22683390091680017, "max": 0.5088878111057251, "sse": 55.10036445437284}