{"rmse": 0.18723499287696202, "mean": 0.16658227825520633, "median": 0.14455477941459477, "std": 0.08548267151265823, "min": 0.014125562598321567, "max": 0.3752675043858407, "sse": 34.77648701717493}