{"std": 0.032810941625814764, "rmse": 0.1231991782730088, "sse": 12.005827683971383, "max": 0.1889029570060262, "min": 0.044811784327336845, "median": 0.11573649156905415, "mean": 0.11874965110168527}