{"std": 0.01660347637906833, "rmse": 0.07160373423248861, "sse": 4.029896478244973, "max": 0.11706215578035722, "min": 0.027343735323304072, "median": 0.06995473705673733, "mean": 0.06965213082287276}