{"ape_trans": 0.1176335024574746, "ape_rot_deg": 1.1503915888199938, "rpe_8m_trans": 0.06710409258067027, "rpe_8m_rot": 0.7195627927669146, "rpe_16m_trans": 0.1124508972336398, "rpe_16m_rot": 0.7973918744123553, "rpe_24m_trans": 0.15851320381124148, "rpe_24m_rot": 0.828347431449629, "rpe_32m_trans": 0.19370894044707154, "rpe_32m_rot": 0.9358651558999632, "rpe_40m_trans": 0.22883251214772318, "rpe_40m_rot": 0.9607724916033007, "rpe_48m_trans": 0.2646769334809481, "rpe_48m_rot": 1.0627053822872183}