{"std": 0.5074618860082549, "rmse": 1.1605757994330175, "sse": 300.366769529198, "max": 2.5746033389755514, "min": 0.2676912275076343, "median": 1.005921317471392, "mean": 1.0437521834604861}