{"std": 0.03251466129535943, "rmse": 0.07682055667594781, "sse": 8.20294311992349, "max": 0.15596369608041635, "min": 0.011772129101293242, "median": 0.06688430678114854, "mean": 0.06960024948842185}