{"ape_trans": 0.10151457498064498, "ape_rot_deg": 2.2235538099665537, "rpe_8m_trans": 0.13253627144633826, "rpe_8m_rot": 1.8847431396740995, "rpe_16m_trans": 0.2012127043238314, "rpe_16m_rot": 3.104853368619955, "rpe_24m_trans": 0.3113362967839638, "rpe_24m_rot": 4.586092845608767, "rpe_32m_trans": 0.27678168978522855, "rpe_32m_rot": 6.795985606652628, "rpe_40m_trans": 0.18614471446066128, "rpe_40m_rot": 8.053632680751077, "rpe_48m_trans": NaN, "rpe_48m_rot": NaN}