{"rmse": 0.26885374996075867, "mean": 0.24175066926283884, "median": 0.22650297575784126, "std": 0.11763907845155736, "min": 0.037763870956220164, "max": 0.5435728552191997, "sse": 88.83499446872548}