{"ape_trans": 1.6825336988873607, "ape_rot_deg": 17.6675589462902, "rpe_8m_trans": 1.306457400053913, "rpe_8m_rot": 4.373132721505888, "rpe_16m_trans": 2.216677490158942, "rpe_16m_rot": 7.38797883423752, "rpe_24m_trans": 2.8797527417389803, "rpe_24m_rot": 9.70936147601696, "rpe_32m_trans": 3.242810840499651, "rpe_32m_rot": 10.882536104487947, "rpe_40m_trans": 3.4649493681052026, "rpe_40m_rot": 11.70566814064599, "rpe_48m_trans": 3.437018031722824, "rpe_48m_rot": 12.197735106374507}