{"ape_trans": 0.29670007777331214, "ape_rot_deg": 3.158614202273825, "rpe_8m_trans": 0.1862410591062949, "rpe_8m_rot": 1.9476042751760596, "rpe_16m_trans": 0.29920991139380393, "rpe_16m_rot": 2.441097824026328, "rpe_24m_trans": 0.420522681945785, "rpe_24m_rot": 3.1955729474660157, "rpe_32m_trans": 0.5132953704280586, "rpe_32m_rot": 3.7718031050852683, "rpe_40m_trans": 0.5028041603521687, "rpe_40m_rot": 4.322984936747253, "rpe_48m_trans": 0.5582919448959615, "rpe_48m_rot": 5.227681428071475}