{"rmse": 0.08194349693345716, "mean": 0.0788701380469964, "median": 0.07842794184061581, "std": 0.02223146450711769, "min": 0.010692108262904426, "max": 0.12435898489803336, "sse": 5.304641984849967}