{"ape_trans": 0.08895420797255285, "ape_rot_deg": 6.338121003126063, "rpe_8m_trans": 0.31593443762817214, "rpe_8m_rot": 3.675788376152636, "rpe_16m_trans": 0.2697740715709901, "rpe_16m_rot": 3.0262434855935925, "rpe_24m_trans": 0.32083982238704295, "rpe_24m_rot": 2.925191581756906, "rpe_32m_trans": 0.28699021150199167, "rpe_32m_rot": 3.2087103244213524, "rpe_40m_trans": 0.2974062833631227, "rpe_40m_rot": 3.1583349702305896, "rpe_48m_trans": 0.4119110262539513, "rpe_48m_rot": 3.445320872343988}