{"rmse": 0.06576512218646906, "mean": 0.061904819542284044, "median": 0.060883754129223505, "std": 0.0222001039105328, "min": 0.014901395271641131, "max": 0.10970354749810705, "sse": 5.908020070610846}