{"std": 0.5210599615505019, "rmse": 1.176107874016316, "sse": 1989.0843536427305, "max": 2.0418369652021893, "min": 0.27174207870337286, "median": 1.056755968638233, "mean": 1.0543842979635878}