{"ape_trans": 0.2003989791915304, "ape_rot_deg": 4.931187285839662, "rpe_8m_trans": 0.16299650485410938, "rpe_8m_rot": 1.8705950113002567, "rpe_16m_trans": 0.20101265537278837, "rpe_16m_rot": 2.629772764007106, "rpe_24m_trans": 0.25087186281683144, "rpe_24m_rot": 3.291505863420855, "rpe_32m_trans": 0.3167755653945207, "rpe_32m_rot": 3.4035589259796906, "rpe_40m_trans": 0.38545055106329046, "rpe_40m_rot": 2.962539049937635, "rpe_48m_trans": 0.4407166285833266, "rpe_48m_rot": 3.2462067378578294}