{"ape_trans": 0.12901090777786003, "ape_rot_deg": 7.044493720995844, "rpe_8m_trans": 0.3128164962455498, "rpe_8m_rot": 3.7645099317782145, "rpe_16m_trans": 0.2916746466294239, "rpe_16m_rot": 3.3069325694433633, "rpe_24m_trans": 0.3345292190296081, "rpe_24m_rot": 3.513092558595627, "rpe_32m_trans": 0.3093768909607228, "rpe_32m_rot": 4.049443153665084, "rpe_40m_trans": 0.3586544003055195, "rpe_40m_rot": 4.258985951403383, "rpe_48m_trans": 0.4285941849950806, "rpe_48m_rot": 5.034453986245617}