{"std": 1.136305069318437, "rmse": 2.788336945466419, "sse": 4828.165034222314, "max": 5.634412502590003, "min": 0.2525334655990179, "median": 2.3191384006724634, "mean": 2.5462980404685984}