{"ape_trans": 3.5006265787138515, "ape_rot_deg": 37.41846259706477, "rpe_8m_trans": 1.1492802492745053, "rpe_8m_rot": 0.8708755961790172, "rpe_16m_trans": 3.498323086443447, "rpe_16m_rot": 2.0807681576265735, "rpe_24m_trans": 4.502678995625127, "rpe_24m_rot": 2.6653438297242857, "rpe_32m_trans": 5.478484141836427, "rpe_32m_rot": 3.311742209358902, "rpe_40m_trans": 6.705890882646687, "rpe_40m_rot": 4.075871883964996, "rpe_48m_trans": 7.001592510315527, "rpe_48m_rot": 4.473236160571719}