{"ape_trans": 100.61743015438853, "ape_rot_deg": 161.52049133798417, "rpe_8m_trans": 0.06878803040528474, "rpe_8m_rot": 1.8686873128728365, "rpe_16m_trans": 0.07459608650744595, "rpe_16m_rot": 1.8374820256664701, "rpe_24m_trans": 0.09389828098900455, "rpe_24m_rot": 2.181885821564344, "rpe_32m_trans": 0.11817020534522973, "rpe_32m_rot": 2.6011671476176867, "rpe_40m_trans": 0.15343581763683073, "rpe_40m_rot": 3.0853569967067256, "rpe_48m_trans": 0.15581428238100095, "rpe_48m_rot": 3.7700640511329233}