{"rmse": 0.6671841359643502, "mean": 0.6514134832891044, "median": 0.6492786401698156, "std": 0.14420521860061875, "min": 0.33364227576018035, "max": 1.2607301957361117, "sse": 306.25265384235763}