{"rmse": 0.11970625987242789, "mean": 0.11000995270662348, "median": 0.10748228096272111, "std": 0.04719532771505783, "min": 0.01435838423483599, "max": 0.23962133966759636, "sse": 19.80349151795572}