{"rmse": 1.9215950173193157, "mean": 1.9109018006466345, "median": 1.8005735975328772, "std": 0.20243942025176956, "min": 1.6316079863498354, "max": 2.4344534456937312, "sse": 2488.763474735248}