{"rmse": 0.10524523127080004, "mean": 0.08681818721418802, "median": 0.06209575718859369, "std": 0.0594908486583137, "min": 0.01317404493786936, "max": 0.23971170890346924, "sse": 11.862994373316523}