{"rmse": 0.30262157887494884, "mean": 0.2962410108793582, "median": 0.2978139369483167, "std": 0.06181491303838264, "min": 0.12490565876851065, "max": 0.4296457973623853, "sse": 98.35672668082361}