{"rmse": 17059979.453774065, "mean": 16846953.300318852, "median": 15501004.4411825, "std": 2687575.7589450134, "min": 12671133.75272235, "max": 24223189.620595742, "sse": 1.8134883034396567e+18}