{"rmse": 29.450116440944207, "mean": 29.155236033770638, "median": 26.386363422512318, "std": 4.15711079961726, "min": 21.31083798765547, "max": 36.56900698650762, "sse": 4758059.140101055}