{"ape_trans": 0.40189748667375, "ape_rot_deg": 10.128102220425344, "rpe_8m_trans": 0.46351972024091875, "rpe_8m_rot": 1.4298897674192226, "rpe_16m_trans": 0.7404899423831116, "rpe_16m_rot": 2.4362932477954624, "rpe_24m_trans": 0.8092860233934627, "rpe_24m_rot": 3.143818693938516, "rpe_32m_trans": 0.7945795634146953, "rpe_32m_rot": 3.471476883488948, "rpe_40m_trans": NaN, "rpe_40m_rot": NaN, "rpe_48m_trans": NaN, "rpe_48m_rot": NaN}