{"ape_trans": 0.04118171875491775, "ape_rot_deg": 1.8016325997734248, "rpe_8m_trans": 0.03255760760201019, "rpe_8m_rot": 0.7897427638919392, "rpe_16m_trans": 0.04289705728979878, "rpe_16m_rot": 1.137083465559951, "rpe_24m_trans": 0.0484059433279169, "rpe_24m_rot": 1.352608368368811, "rpe_32m_trans": 0.05407691686709149, "rpe_32m_rot": 1.47770924383756, "rpe_40m_trans": 0.05792430843994941, "rpe_40m_rot": 1.7152440310425874, "rpe_48m_trans": 0.058991790160851064, "rpe_48m_rot": 1.9616164828155611}