{"ape_trans": 0.07311042127258868, "ape_rot_deg": 0.8344810468660111, "rpe_8m_trans": 0.03121556085114486, "rpe_8m_rot": 0.7068698824790863, "rpe_16m_trans": 0.04535754718708823, "rpe_16m_rot": 0.8735768637813501, "rpe_24m_trans": 0.05458958353936921, "rpe_24m_rot": 0.9541295411796592, "rpe_32m_trans": 0.061350254406372554, "rpe_32m_rot": 1.00384347231252, "rpe_40m_trans": 0.0736560296159804, "rpe_40m_rot": 1.0952147588173289, "rpe_48m_trans": 0.08674060548881707, "rpe_48m_rot": 1.1985364065263715}