{"ape_trans": 0.29172136574990815, "ape_rot_deg": 1.0513275683062995, "rpe_8m_trans": 0.17355758973045018, "rpe_8m_rot": 0.6602056636600531, "rpe_16m_trans": 0.2710645541751516, "rpe_16m_rot": 0.8214913172671724, "rpe_24m_trans": 0.3098892940298688, "rpe_24m_rot": 1.066202036933245, "rpe_32m_trans": 0.4002996966222596, "rpe_32m_rot": 1.2249822525070426, "rpe_40m_trans": 0.5348033177168344, "rpe_40m_rot": 1.4888520958173317, "rpe_48m_trans": 0.7091660527346962, "rpe_48m_rot": 1.5703083678005902}