{"ape_trans": 6.374352657701649, "ape_rot_deg": 28.72728925731062, "rpe_8m_trans": 2.9754308518965433, "rpe_8m_rot": 4.091012640120368, "rpe_16m_trans": 5.565406392437658, "rpe_16m_rot": 5.001982453357324, "rpe_24m_trans": 7.431376552453524, "rpe_24m_rot": 6.369179887294829, "rpe_32m_trans": 9.269747793131845, "rpe_32m_rot": 6.295059238480513, "rpe_40m_trans": 11.237431430596134, "rpe_40m_rot": 6.641041147344118, "rpe_48m_trans": 12.66375195354843, "rpe_48m_rot": 7.611265882787939}