{"rmse": 0.21507420095200494, "mean": 0.1912624122762504, "median": 0.1764407457333278, "std": 0.09836463574584631, "min": 0.028193233110143698, "max": 0.471288862652953, "sse": 60.504040785007575}