{"rmse_8m_trans": 0.07332052659046626, "rmse_8m_rot": 0.7988552198352927, "rmse_16m_trans": 0.09699989654203736, "rmse_16m_rot": 0.9855788838349876, "rmse_24m_trans": 0.11796091260812636, "rmse_24m_rot": 1.1610882419523316, "rmse_32m_trans": 0.14095087063812375, "rmse_32m_rot": 1.3185256405352015, "rmse_40m_trans": 0.16440439054457703, "rmse_40m_rot": 1.4749109982409658, "rmse_48m_trans": 0.19188450686782504, "rmse_48m_rot": 1.6234357841779992}