{"rmse": 0.956306039049927, "mean": 0.8379308182177909, "median": 0.9084550952907591, "std": 0.4608613503042144, "min": 0.11456051953693164, "max": 2.0774507152405364, "sse": 1116.630434434823}