{"std": 19.199956331453475, "rmse": 32.61788899052616, "sse": 396844.65245996136, "max": 93.88055521471406, "min": 6.4831577101765845, "median": 20.68909651886801, "mean": 26.36832112722703}