{"rmse": 0.1527711304907746, "mean": 0.14643284620430844, "median": 0.14251892629240792, "std": 0.043548132726152884, "min": 0.041834840620376144, "max": 0.26236570434496015, "sse": 32.27786232470669}