{"ape_trans": 0.045119413664444566, "ape_rot_deg": 0.9934225148137756, "rpe_8m_trans": 0.05125368441570835, "rpe_8m_rot": 0.8036106072654887, "rpe_16m_trans": 0.05855483998687408, "rpe_16m_rot": 0.9891683329812173, "rpe_24m_trans": 0.06664027873492405, "rpe_24m_rot": 1.1581635964331531, "rpe_32m_trans": 0.06863704366627481, "rpe_32m_rot": 1.2803649060060802, "rpe_40m_trans": 0.07529481976469, "rpe_40m_rot": 1.3506197736988967, "rpe_48m_trans": 0.10510632560279998, "rpe_48m_rot": 1.3998407942948907}