{"ape_trans": 0.09819796087226196, "ape_rot_deg": 2.1700809937197616, "rpe_8m_trans": 0.12943874485130344, "rpe_8m_rot": 1.8573701297487473, "rpe_16m_trans": 0.19718642928511718, "rpe_16m_rot": 3.031246465229969, "rpe_24m_trans": 0.3038510427301754, "rpe_24m_rot": 4.465607805974309, "rpe_32m_trans": 0.2740857033668553, "rpe_32m_rot": 6.591335992438682, "rpe_40m_trans": 0.19663387601540763, "rpe_40m_rot": 7.8235975072917885, "rpe_48m_trans": NaN, "rpe_48m_rot": NaN}