{"ape_trans": 1.3321578154715656, "ape_rot_deg": 22.62325986847686, "rpe_8m_trans": 1.111666126504679, "rpe_8m_rot": 1.6124325859803055, "rpe_16m_trans": 2.0213434354545963, "rpe_16m_rot": 2.4919071704659563, "rpe_24m_trans": 2.6650964612775256, "rpe_24m_rot": 3.167446957702788, "rpe_32m_trans": 2.847350570111173, "rpe_32m_rot": 3.3813951128690047, "rpe_40m_trans": 2.8748300172481587, "rpe_40m_rot": 3.302797590028862, "rpe_48m_trans": NaN, "rpe_48m_rot": NaN}