{"rmse_8m_trans": 0.06107351885816979, "rmse_8m_rot": 0.9565256759926167, "rmse_16m_trans": 0.09440050292216749, "rmse_16m_rot": 1.292207837846463, "rmse_24m_trans": 0.11795940793547974, "rmse_24m_rot": 1.6499735098799875, "rmse_32m_trans": 0.14077328538471567, "rmse_32m_rot": 1.9772164830381507, "rmse_40m_trans": 0.16225916184992598, "rmse_40m_rot": 2.257795744403664, "rmse_48m_trans": 0.18232495490236583, "rmse_48m_rot": 2.588572270781991}