{"rmse": 0.10651496204828072, "mean": 0.09512121097822053, "median": 0.08472550296861012, "std": 0.04793112101947482, "min": 0.008687696197986353, "max": 0.26375055893484833, "sse": 25.41377919392857}