{"ape_trans": 12.387950265424246, "ape_rot_deg": 40.11553283920515, "rpe_8m_trans": 2.7620744289656547, "rpe_8m_rot": 3.014704572533621, "rpe_16m_trans": 5.774042724097533, "rpe_16m_rot": 4.690926454341611, "rpe_24m_trans": 10.5367616727054, "rpe_24m_rot": 5.1727835548465055, "rpe_32m_trans": 15.530045044589157, "rpe_32m_rot": 5.677849879189401, "rpe_40m_trans": 20.888456211417147, "rpe_40m_rot": 7.187170514529426, "rpe_48m_trans": 22.887326830081616, "rpe_48m_rot": 8.333847918789598}