{"ape_trans": 0.43662277521536363, "ape_rot_deg": 0.8980623268347354, "rpe_8m_trans": 0.3126124431973049, "rpe_8m_rot": 0.3783038820729767, "rpe_16m_trans": 0.44375758384664676, "rpe_16m_rot": 0.5345341151004644, "rpe_24m_trans": 0.4771869884009675, "rpe_24m_rot": 0.593884663526118, "rpe_32m_trans": 0.5035936898983916, "rpe_32m_rot": 0.6321695186770625, "rpe_40m_trans": 0.6338451645514452, "rpe_40m_rot": 0.7446836833560173, "rpe_48m_trans": 0.8358552642175693, "rpe_48m_rot": 0.8081941754646742}