{"ape_trans": 0.3493293332946754, "ape_rot_deg": 0.7439478033847623, "rpe_8m_trans": 0.26530776336228545, "rpe_8m_rot": 0.6233755385847499, "rpe_16m_trans": 0.4076721092042534, "rpe_16m_rot": 0.6845618735738972, "rpe_24m_trans": 0.4551913002783294, "rpe_24m_rot": 0.7976970958466053, "rpe_32m_trans": 0.5108231031186661, "rpe_32m_rot": 0.8003302657840214, "rpe_40m_trans": 0.59289188422948, "rpe_40m_rot": 0.8290406553252379, "rpe_48m_trans": 0.7546265041988768, "rpe_48m_rot": 0.9303488040660547}