{"ape_trans": 0.08616417993752556, "ape_rot_deg": 2.0315520459279757, "rpe_8m_trans": 0.11426089549550826, "rpe_8m_rot": 1.7487196748470357, "rpe_16m_trans": 0.17273852192610611, "rpe_16m_rot": 2.8584719277752457, "rpe_24m_trans": 0.2677981913238672, "rpe_24m_rot": 4.232783065942982, "rpe_32m_trans": 0.2307824022850502, "rpe_32m_rot": 6.225557702893145, "rpe_40m_trans": 0.17789409235651127, "rpe_40m_rot": 7.711607848120419, "rpe_48m_trans": NaN, "rpe_48m_rot": NaN}