{"std": 0.027134411241038162, "rmse": 0.058161872352676974, "sse": 9.339920175166258, "max": 0.21752888290013658, "min": 0.0013452508252639638, "median": 0.045680312220494415, "mean": 0.051444408074846314}