{"std": 0.040510425994351576, "rmse": 0.10176609033517728, "sse": 28.583490512216592, "max": 0.1948383289057425, "min": 0.007508082970047655, "median": 0.10344871402547204, "mean": 0.09335546329949644}