{"rmse_8m_trans": 0.056618107552520586, "rmse_8m_rot": 0.7861478220017808, "rmse_16m_trans": 0.07729693715898281, "rmse_16m_rot": 0.963214421334787, "rmse_24m_trans": 0.0957360227144602, "rmse_24m_rot": 1.0756986285333745, "rmse_32m_trans": 0.11752110849135068, "rmse_32m_rot": 1.1756906054847873, "rmse_40m_trans": 0.13828090757880887, "rmse_40m_rot": 1.2834973369803118, "rmse_48m_trans": 0.16286999039594074, "rmse_48m_rot": 1.387694690846916}