{"ape_trans": 0.23510360457356308, "ape_rot_deg": 4.06567466260206, "rpe_8m_trans": 0.19238983840990723, "rpe_8m_rot": 1.688709837027672, "rpe_16m_trans": 0.2822429657726541, "rpe_16m_rot": 2.863202474421202, "rpe_24m_trans": 0.31286784196676515, "rpe_24m_rot": 3.990221440346784, "rpe_32m_trans": 0.3341247103642869, "rpe_32m_rot": 5.136538358013643, "rpe_40m_trans": 0.3729814096139704, "rpe_40m_rot": 6.390024368283058, "rpe_48m_trans": 0.44294187323681183, "rpe_48m_rot": 7.70440146241753}