{"rmse": 0.0916636303481251, "mean": 0.07681928755810033, "median": 0.07200344410865192, "std": 0.05001018084014104, "min": 0.010660370396125827, "max": 0.23403747457828186, "sse": 8.55346110891248}