{"rmse_8m_trans": 0.19050696210709211, "rmse_8m_rot": 1.8006680194489881, "rmse_16m_trans": 0.2543170072312183, "rmse_16m_rot": 2.049737947110789, "rmse_24m_trans": 0.29963296375528115, "rmse_24m_rot": 2.4483364336696254, "rmse_32m_trans": 0.3400503312033852, "rmse_32m_rot": 2.831107726985464, "rmse_40m_trans": 0.37577155960189135, "rmse_40m_rot": 2.9783187933160344, "rmse_48m_trans": 0.4661198343405639, "rmse_48m_rot": 3.437865688957842}