{"ape_trans": 29.18652895037378, "ape_rot_deg": 160.36743313729906, "rpe_8m_trans": 2.850746140861827, "rpe_8m_rot": 1.7064166071820954, "rpe_16m_trans": 6.475244380882197, "rpe_16m_rot": 2.596515464680575, "rpe_24m_trans": 10.386834064424324, "rpe_24m_rot": 3.4327483867274178, "rpe_32m_trans": 14.886642209339634, "rpe_32m_rot": 4.273142075191223, "rpe_40m_trans": 20.47393872785354, "rpe_40m_rot": 5.302089939776402, "rpe_48m_trans": 27.616258238007592, "rpe_48m_rot": 6.604747505253051}