{"ape_trans": 0.1315149715520467, "ape_rot_deg": 2.0930359238540994, "rpe_8m_trans": 0.13495751370219036, "rpe_8m_rot": 0.5902119465696661, "rpe_16m_trans": 0.2572113275213018, "rpe_16m_rot": 0.6047039465477346, "rpe_24m_trans": 0.24818997791930242, "rpe_24m_rot": 0.43906445246618947, "rpe_32m_trans": 0.287331891742579, "rpe_32m_rot": 0.5033337492147827, "rpe_40m_trans": 0.30759087116821276, "rpe_40m_rot": 0.6201998393887675, "rpe_48m_trans": 0.33957236537911417, "rpe_48m_rot": 0.5497794503401882}