{"std": 0.06805772358376351, "rmse": 0.30969912431061886, "sse": 50.35461248935119, "max": 0.7007863413051053, "min": 0.17421081576440076, "median": 0.2894660661007173, "mean": 0.3021286048346966}