{"ape_trans": 4.242885105814397, "ape_rot_deg": 20.356854096438024, "rpe_8m_trans": 0.8611271958360792, "rpe_8m_rot": 0.8488434829599454, "rpe_16m_trans": 4.187517277525581, "rpe_16m_rot": 2.9906546197864357, "rpe_24m_trans": 5.796846388578684, "rpe_24m_rot": 4.251734358150419, "rpe_32m_trans": 7.224704991196016, "rpe_32m_rot": 5.393468088886068, "rpe_40m_trans": 8.656218139577662, "rpe_40m_rot": 6.686752172028552, "rpe_48m_trans": 8.553058198182404, "rpe_48m_rot": 6.854556710954532}