{"ape_trans": 0.042266778460324624, "ape_rot_deg": 0.8133364572421459, "rpe_8m_trans": 0.04423460389669527, "rpe_8m_rot": 0.7697526368767801, "rpe_16m_trans": 0.04911054099454397, "rpe_16m_rot": 0.9055651276012018, "rpe_24m_trans": 0.058272178044145244, "rpe_24m_rot": 1.0020699421412427, "rpe_32m_trans": 0.0700121097249248, "rpe_32m_rot": 1.049559587653398, "rpe_40m_trans": 0.08507680263410548, "rpe_40m_rot": 0.8816615118235078, "rpe_48m_trans": 0.1038308546169859, "rpe_48m_rot": 0.6609779729806275}