{"rmse": 0.7474716614028352, "mean": 0.743819341768375, "median": 0.7434098452581287, "std": 0.0738015678124518, "min": 0.5655950860194581, "max": 0.935276879688228, "sse": 1207.38070462128}