{"rmse": 0.08095216148861722, "mean": 0.06966224183659114, "median": 0.06866243093517907, "std": 0.04123620389875206, "min": 0.00839548440670638, "max": 0.15854198051302582, "sse": 8.28986434884414}