{"rmse": 0.0576164950326415, "mean": 0.053177492234987765, "median": 0.05026364724916468, "std": 0.02217689832785951, "min": 0.006152916976359388, "max": 0.11368095865892877, "sse": 8.438576990609555}