{"std": 0.04378074229481986, "rmse": 0.1013135235312269, "sse": 14.164913469431202, "max": 0.20111786623206396, "min": 0.019489920397984074, "median": 0.08024688313997662, "mean": 0.09136562074668479}