{"rmse": 0.0974840491216184, "mean": 0.08254832699295792, "median": 0.07814383337593296, "std": 0.05185473501821996, "min": 0.010444356138565737, "max": 0.22634540483566415, "sse": 10.215875320632069}