{"ape_trans": 0.14016980859465536, "ape_rot_deg": 4.728006922853343, "rpe_8m_trans": 0.1559479731799062, "rpe_8m_rot": 1.9044372839074784, "rpe_16m_trans": 0.1932234857142268, "rpe_16m_rot": 2.5369089268736054, "rpe_24m_trans": 0.2260236499828847, "rpe_24m_rot": 3.1594804282339157, "rpe_32m_trans": 0.2489689495178842, "rpe_32m_rot": 3.327453513652074, "rpe_40m_trans": 0.28625330421517775, "rpe_40m_rot": 2.6998781734799926, "rpe_48m_trans": 0.3127172846892373, "rpe_48m_rot": 2.6921954283066225}