{"ape_trans": 0.15653046290386619, "ape_rot_deg": 1.5048405843350545, "rpe_8m_trans": 0.16576521278267364, "rpe_8m_rot": 0.7333451104719841, "rpe_16m_trans": 0.2468877720446196, "rpe_16m_rot": 1.0305039684147046, "rpe_24m_trans": 0.28075145299044024, "rpe_24m_rot": 1.1971968852432917, "rpe_32m_trans": 0.36544302353465863, "rpe_32m_rot": 1.4843093518935586, "rpe_40m_trans": 0.30338768016134054, "rpe_40m_rot": 1.7080829023744444, "rpe_48m_trans": 0.3547138752617168, "rpe_48m_rot": 1.9545908007695774}