{"rmse": 9.448149917638986, "mean": 9.18339759107357, "median": 9.685895182298538, "std": 2.2209785119279646, "min": 1.9874741982080866, "max": 15.1558717748444, "sse": 162109.84694898577}