{"ape_trans": 0.6677418959912409, "ape_rot_deg": 30.289424891014587, "rpe_8m_trans": 0.699768179122168, "rpe_8m_rot": 1.470335969791668, "rpe_16m_trans": 0.9923205586768553, "rpe_16m_rot": 1.9578438096611595, "rpe_24m_trans": 1.2670088965987214, "rpe_24m_rot": 2.529675001421329, "rpe_32m_trans": 1.3874263955765458, "rpe_32m_rot": 2.88329163418886, "rpe_40m_trans": 1.4869476315683234, "rpe_40m_rot": 3.179874113359791, "rpe_48m_trans": 1.485371739821768, "rpe_48m_rot": 3.263642376410568}