{"ape_trans": 0.36156099999112656, "ape_rot_deg": 1.548074579441081, "rpe_8m_trans": 0.20582671674266176, "rpe_8m_rot": 1.1442115292782788, "rpe_16m_trans": 0.32435332090035424, "rpe_16m_rot": 1.4854145027052117, "rpe_24m_trans": 0.4151418382447662, "rpe_24m_rot": 1.5761699931643154, "rpe_32m_trans": 0.4794720721390905, "rpe_32m_rot": 1.6544987215888938, "rpe_40m_trans": 0.6467553818584372, "rpe_40m_rot": 2.048206833987137, "rpe_48m_trans": 0.8544964243300271, "rpe_48m_rot": 2.327386825683412}