{"rmse": 1.4726422713876242, "mean": 1.4712432760846783, "median": 1.4780448208546861, "std": 0.0641754006868947, "min": 1.3043956393034624, "max": 1.6779552201163006, "sse": 2062.4101717632934}