{"rmse_8m_trans": 0.190268979452347, "rmse_8m_rot": 1.794499075639045, "rmse_16m_trans": 0.25383249335447305, "rmse_16m_rot": 2.0422383007664155, "rmse_24m_trans": 0.29923997632231747, "rmse_24m_rot": 2.439566093557185, "rmse_32m_trans": 0.33967729174580136, "rmse_32m_rot": 2.820695280573015, "rmse_40m_trans": 0.3755418091982377, "rmse_40m_rot": 2.9646033203255664, "rmse_48m_trans": 0.4660516976146841, "rmse_48m_rot": 3.4228856182060285}