{"rmse": 1.110588694490115, "mean": 1.101064720371261, "median": 1.106392148017252, "std": 0.1451334898740312, "min": 0.7160954911674849, "max": 1.4064751788666197, "sse": 2666.626470887856}