{"ape_trans": 133.7186223786734, "ape_rot_deg": 170.08461560664466, "rpe_8m_trans": 2.445558751757245, "rpe_8m_rot": 2.0484401775869365, "rpe_16m_trans": 3.6583010248061236, "rpe_16m_rot": 2.012408708431989, "rpe_24m_trans": 3.7385696926114242, "rpe_24m_rot": 2.1202888398143562, "rpe_32m_trans": 4.1354084463733765, "rpe_32m_rot": 2.208645091184212, "rpe_40m_trans": 5.399395943284218, "rpe_40m_rot": 2.2691910930529584, "rpe_48m_trans": 6.889857573705461, "rpe_48m_rot": 2.350919940237317}