{"std": 0.10694541513709581, "rmse": 0.27019980120301773, "sse": 64.53901239201286, "max": 0.4923799066971337, "min": 0.034338399241572067, "median": 0.24055766818638968, "mean": 0.24813425952758827}