{"rmse": 0.3231044674286752, "mean": 0.31158681883884565, "median": 0.2956556538591304, "std": 0.08549942221007235, "min": 0.14758833317361786, "max": 0.740872723128288, "sse": 55.01695385173786}