{"rmse": 3.59096944585982, "mean": 2.48870691586453, "median": 1.5938272995070575, "std": 2.5887061339647732, "min": 0.26587952869128717, "max": 10.021976344521166, "sse": 13836.401055058994}