{"ape_trans": 5.829656807818901, "ape_rot_deg": 174.43877863956465, "rpe_8m_trans": 5.919849153258861, "rpe_8m_rot": 4.08907186404544, "rpe_16m_trans": 6.754684720848971, "rpe_16m_rot": 6.1605842803305935, "rpe_24m_trans": 7.132541428921891, "rpe_24m_rot": 7.467780171378358, "rpe_32m_trans": 7.505210209712568, "rpe_32m_rot": 9.93041702701699, "rpe_40m_trans": 8.097729058180605, "rpe_40m_rot": 11.722924424186848, "rpe_48m_trans": 7.885049168734701, "rpe_48m_rot": 14.017525718423437}