{"rmse": 1.129838018991281, "mean": 0.7720836367844376, "median": 0.4540805997850682, "std": 0.8248762373640416, "min": 0.2930468072330594, "max": 3.1875600069974572, "sse": 2173.937315416316}