{"ape_trans": 7.942331433174025, "ape_rot_deg": 35.816834229161266, "rpe_8m_trans": 0.04458154085627095, "rpe_8m_rot": 1.0512917571914482, "rpe_16m_trans": 2.2588874189456596, "rpe_16m_rot": 1.672981962801614, "rpe_24m_trans": 7.732481160271027, "rpe_24m_rot": 4.102264403851662, "rpe_32m_trans": 10.261878358365387, "rpe_32m_rot": 5.237983882735119, "rpe_40m_trans": 13.277705891400982, "rpe_40m_rot": 6.54000950783989, "rpe_48m_trans": 15.569791172610167, "rpe_48m_rot": 7.36907245725323}