{"rmse": 0.0762480395789454, "mean": 0.05835107648562888, "median": 0.04370494978987596, "std": 0.04908070305731889, "min": 0.008057872073633999, "max": 0.20431709927434, "sse": 7.302087005778324}