{"std": 0.047018326134820015, "rmse": 0.08685092288821686, "sse": 8.108814017025116, "max": 0.21148585552549665, "min": 0.008319999360533922, "median": 0.06767152994468305, "mean": 0.07302300879869777}