{"ape_trans": 36.836468803492735, "ape_rot_deg": 66.1160205015801, "rpe_8m_trans": 4.532164893983821, "rpe_8m_rot": 1.9951538134017524, "rpe_16m_trans": 8.974667050301232, "rpe_16m_rot": 2.772943835204785, "rpe_24m_trans": 13.345489533792504, "rpe_24m_rot": 3.3792136957874352, "rpe_32m_trans": 18.66484787867645, "rpe_32m_rot": 3.701081039679043, "rpe_40m_trans": 24.78975007407754, "rpe_40m_rot": 3.987923756774739, "rpe_48m_trans": 32.11483419622706, "rpe_48m_rot": 4.446784848529004}