{"rmse": 0.5604674785526453, "mean": 0.5111320061477739, "median": 0.4481959526838778, "std": 0.22993013462030606, "min": 0.13490747149741256, "max": 1.5365189456811528, "sse": 445.11341682798167}