{"rmse": 0.3332725099580947, "mean": 0.31199659791718604, "median": 0.31311877336530847, "std": 0.11716948741831253, "min": 0.07432672815599908, "max": 0.7057983334946116, "sse": 404.07471872152917}