{"rmse": 0.07508582187616142, "mean": 0.07189167127005035, "median": 0.07233209703617269, "std": 0.021667215991392593, "min": 0.011695177418168489, "max": 0.13232279989930562, "sse": 15.977753753084027}