{"rmse": 0.15848301013641727, "mean": 0.14148608419101233, "median": 0.14191892098104056, "std": 0.07140414891442591, "min": 0.008341212227501104, "max": 0.3048696274653207, "sse": 41.97028058267446}