{"std": 0.07760386692649499, "rmse": 0.12638717430151733, "sse": 23.880708152743576, "max": 0.3511539792469288, "min": 0.02149907952533451, "median": 0.07010860151865186, "mean": 0.09975649184878639}