{"rmse": 0.21180191675475793, "mean": 0.2019159170405862, "median": 0.19898487098240045, "std": 0.06395322029928209, "min": 0.05338330592593639, "max": 0.357859581489251, "sse": 62.22089204215231}