{"rmse": 0.4134589245309003, "mean": 0.41045352020132675, "median": 0.4159265730788027, "std": 0.04976133065531603, "min": 0.23883009180873072, "max": 0.4941783806188089, "sse": 178.12811012976712}