{"ape_trans": 30.88769421132751, "ape_rot_deg": 127.63113371794068, "rpe_8m_trans": 0.05859638483075321, "rpe_8m_rot": 1.3944812142816305, "rpe_16m_trans": 0.06579101872902085, "rpe_16m_rot": 1.541679797960599, "rpe_24m_trans": 0.0805960767744333, "rpe_24m_rot": 1.6021523621990421, "rpe_32m_trans": 0.0993658888882559, "rpe_32m_rot": 1.8275994334907004, "rpe_40m_trans": 0.13332395765408947, "rpe_40m_rot": 2.0256555751706444, "rpe_48m_trans": 0.1702189436468665, "rpe_48m_rot": 2.654231314748241}