{"rmse": 0.4900020082984572, "mean": 0.45727406871527554, "median": 0.4713433432592055, "std": 0.17607496760499133, "min": 0.015780331008337044, "max": 0.8313988154202309, "sse": 335.42244948672027}