{"ape_trans": 0.37121736055425286, "ape_rot_deg": 1.344341629807625, "rpe_8m_trans": 0.22026216630284304, "rpe_8m_rot": 1.0584766243025938, "rpe_16m_trans": 0.34569976724210166, "rpe_16m_rot": 1.3836968846296105, "rpe_24m_trans": 0.4494297678167105, "rpe_24m_rot": 1.4418087614312303, "rpe_32m_trans": 0.49241353334561944, "rpe_32m_rot": 1.5212910465188416, "rpe_40m_trans": 0.6333256057530009, "rpe_40m_rot": 1.8786945887626627, "rpe_48m_trans": 0.8260637851786803, "rpe_48m_rot": 2.0799852989173804}