{"ape_trans": 11.893895965404019, "ape_rot_deg": 40.28787313497892, "rpe_8m_trans": 0.033897284398103446, "rpe_8m_rot": 0.6723658853441914, "rpe_16m_trans": 0.04056229254036517, "rpe_16m_rot": 0.7749514561550476, "rpe_24m_trans": 5.5897511634097645, "rpe_24m_rot": 1.6874968997378312, "rpe_32m_trans": 16.128411871835016, "rpe_32m_rot": 4.071204089003539, "rpe_40m_trans": 21.759359554209535, "rpe_40m_rot": 5.641792286243389, "rpe_48m_trans": 23.783527270664468, "rpe_48m_rot": 6.330704205425492}