{"rmse": 0.20046750667659224, "mean": 0.1748026541019209, "median": 0.14978723961316145, "std": 0.098138949210055, "min": 0.03864091909885155, "max": 0.38543804567925344, "sse": 39.90591068449765}