{"rmse": 0.12722660635515004, "mean": 0.11705391291099666, "median": 0.10729749849372534, "std": 0.049849682414967414, "min": 0.019656562303444234, "max": 0.23161063338133048, "sse": 15.992370052272523}