{"rmse": 0.06972327628657148, "mean": 0.06416136887325115, "median": 0.06121380122400598, "std": 0.02728834917037268, "min": 0.006849935764156473, "max": 0.13698364947517505, "sse": 6.130143757984445}