{"ape_trans": 0.06972346033305615, "ape_rot_deg": 0.8650472451937329, "rpe_8m_trans": 0.06822928140423247, "rpe_8m_rot": 0.6680003067432547, "rpe_16m_trans": 0.08969448501878181, "rpe_16m_rot": 0.8464661866428665, "rpe_24m_trans": 0.1087607683730063, "rpe_24m_rot": 1.0679288866548924, "rpe_32m_trans": 0.12717348092895484, "rpe_32m_rot": 1.2920716770932843, "rpe_40m_trans": 0.120775722390023, "rpe_40m_rot": 1.4255643452220872, "rpe_48m_trans": 0.11793843825520481, "rpe_48m_rot": 1.527775694829815}