{"ape_trans": 4.289733344278768, "ape_rot_deg": 34.288574830786295, "rpe_8m_trans": 0.8246869120405494, "rpe_8m_rot": 0.8626372017316093, "rpe_16m_trans": 3.9476944305437978, "rpe_16m_rot": 1.548760645580379, "rpe_24m_trans": 4.750732407226918, "rpe_24m_rot": 1.761823994323801, "rpe_32m_trans": 5.562793554737448, "rpe_32m_rot": 2.030787078086755, "rpe_40m_trans": 6.263646348545858, "rpe_40m_rot": 2.298109065002438, "rpe_48m_trans": 7.002363690659243, "rpe_48m_rot": 2.557532144950978}