{"ape_trans": 2.5214126185455665, "ape_rot_deg": 16.032924611260565, "rpe_8m_trans": 1.3986050845391047, "rpe_8m_rot": 1.3906154543230422, "rpe_16m_trans": 2.5814522114734078, "rpe_16m_rot": 2.4565358175237537, "rpe_24m_trans": 3.280557123618565, "rpe_24m_rot": 3.0145290396741387, "rpe_32m_trans": 3.9943402443967337, "rpe_32m_rot": 3.675476819465633, "rpe_40m_trans": 4.931080192634219, "rpe_40m_rot": 4.517729723848155, "rpe_48m_trans": 5.051642087837417, "rpe_48m_rot": 4.610379703910884}