{"rmse": 25.38012219815725, "mean": 25.26734137867047, "median": 23.183538581339235, "std": 2.3899921437363396, "min": 22.865422452088165, "max": 28.094032130903784, "sse": 2340843.290551195}