{"ape_trans": 9.395142379383117, "ape_rot_deg": 37.48444919733796, "rpe_8m_trans": 0.06328947592108973, "rpe_8m_rot": 0.9040067181780008, "rpe_16m_trans": 0.07157157159367465, "rpe_16m_rot": 1.0012134630035234, "rpe_24m_trans": 8.957795645935157, "rpe_24m_rot": 1.4825943620499562, "rpe_32m_trans": 11.101073401634201, "rpe_32m_rot": 1.5690705387029749, "rpe_40m_trans": 13.047289986937109, "rpe_40m_rot": 1.7172314502042927, "rpe_48m_trans": 14.95460494237802, "rpe_48m_rot": 1.8596652769007183}