{"ape_trans": 0.5580018766891671, "ape_rot_deg": 1.9960387543528266, "rpe_8m_trans": 0.2520589587116848, "rpe_8m_rot": 0.7352351705737049, "rpe_16m_trans": 0.41604481340632915, "rpe_16m_rot": 0.9117217683660885, "rpe_24m_trans": 0.4339343737767185, "rpe_24m_rot": 1.0825716237680836, "rpe_32m_trans": 0.5074108824982604, "rpe_32m_rot": 1.1815378306173392, "rpe_40m_trans": 0.57867989438824, "rpe_40m_rot": 1.2385085284399795, "rpe_48m_trans": 0.69962736351151, "rpe_48m_rot": 1.0164471562444704}