{"std": 0.37661253821028723, "rmse": 1.185935825932226, "sse": 1455.669315642585, "max": 3.5498052502966475, "min": 0.20454439109359815, "median": 1.119116648753861, "mean": 1.1245473664067491}