{"std": 0.01093748816629926, "rmse": 0.0212476067585759, "sse": 0.07358810925363407, "max": 0.07110846834323271, "min": 0.00221191116642122, "median": 0.015047375705160043, "mean": 0.018216260471873583}