{"rmse": 0.1466148124605327, "mean": 0.13329516752242826, "median": 0.12762152638323032, "std": 0.061059819423291514, "min": 0.0232979269285054, "max": 0.26675347783521497, "sse": 20.765042522920712}