{"rmse": 0.8625283151416591, "mean": 0.8047340025356098, "median": 0.7980345399969159, "std": 0.3104163004484886, "min": 0.0893290004558422, "max": 2.6129463206991814, "sse": 375.6973226826601}