{"ape_trans": 0.3021333960437457, "ape_rot_deg": 8.40352619051089, "rpe_8m_trans": 0.3531013618636812, "rpe_8m_rot": 1.4000068871595537, "rpe_16m_trans": 0.5619208349298512, "rpe_16m_rot": 2.4644134240933124, "rpe_24m_trans": 0.5968662023884216, "rpe_24m_rot": 3.2373254055161764, "rpe_32m_trans": 0.5850162619404397, "rpe_32m_rot": 3.6504737509171794, "rpe_40m_trans": NaN, "rpe_40m_rot": NaN, "rpe_48m_trans": NaN, "rpe_48m_rot": NaN}