{"std": 0.04401228167085537, "rmse": 0.1271815703941654, "sse": 12.76219480801365, "max": 0.27102184346462715, "min": 0.010668204949471646, "median": 0.11445139358215929, "mean": 0.11932338794239515}