{"ape_trans": 0.4136418963810677, "ape_rot_deg": 2.5299608236236133, "rpe_8m_trans": 0.39743032669225836, "rpe_8m_rot": 0.8707769300619731, "rpe_16m_trans": 0.5008666051457706, "rpe_16m_rot": 0.93468751986513, "rpe_24m_trans": 0.5905596704339352, "rpe_24m_rot": 0.9635062347125245, "rpe_32m_trans": 0.7049624213088748, "rpe_32m_rot": 0.9992009334105842, "rpe_40m_trans": 0.7603175951927584, "rpe_40m_rot": 0.9859068086034583, "rpe_48m_trans": 0.7622341725052708, "rpe_48m_rot": 1.0218314013597647}