{"ape_trans": 1.7403550431504027, "ape_rot_deg": 17.09850091158974, "rpe_8m_trans": 1.3762598795826315, "rpe_8m_rot": 2.3543298283262812, "rpe_16m_trans": 2.5799492871195375, "rpe_16m_rot": 4.145298803046656, "rpe_24m_trans": 3.403276712301148, "rpe_24m_rot": 5.525231799294177, "rpe_32m_trans": 3.6155782348626997, "rpe_32m_rot": 5.900110360689011, "rpe_40m_trans": 3.6473672173459097, "rpe_40m_rot": 6.030428029456984, "rpe_48m_trans": 3.609926752218752, "rpe_48m_rot": 6.003475046533996}