{"rmse": 0.05880004534831739, "mean": 0.053639218246780106, "median": 0.049522828598559165, "std": 0.02408899331309785, "min": 0.01481721098430362, "max": 0.1672206378217226, "sse": 4.425530026194152}