{"rmse": 0.08122146542379369, "mean": 0.07574135783574189, "median": 0.07861272667388007, "std": 0.029328708781441722, "min": 0.002619757957665946, "max": 0.32039642293130066, "sse": 16.815565509805122}