{"ape_trans": 6.90762156983846, "ape_rot_deg": 36.01964649375189, "rpe_8m_trans": 3.079175566785626, "rpe_8m_rot": 4.046938009376341, "rpe_16m_trans": 5.840061607426179, "rpe_16m_rot": 5.070374343191364, "rpe_24m_trans": 8.03637257532806, "rpe_24m_rot": 6.474320593662243, "rpe_32m_trans": 10.035619955421001, "rpe_32m_rot": 6.244710462809161, "rpe_40m_trans": 12.14641471790844, "rpe_40m_rot": 6.573474874440644, "rpe_48m_trans": 13.628569886530453, "rpe_48m_rot": 7.144460846989378}