{"ape_trans": 7.4761884299105414, "ape_rot_deg": 26.75016976144111, "rpe_8m_trans": 0.06425218651382089, "rpe_8m_rot": 0.9001947324659284, "rpe_16m_trans": 2.0874626863836907, "rpe_16m_rot": 1.332121745454614, "rpe_24m_trans": 7.61862229478321, "rpe_24m_rot": 3.457113403635674, "rpe_32m_trans": 9.153676947296807, "rpe_32m_rot": 4.097006860892531, "rpe_40m_trans": 10.584851724551523, "rpe_40m_rot": 4.714315180353625, "rpe_48m_trans": 12.045579525456953, "rpe_48m_rot": 5.355386036056886}