{"std": 0.04284328965510148, "rmse": 0.0985728424055216, "sse": 10.863164680572446, "max": 0.28509184414844924, "min": 0.006331529004782858, "median": 0.08376708292048793, "mean": 0.08877532197312984}