{"ape_trans": 0.2913109154150841, "ape_rot_deg": 1.464003816393077, "rpe_8m_trans": 0.17302018128579247, "rpe_8m_rot": 0.5180634980384733, "rpe_16m_trans": 0.23168445090771217, "rpe_16m_rot": 0.6700348885424513, "rpe_24m_trans": 0.26235231505647333, "rpe_24m_rot": 0.736499258260543, "rpe_32m_trans": 0.28944469228334685, "rpe_32m_rot": 0.7596754755650315, "rpe_40m_trans": 0.3167349960071182, "rpe_40m_rot": 0.9525702230248947, "rpe_48m_trans": 0.36512275773346536, "rpe_48m_rot": 1.045586003493774}