{"ape_trans": 0.41607177564402376, "ape_rot_deg": 24.603292165370252, "rpe_8m_trans": 0.4992636204186689, "rpe_8m_rot": 0.5268447998688389, "rpe_16m_trans": 0.7781181793142211, "rpe_16m_rot": 0.5934196180434818, "rpe_24m_trans": 0.89366587882858, "rpe_24m_rot": 0.6538695668996988, "rpe_32m_trans": 0.8930966369619582, "rpe_32m_rot": 0.6419951904171226, "rpe_40m_trans": NaN, "rpe_40m_rot": NaN, "rpe_48m_trans": NaN, "rpe_48m_rot": NaN}