{"rmse": 1.5911290344299898, "mean": 1.3929644024866417, "median": 1.3189462838719002, "std": 0.7689875015961862, "min": 0.10899331312059181, "max": 3.5246456528665315, "sse": 2721.5684745215694}