{"std": 0.1448337782134776, "rmse": 0.36865190796032665, "sse": 147.04837604069783, "max": 0.6241560397115415, "min": 0.05987715540464574, "median": 0.3181043772149834, "mean": 0.33900944814444084}