{"ape_trans": 0.1958221559356879, "ape_rot_deg": 1.7111861229133978, "rpe_8m_trans": 0.16835551577925936, "rpe_8m_rot": 0.7404103000494616, "rpe_16m_trans": 0.26399811443949533, "rpe_16m_rot": 0.9654749659881375, "rpe_24m_trans": 0.30109419365988704, "rpe_24m_rot": 1.1004277970746636, "rpe_32m_trans": 0.3953432126404379, "rpe_32m_rot": 1.3835044446844686, "rpe_40m_trans": 0.3690412560932613, "rpe_40m_rot": 1.5744178914734286, "rpe_48m_trans": 0.42776447252413685, "rpe_48m_rot": 1.7970028178572546}