{"std": 0.33586615501159367, "rmse": 0.9663248925248169, "sse": 447.28243920037437, "max": 1.3994095406182758, "min": 0.13901285090801813, "median": 1.033896153675244, "mean": 0.9060782106588963}