{"ape_trans": 0.4038688911347626, "ape_rot_deg": 2.7815176728066104, "rpe_8m_trans": 0.32075121250852673, "rpe_8m_rot": 0.673484158756108, "rpe_16m_trans": 0.5308022146721783, "rpe_16m_rot": 0.8031273696500174, "rpe_24m_trans": 0.6463058218613777, "rpe_24m_rot": 1.0726987575789813, "rpe_32m_trans": 0.724630029645669, "rpe_32m_rot": 1.0528619463818547, "rpe_40m_trans": 0.7585980038733864, "rpe_40m_rot": 1.0543083222618503, "rpe_48m_trans": 0.7175279804807658, "rpe_48m_rot": 1.0636270652032211}