{"rmse": 36.836468803492735, "mean": 33.992543427301314, "median": 29.39997664099989, "std": 14.19268914806943, "min": 24.90285010188673, "max": 128.45743163947773, "sse": 1605242.7883163504}