{"std": 0.17989664352085571, "rmse": 1.297465432585401, "sse": 3503.1898379571185, "max": 1.8095119233120387, "min": 0.9054407176796297, "median": 1.2783260897630122, "mean": 1.2849333626316781}