{"std": 0.12247979916470744, "rmse": 0.7476639017609679, "sse": 1163.8407274125761, "max": 1.2863727391033852, "min": 0.34052872996569933, "median": 0.7204162912361481, "mean": 0.7375635625442781}