{"rmse": 0.12457749228869502, "mean": 0.1146618174588238, "median": 0.11452785888059246, "std": 0.04870543298215548, "min": 0.017583293788768228, "max": 0.29688322915960885, "sse": 40.133560398654495}