{"rmse": 0.6677418959912409, "mean": 0.6520523189667349, "median": 0.6499330706178308, "std": 0.14389931546772783, "min": 0.33548744426953675, "max": 1.259271402404691, "sse": 306.76491688744034}