{"ape_trans": 0.1782505357787269, "ape_rot_deg": 2.9466008019468197, "rpe_8m_trans": 0.16258097128692717, "rpe_8m_rot": 1.065910462008022, "rpe_16m_trans": 0.22994286522684038, "rpe_16m_rot": 1.196153229713534, "rpe_24m_trans": 0.28737533230075313, "rpe_24m_rot": 1.4327256329279714, "rpe_32m_trans": 0.32878027286616895, "rpe_32m_rot": 1.7257490854606403, "rpe_40m_trans": 0.31500208120090933, "rpe_40m_rot": 1.9394034879143212, "rpe_48m_trans": 0.28090671467573297, "rpe_48m_rot": 2.167367468177725}