{"ape_trans": 0.9035789481713854, "ape_rot_deg": 12.81665873203122, "rpe_8m_trans": 0.6803570911377969, "rpe_8m_rot": 0.6050890757991656, "rpe_16m_trans": 1.0723338320816282, "rpe_16m_rot": 0.7273556288458571, "rpe_24m_trans": 1.3701016718240466, "rpe_24m_rot": 0.8050544110598424, "rpe_32m_trans": 1.6852125713420687, "rpe_32m_rot": 0.8571590471075556, "rpe_40m_trans": 1.8688025133564856, "rpe_40m_rot": 0.9408408366444244, "rpe_48m_trans": 1.8721394424712698, "rpe_48m_rot": 0.8739561508671445}