{"std": 0.052920593912974, "rmse": 0.09274238287779102, "sse": 9.246235800489593, "max": 0.23852488274301714, "min": 0.009072946086310265, "median": 0.05572648675682159, "mean": 0.07616140966230131}