{"ape_trans": 0.34482631045977014, "ape_rot_deg": 4.33885914824887, "rpe_8m_trans": 0.165732796645716, "rpe_8m_rot": 0.3878637118920215, "rpe_16m_trans": 0.31599805274617615, "rpe_16m_rot": 0.5449385281610221, "rpe_24m_trans": 0.41736339702673625, "rpe_24m_rot": 0.6939062046781148, "rpe_32m_trans": 0.5337602572462739, "rpe_32m_rot": 0.8093993879438964, "rpe_40m_trans": 0.6298717538218486, "rpe_40m_rot": 0.943393777165087, "rpe_48m_trans": 0.724086603890456, "rpe_48m_rot": 1.0064247518682632}