{"ape_trans": 0.08194349693345716, "ape_rot_deg": 2.8342525233142903, "rpe_8m_trans": 0.14181729694184309, "rpe_8m_rot": 0.858576745615955, "rpe_16m_trans": 0.12703066353384182, "rpe_16m_rot": 1.1569227404246052, "rpe_24m_trans": 0.14358343566231413, "rpe_24m_rot": 1.3110530505595224, "rpe_32m_trans": 0.1548997116734869, "rpe_32m_rot": 1.477410612656361, "rpe_40m_trans": 0.16887493536390585, "rpe_40m_rot": 1.4928550832399332, "rpe_48m_trans": 0.17456359765373658, "rpe_48m_rot": 1.9802239069997698}