{"ape_trans": 131.56690143354268, "ape_rot_deg": 153.7106341374826, "rpe_8m_trans": 3.5357843406158653, "rpe_8m_rot": 2.463460438981867, "rpe_16m_trans": 7.873588290134052, "rpe_16m_rot": 3.0808894214831377, "rpe_24m_trans": 12.845803494343482, "rpe_24m_rot": 3.74006551794958, "rpe_32m_trans": 18.41403084754495, "rpe_32m_rot": 4.640413448556141, "rpe_40m_trans": 25.00024723880735, "rpe_40m_rot": 5.32777556305242, "rpe_48m_trans": 32.63083220012595, "rpe_48m_rot": 6.038683987035176}