{"ape_trans": 3.872657567841616, "ape_rot_deg": 24.733687003164984, "rpe_8m_trans": 1.2376259792202915, "rpe_8m_rot": 0.9090248360699534, "rpe_16m_trans": 3.986465738456771, "rpe_16m_rot": 2.428291483986438, "rpe_24m_trans": 5.333515728537831, "rpe_24m_rot": 3.3594808747920037, "rpe_32m_trans": 6.605811247916799, "rpe_32m_rot": 4.2361185649767155, "rpe_40m_trans": 7.836743151826736, "rpe_40m_rot": 5.087575124133523, "rpe_48m_trans": 7.880021936573264, "rpe_48m_rot": 5.2856164411192115}