{"std": 0.5292679926277228, "rmse": 1.4095492763728128, "sse": 806.652639984387, "max": 2.736801542235845, "min": 0.13878515615312442, "median": 1.2122596903670195, "mean": 1.3064090303204972}