{"std": 0.1829745741860339, "rmse": 0.4660501563271815, "sse": 284.1011946620681, "max": 0.9812564662595064, "min": 0.07677032820137886, "median": 0.400206260241296, "mean": 0.4286292726984822}