{"ape_trans": 0.9035948921860122, "ape_rot_deg": 12.814381911504134, "rpe_8m_trans": 0.6803568891305778, "rpe_8m_rot": 0.6051000692431047, "rpe_16m_trans": 1.0723330486944163, "rpe_16m_rot": 0.7273109877812618, "rpe_24m_trans": 1.3701072210216214, "rpe_24m_rot": 0.8050787987520696, "rpe_32m_trans": 1.6852221938013263, "rpe_32m_rot": 0.8572234412652425, "rpe_40m_trans": 1.868815594527503, "rpe_40m_rot": 0.941155405293046, "rpe_48m_trans": 1.8721588987935058, "rpe_48m_rot": 0.8740289509167406}