{"rmse": 0.07307548789653487, "mean": 0.06466584012370337, "median": 0.050209422822937666, "std": 0.034034630193557965, "min": 0.011693528028052477, "max": 0.15054292066461955, "sse": 5.649748493332977}