{"rmse": 0.13031945876992987, "mean": 0.12101204510636934, "median": 0.11936851288199932, "std": 0.04836575517100376, "min": 0.006293896818772794, "max": 0.2354918192772924, "sse": 19.10605650084838}