{"ape_trans": 0.15689953352564825, "ape_rot_deg": 3.1696413493501643, "rpe_8m_trans": 0.1259545132963978, "rpe_8m_rot": 1.5493050879729366, "rpe_16m_trans": 0.16405343199688868, "rpe_16m_rot": 1.8317678008898919, "rpe_24m_trans": 0.19755413764046598, "rpe_24m_rot": 2.271190646769981, "rpe_32m_trans": 0.2537216070163098, "rpe_32m_rot": 2.914318345851862, "rpe_40m_trans": 0.27459289858864766, "rpe_40m_rot": 3.521469090311616, "rpe_48m_trans": 0.29160863213684884, "rpe_48m_rot": 4.28533388015554}