{"rmse": 0.5062899267790265, "mean": 0.3874591205784499, "median": 0.3358552214121293, "std": 0.3258909631126433, "min": 0.03811656668501088, "max": 1.4794752325280673, "sse": 383.2125874870784}