{"ape_trans": 0.9739837817385205, "ape_rot_deg": 17.07354722950219, "rpe_8m_trans": 1.32916172227691, "rpe_8m_rot": 5.5747219595804145, "rpe_16m_trans": 1.2305613714074366, "rpe_16m_rot": 7.604269594889774, "rpe_24m_trans": 1.6503450908940203, "rpe_24m_rot": 10.860815501606016, "rpe_32m_trans": 1.763025347856146, "rpe_32m_rot": 14.037537293892607, "rpe_40m_trans": 1.8200033429867153, "rpe_40m_rot": 16.88389759239468, "rpe_48m_trans": 2.016016612507171, "rpe_48m_rot": 19.977617481438383}