{"rmse": 7.002472950560705, "mean": 6.368190518003987, "median": 5.420571054874142, "std": 2.912177355474502, "min": 0.2735171239723335, "max": 11.029280720034725, "sse": 62323.011455057946}