{"ape_trans": 17.004925341004572, "ape_rot_deg": 27.7581228072669, "rpe_8m_trans": 0.05404841843793874, "rpe_8m_rot": 1.5005681991985034, "rpe_16m_trans": 0.0710752104967419, "rpe_16m_rot": 1.393994259077103, "rpe_24m_trans": 0.08642878793645666, "rpe_24m_rot": 1.183253276982618, "rpe_32m_trans": 15.033277578070615, "rpe_32m_rot": 9.491542688232322, "rpe_40m_trans": 32.04687285728962, "rpe_40m_rot": 19.691611412917663, "rpe_48m_trans": 34.006357024977966, "rpe_48m_rot": 20.577959484601806}