{"rmse": 10.84966090968176, "mean": 7.050344435405136, "median": 3.978090369662544, "std": 8.246683284644092, "min": 3.489262817877752, "max": 31.678237513656374, "sse": 46732.91131646534}