{"ape_trans": 0.28149787343011257, "ape_rot_deg": 2.8729402322471906, "rpe_8m_trans": 0.1904420740338264, "rpe_8m_rot": 1.7322464657388834, "rpe_16m_trans": 0.31363268538553385, "rpe_16m_rot": 2.1877307907005235, "rpe_24m_trans": 0.4080771454092702, "rpe_24m_rot": 2.9035100742276643, "rpe_32m_trans": 0.45628413710202903, "rpe_32m_rot": 3.4965284752885784, "rpe_40m_trans": 0.4298747728020288, "rpe_40m_rot": 4.055645292471719, "rpe_48m_trans": 0.4805398789120408, "rpe_48m_rot": 5.009543092698935}