{"ape_trans": 0.5138305522603394, "ape_rot_deg": 8.718433937589456, "rpe_8m_trans": 0.9503793285020168, "rpe_8m_rot": 3.0652225362791623, "rpe_16m_trans": 1.0027199580679593, "rpe_16m_rot": 3.586019554051258, "rpe_24m_trans": 1.5301191142572337, "rpe_24m_rot": 5.702324107835009, "rpe_32m_trans": NaN, "rpe_32m_rot": NaN, "rpe_40m_trans": NaN, "rpe_40m_rot": NaN, "rpe_48m_trans": NaN, "rpe_48m_rot": NaN}