{"std": 0.0662716853266776, "rmse": 0.14981577733827803, "sse": 29.35775541843003, "max": 0.38573103129828046, "min": 0.032790533187483414, "median": 0.12683098848986482, "mean": 0.1343608233951933}