{"ape_trans": 10.093575780382126, "ape_rot_deg": 40.67600636642039, "rpe_8m_trans": 0.035066121370953184, "rpe_8m_rot": 0.6466911098351966, "rpe_16m_trans": 0.04307283477594717, "rpe_16m_rot": 0.692523693052218, "rpe_24m_trans": 9.542055317084019, "rpe_24m_rot": 1.809400825297541, "rpe_32m_trans": 14.281695468630284, "rpe_32m_rot": 2.5655059315112485, "rpe_40m_trans": 18.73269627390914, "rpe_40m_rot": 3.265454653207943, "rpe_48m_trans": 20.24013436766137, "rpe_48m_rot": 3.5203248891260364}