{"std": 0.032498958482002495, "rmse": 0.07516019869323745, "sse": 7.857836155441243, "max": 0.15569365833371693, "min": 0.007489252648134686, "median": 0.06522192858143962, "mean": 0.06777073974210412}