{"rmse": 129.80493098245805, "mean": 85.33076595257101, "median": 66.03288658413233, "std": 97.81605435360926, "min": 0.4670872666129334, "max": 547.4514176403299, "sse": 22948773.986225266}