{"ape_trans": 0.7234596042610311, "ape_rot_deg": 9.52862918917693, "rpe_8m_trans": 1.4069242641476563, "rpe_8m_rot": 3.137084995490772, "rpe_16m_trans": 1.563291696904615, "rpe_16m_rot": 3.6635526889166177, "rpe_24m_trans": 2.251632240116559, "rpe_24m_rot": 4.849571430121392, "rpe_32m_trans": NaN, "rpe_32m_rot": NaN, "rpe_40m_trans": NaN, "rpe_40m_rot": NaN, "rpe_48m_trans": NaN, "rpe_48m_rot": NaN}