{"ape_trans": 4.692342917199242, "ape_rot_deg": 25.165940525997467, "rpe_8m_trans": 2.436923918857903, "rpe_8m_rot": 6.29744738778514, "rpe_16m_trans": 4.717547096445095, "rpe_16m_rot": 10.232417591814704, "rpe_24m_trans": 7.179535828273602, "rpe_24m_rot": 13.724921396353768, "rpe_32m_trans": 8.43115761815019, "rpe_32m_rot": 17.239336791118102, "rpe_40m_trans": 11.537632250486338, "rpe_40m_rot": 20.138099455179134, "rpe_48m_trans": 14.135100325706318, "rpe_48m_rot": 23.597549529305997}