{"ape_trans": 0.24882455492118927, "ape_rot_deg": 2.1603994627572995, "rpe_8m_trans": 0.1751429749771043, "rpe_8m_rot": 1.6931836083645981, "rpe_16m_trans": 0.2864556250814809, "rpe_16m_rot": 1.8897956292128497, "rpe_24m_trans": 0.38290452898059407, "rpe_24m_rot": 2.2772434262907044, "rpe_32m_trans": 0.43822262918701743, "rpe_32m_rot": 2.4991917581245864, "rpe_40m_trans": 0.4071876347665994, "rpe_40m_rot": 2.7949933122460076, "rpe_48m_trans": 0.4226105083233658, "rpe_48m_rot": 3.3783222006711644}