{"rmse": 1.6732980153435635, "mean": 1.659986580679078, "median": 1.667038115261021, "std": 0.2106437754078958, "min": 1.1028439581448022, "max": 2.1274600811817894, "sse": 6053.440548506156}