{"ape_trans": 0.11009437375364726, "ape_rot_deg": 3.2729749992385035, "rpe_8m_trans": 0.15123273150469416, "rpe_8m_rot": 1.9851846499508619, "rpe_16m_trans": 0.15133490015903087, "rpe_16m_rot": 2.4272203560913486, "rpe_24m_trans": 0.16402653099494954, "rpe_24m_rot": 2.709246329020191, "rpe_32m_trans": 0.17889218325347184, "rpe_32m_rot": 3.0439976513034717, "rpe_40m_trans": 0.19687742474420344, "rpe_40m_rot": 3.281819076886477, "rpe_48m_trans": 0.2155484382392602, "rpe_48m_rot": 4.038244379356336}