{"ape_trans": 0.47131037926172975, "ape_rot_deg": 9.759366323740084, "rpe_8m_trans": 0.24178286350165576, "rpe_8m_rot": 2.5158185494520326, "rpe_16m_trans": 0.33687039731032875, "rpe_16m_rot": 3.8089017734339112, "rpe_24m_trans": 0.3982278515868908, "rpe_24m_rot": 4.943576028377832, "rpe_32m_trans": 0.46989927198938797, "rpe_32m_rot": 6.112122681072981, "rpe_40m_trans": 0.5244429092807897, "rpe_40m_rot": 7.182700445484984, "rpe_48m_trans": 0.54858802053696, "rpe_48m_rot": 8.352850025788067}