{"ape_trans": 0.9976935491898243, "ape_rot_deg": 17.87970432626042, "rpe_8m_trans": 1.3223149148747022, "rpe_8m_rot": 5.626173809006309, "rpe_16m_trans": 1.250328045153833, "rpe_16m_rot": 7.781271310126526, "rpe_24m_trans": 1.646562726938555, "rpe_24m_rot": 11.115151635519245, "rpe_32m_trans": 1.8385679342619012, "rpe_32m_rot": 14.394562713825643, "rpe_40m_trans": 1.933368269878681, "rpe_40m_rot": 17.209118354133768, "rpe_48m_trans": 2.1510594140245636, "rpe_48m_rot": 20.049951286856867}