{"ape_trans": 0.1563222709473636, "ape_rot_deg": 1.5086938442132105, "rpe_8m_trans": 0.16574885240973078, "rpe_8m_rot": 0.7319005232258557, "rpe_16m_trans": 0.246816421378048, "rpe_16m_rot": 1.0300333761052425, "rpe_24m_trans": 0.2805320255666565, "rpe_24m_rot": 1.1977817013139598, "rpe_32m_trans": 0.36542674687874466, "rpe_32m_rot": 1.484977670006238, "rpe_40m_trans": 0.3032831195077312, "rpe_40m_rot": 1.7095856111104941, "rpe_48m_trans": 0.3547045112351005, "rpe_48m_rot": 1.9563235125950995}