{"rmse": 0.9505752926993394, "mean": 0.933234408631386, "median": 0.9464533895735411, "std": 0.18073993924106016, "min": 0.5579483467043247, "max": 1.5393956658546357, "sse": 618.9614701569478}