{"rmse": 0.5138305522603394, "mean": 0.3517094774052887, "median": 0.2100759427771733, "std": 0.3745961557991006, "min": 0.09768445050582576, "max": 1.443134940333083, "sse": 449.62918745078963}