{"rmse": 0.1581284211035187, "mean": 0.14135913183351273, "median": 0.1305388748642836, "std": 0.07086743545499095, "min": 0.008602907858972192, "max": 0.3072960639931602, "sse": 31.855857292321282}