{"ape_trans": 0.21687675483695426, "ape_rot_deg": 3.797419628826367, "rpe_8m_trans": 0.15102244787228086, "rpe_8m_rot": 1.571057568029282, "rpe_16m_trans": 0.21338190656983907, "rpe_16m_rot": 1.9110284075652664, "rpe_24m_trans": 0.2726591929218053, "rpe_24m_rot": 2.237345198590364, "rpe_32m_trans": 0.3262358413967772, "rpe_32m_rot": 2.1433335888432716, "rpe_40m_trans": 0.3877034433860778, "rpe_40m_rot": 1.900398680846271, "rpe_48m_trans": 0.44561736975970084, "rpe_48m_rot": 2.6426510968716492}