{"rmse": 9742631.275716597, "mean": 9693626.673998266, "median": 9533011.636677228, "std": 975943.6867568301, "min": 7499355.307779636, "max": 12267836.71238676, "sse": 5.388543919190408e+17}