{"rmse": 0.1416531281767309, "mean": 0.1325614991157508, "median": 0.13670882332348316, "std": 0.04993052848146266, "min": 0.021578461293314793, "max": 0.3156882452573076, "sse": 36.4391454396121}