{"ape_trans": 0.1917125091665261, "ape_rot_deg": 2.5045435501730053, "rpe_8m_trans": 0.14459611885706125, "rpe_8m_rot": 1.1153605822388861, "rpe_16m_trans": 0.2103026710271475, "rpe_16m_rot": 1.3017105892615208, "rpe_24m_trans": 0.27286561604518456, "rpe_24m_rot": 1.62251948684718, "rpe_32m_trans": 0.3159574587462482, "rpe_32m_rot": 1.9978954575311405, "rpe_40m_trans": 0.32031378854314574, "rpe_40m_rot": 2.3001129541693115, "rpe_48m_trans": 0.3020492297653805, "rpe_48m_rot": 2.604115684743328}