{"ape_trans": 0.2754869363207482, "ape_rot_deg": 1.1018338747748944, "rpe_8m_trans": 0.18516749125250997, "rpe_8m_rot": 0.630699853262339, "rpe_16m_trans": 0.27591056309749945, "rpe_16m_rot": 0.767862678091076, "rpe_24m_trans": 0.3093878263363819, "rpe_24m_rot": 1.0073136297409508, "rpe_32m_trans": 0.3935974246545889, "rpe_32m_rot": 1.200949284982729, "rpe_40m_trans": 0.5177717332979432, "rpe_40m_rot": 1.4794141143410466, "rpe_48m_trans": 0.6931944185168246, "rpe_48m_rot": 1.6109978240215097}