{"ape_trans": 36.60161815828023, "ape_rot_deg": 121.9572425667433, "rpe_8m_trans": 0.06311789557755147, "rpe_8m_rot": 1.4057804935612048, "rpe_16m_trans": 0.07383783902302704, "rpe_16m_rot": 1.4785411857423523, "rpe_24m_trans": 0.0829555235688855, "rpe_24m_rot": 1.5184286209357205, "rpe_32m_trans": 0.09589903846873069, "rpe_32m_rot": 1.685540692123845, "rpe_40m_trans": 0.1256431998619665, "rpe_40m_rot": 1.8057971363703578, "rpe_48m_trans": 0.1654216287776294, "rpe_48m_rot": 2.275475405364545}