{"rmse": 0.1561153545863713, "mean": 0.14563336673576943, "median": 0.14115748718023002, "std": 0.05623990070077763, "min": 0.03618796302443382, "max": 0.3506094045825888, "sse": 44.25955915073325}