{"ape_trans": 0.11227528176597243, "ape_rot_deg": 1.216273605805082, "rpe_8m_trans": 0.0646393356707095, "rpe_8m_rot": 0.6893738115073382, "rpe_16m_trans": 0.10838423848952541, "rpe_16m_rot": 0.7793720578269359, "rpe_24m_trans": 0.14897888917845228, "rpe_24m_rot": 0.8846268240595639, "rpe_32m_trans": 0.18202363716232445, "rpe_32m_rot": 0.9712698728590116, "rpe_40m_trans": 0.21631795372755122, "rpe_40m_rot": 1.0162631073543558, "rpe_48m_trans": 0.24665432819620314, "rpe_48m_rot": 1.1384991909212292}