{"rmse": 0.08319366327014131, "mean": 0.07361065832397358, "median": 0.0747853871579835, "std": 0.03876411471215198, "min": 0.0036526751688075103, "max": 0.17725147215566703, "sse": 7.018082206821939}