{"ape_trans": 0.46435525879977974, "ape_rot_deg": 9.864475944311643, "rpe_8m_trans": 0.2354924801749668, "rpe_8m_rot": 2.5422744429243673, "rpe_16m_trans": 0.3327953564551165, "rpe_16m_rot": 3.8533287493582877, "rpe_24m_trans": 0.393518242893171, "rpe_24m_rot": 5.0246478338041385, "rpe_32m_trans": 0.46173788479881755, "rpe_32m_rot": 6.231070724088298, "rpe_40m_trans": 0.5122318039662689, "rpe_40m_rot": 7.316323322102009, "rpe_48m_trans": 0.5352800019088652, "rpe_48m_rot": 8.519276302599733}