{"ape_trans": 0.1090190562144821, "ape_rot_deg": 4.661419184396949, "rpe_8m_trans": 0.05473977482545624, "rpe_8m_rot": 0.9016644049092857, "rpe_16m_trans": 0.0806461057514372, "rpe_16m_rot": 1.2030926590425417, "rpe_24m_trans": 0.10350272558327132, "rpe_24m_rot": 1.6070064180286212, "rpe_32m_trans": 0.12383041443500639, "rpe_32m_rot": 2.0558467013196933, "rpe_40m_trans": 0.1500471533512395, "rpe_40m_rot": 2.5102898041190422, "rpe_48m_trans": 0.17619377706316997, "rpe_48m_rot": 2.958087299357432}