{"rmse": 0.03256618076624398, "mean": 0.02933006608969137, "median": 0.02780168338293068, "std": 0.014152856703648747, "min": 0.0016732968456131046, "max": 0.08749727083548814, "sse": 2.317315143393799}