{"ape_trans": 0.06892023713245525, "ape_rot_deg": 1.7903785459308712, "rpe_8m_trans": 0.03995821666939308, "rpe_8m_rot": 0.7835769418444407, "rpe_16m_trans": 0.05729284103963313, "rpe_16m_rot": 1.0994974001498703, "rpe_24m_trans": 0.06867909387107955, "rpe_24m_rot": 1.309026886781504, "rpe_32m_trans": 0.07982378219137261, "rpe_32m_rot": 1.4414846115144566, "rpe_40m_trans": 0.0878592491814873, "rpe_40m_rot": 1.674779582204952, "rpe_48m_trans": 0.09301473615906838, "rpe_48m_rot": 1.923674555635872}