{"ape_trans": 6.572806547855109, "ape_rot_deg": 32.87976549361781, "rpe_8m_trans": 3.040756589900926, "rpe_8m_rot": 4.071813234223757, "rpe_16m_trans": 5.719318867904601, "rpe_16m_rot": 5.01739291112056, "rpe_24m_trans": 7.657913299822526, "rpe_24m_rot": 6.33655819536536, "rpe_32m_trans": 9.505932577775337, "rpe_32m_rot": 6.139572085912242, "rpe_40m_trans": 11.531224719228153, "rpe_40m_rot": 6.222988295064403, "rpe_48m_trans": 12.966303021244558, "rpe_48m_rot": 6.615866646506452}