{"ape_trans": 133.8050551167485, "ape_rot_deg": 170.0807037095311, "rpe_8m_trans": 2.4202952106695648, "rpe_8m_rot": 2.0507792931107205, "rpe_16m_trans": 3.6174912701637063, "rpe_16m_rot": 2.010664388719327, "rpe_24m_trans": 3.6972802182040283, "rpe_24m_rot": 2.119023356852326, "rpe_32m_trans": 4.09187766536745, "rpe_32m_rot": 2.207594423787573, "rpe_40m_trans": 5.3354633451691, "rpe_40m_rot": 2.270391142100336, "rpe_48m_trans": 6.79501955901211, "rpe_48m_rot": 2.351784367652215}