{"ape_trans": 129.96496231611403, "ape_rot_deg": 60.13804369403422, "rpe_8m_trans": 4.307503786413325, "rpe_8m_rot": 1.5637961299872192, "rpe_16m_trans": 9.803943541238889, "rpe_16m_rot": 1.9759370306730633, "rpe_24m_trans": 15.512211788459513, "rpe_24m_rot": 2.3859688445015834, "rpe_32m_trans": 22.49851363948021, "rpe_32m_rot": 9.145075555315564, "rpe_40m_trans": 28.0274480412656, "rpe_40m_rot": 10.876245685968629, "rpe_48m_trans": 34.03000067743014, "rpe_48m_rot": 12.211727705784146}