{"ape_trans": 0.10524523127080004, "ape_rot_deg": 3.1236056303328854, "rpe_8m_trans": 0.12436455721418879, "rpe_8m_rot": 2.376556594915449, "rpe_16m_trans": 0.19567147223758358, "rpe_16m_rot": 3.858595833705528, "rpe_24m_trans": 0.29900372244647627, "rpe_24m_rot": 5.733812208222404, "rpe_32m_trans": 0.3024789559797728, "rpe_32m_rot": 8.887265861391342, "rpe_40m_trans": NaN, "rpe_40m_rot": NaN, "rpe_48m_trans": NaN, "rpe_48m_rot": NaN}