{"ape_trans": 0.07507082162316032, "ape_rot_deg": 2.4310406256875265, "rpe_8m_trans": 0.144960253556971, "rpe_8m_rot": 0.8027282329944503, "rpe_16m_trans": 0.12868511575058925, "rpe_16m_rot": 1.0533557789319101, "rpe_24m_trans": 0.15328849246337606, "rpe_24m_rot": 0.9824570826475558, "rpe_32m_trans": 0.167395239960699, "rpe_32m_rot": 0.9498284824394156, "rpe_40m_trans": 0.16529209555452606, "rpe_40m_rot": 0.879398635828679, "rpe_48m_trans": 0.16560471086240544, "rpe_48m_rot": 1.0724941565181634}