{"std": 18.87698374056749, "rmse": 31.747808626162797, "sse": 375955.4105061694, "max": 94.14450307996732, "min": 7.113529385049273, "median": 19.92678567220785, "mean": 25.526120688851407}