{"ape_trans": 2.183816063163664, "ape_rot_deg": 10.801661544894358, "rpe_8m_trans": 1.2955393128039434, "rpe_8m_rot": 1.0705507201592053, "rpe_16m_trans": 2.1022773277241162, "rpe_16m_rot": 1.4997681730988977, "rpe_24m_trans": 2.472948155400162, "rpe_24m_rot": 1.5769659157454379, "rpe_32m_trans": 2.9487524725264165, "rpe_32m_rot": 1.8140481440539422, "rpe_40m_trans": 3.495398040937441, "rpe_40m_rot": 2.0192325699741582, "rpe_48m_trans": 4.114261894954871, "rpe_48m_rot": 2.1931448317721394}