{"ape_trans": 0.0860570405583608, "ape_rot_deg": 2.0281770078223222, "rpe_8m_trans": 0.11382137107140267, "rpe_8m_rot": 1.7444208831899994, "rpe_16m_trans": 0.17210207757643414, "rpe_16m_rot": 2.854819389337922, "rpe_24m_trans": 0.2671857890840445, "rpe_24m_rot": 4.2278609588595994, "rpe_32m_trans": 0.23048900327554708, "rpe_32m_rot": 6.215409452892789, "rpe_40m_trans": 0.17856216673181105, "rpe_40m_rot": 7.703317213153928, "rpe_48m_trans": NaN, "rpe_48m_rot": NaN}