{"ape_trans": 0.2625651199662532, "ape_rot_deg": 6.982442447344607, "rpe_8m_trans": 0.20052311147748167, "rpe_8m_rot": 2.3736590961535766, "rpe_16m_trans": 0.20964605518875837, "rpe_16m_rot": 3.259276859497023, "rpe_24m_trans": 0.23498483469455153, "rpe_24m_rot": 4.20783053556813, "rpe_32m_trans": 0.28506272130662746, "rpe_32m_rot": 5.160497752206779, "rpe_40m_trans": 0.3006479063411111, "rpe_40m_rot": 6.2107272963937294, "rpe_48m_trans": 0.3190135944038759, "rpe_48m_rot": 7.152818160193116}