{"rmse": 2.6275216869836604, "mean": 2.544289562502096, "median": 2.3484313102970304, "std": 0.6560951437957387, "min": 1.9113563230474668, "max": 4.818990563668088, "sse": 4018.052465461426}