{"rmse": 0.40397894837371523, "mean": 0.38459790052893045, "median": 0.35925403857210125, "std": 0.12362623361516675, "min": 0.20040369219533472, "max": 1.2518020297971988, "sse": 169.07415439538164}