{"ape_trans": 0.8614352928777588, "ape_rot_deg": 4.887260017183077, "rpe_8m_trans": 0.7107917063963067, "rpe_8m_rot": 0.9188497811087782, "rpe_16m_trans": 0.9725461014382367, "rpe_16m_rot": 0.9933937993927872, "rpe_24m_trans": 1.2046824230477078, "rpe_24m_rot": 1.0088558333107944, "rpe_32m_trans": 1.417409151058304, "rpe_32m_rot": 1.0723550798885577, "rpe_40m_trans": 1.674760656775941, "rpe_40m_rot": 0.8169165308503586, "rpe_48m_trans": 1.705341700326743, "rpe_48m_rot": 0.7445049895141125}