{"rmse": 3.5311233019280475, "mean": 2.484003010250569, "median": 1.6530226237486536, "std": 2.5096933714072227, "min": 0.1569499625809379, "max": 9.669577659725071, "sse": 13379.05649287884}