{"ape_trans": 0.3208620241554794, "ape_rot_deg": 4.269874133940924, "rpe_8m_trans": 0.2902917562341338, "rpe_8m_rot": 1.7777666004591268, "rpe_16m_trans": 0.3502499436597246, "rpe_16m_rot": 1.9253895178271545, "rpe_24m_trans": 0.40303535685554015, "rpe_24m_rot": 2.204690006005665, "rpe_32m_trans": 0.4361685014666695, "rpe_32m_rot": 2.367635393816973, "rpe_40m_trans": 0.4925985977627579, "rpe_40m_rot": 2.161629220139601, "rpe_48m_trans": 0.5529828442086813, "rpe_48m_rot": 2.5447708851222868}