{"ape_trans": 0.32915633298921176, "ape_rot_deg": 0.7990717156729855, "rpe_8m_trans": 0.2269141269546709, "rpe_8m_rot": 0.5696909880453858, "rpe_16m_trans": 0.3622560662289342, "rpe_16m_rot": 0.6539177499529631, "rpe_24m_trans": 0.42138395827049135, "rpe_24m_rot": 0.793575742974837, "rpe_32m_trans": 0.48024648071288994, "rpe_32m_rot": 0.8464869053539643, "rpe_40m_trans": 0.5625346172725882, "rpe_40m_rot": 0.9731562403701414, "rpe_48m_trans": 0.7178576418212202, "rpe_48m_rot": 1.053366622782029}