{"rmse": 0.15984517838862888, "mean": 0.11824024917017299, "median": 0.07934716129046093, "std": 0.10756265397556901, "min": 0.024657328440008733, "max": 0.57986405714033, "sse": 36.25613261575738}