{"rmse": 0.37682467064538183, "mean": 0.3605901610490863, "median": 0.38326889719806023, "std": 0.10941466154768503, "min": 0.11645997244037344, "max": 0.5378722324832441, "sse": 139.01489892645347}