{"ape_trans": 0.22368343259945797, "ape_rot_deg": 1.8374005926273296, "rpe_8m_trans": 0.17375693253340435, "rpe_8m_rot": 0.8159554096285523, "rpe_16m_trans": 0.2830542600365571, "rpe_16m_rot": 1.3083580679405504, "rpe_24m_trans": 0.3342242486217141, "rpe_24m_rot": 1.6659854343040457, "rpe_32m_trans": 0.40804171031106645, "rpe_32m_rot": 2.1717194423435813, "rpe_40m_trans": 0.367601615586925, "rpe_40m_rot": 2.61834042882288, "rpe_48m_trans": 0.46215432975144616, "rpe_48m_rot": 2.9767282870902387}