{"rmse": 0.22852683817370187, "mean": 0.20948700492691197, "median": 0.22656973872161723, "std": 0.09132201559548106, "min": 0.06466788659132178, "max": 0.5365776387687687, "sse": 87.42383939173044}