{"ape_trans": 74.31589732373759, "ape_rot_deg": 164.78434757087962, "rpe_8m_trans": 0.1656802442529099, "rpe_8m_rot": 1.5858675708171284, "rpe_16m_trans": 0.1749643995613963, "rpe_16m_rot": 1.853774293873672, "rpe_24m_trans": 0.2130418469029545, "rpe_24m_rot": 2.157217949965526, "rpe_32m_trans": 0.24297944207554228, "rpe_32m_rot": 2.4079125323335053, "rpe_40m_trans": 0.2920729338091214, "rpe_40m_rot": 2.659137000425737, "rpe_48m_trans": 0.3744098428433955, "rpe_48m_rot": 2.466337460284326}