{"rmse": 0.1465911834257432, "mean": 0.056789931250449587, "median": 0.04123580631296671, "std": 0.13514391871900525, "min": 0.004101652803033261, "max": 1.6561692041992377, "sse": 46.95341050207935}