{"rmse": 4.265541167049254, "mean": 2.9190661894482197, "median": 1.7856249331792635, "std": 3.110288415792362, "min": 0.17176422523891288, "max": 13.698220304998319, "sse": 20487.391470213697}