{"rmse": 0.34695347174844965, "mean": 0.3306127084644964, "median": 0.3774234746680464, "std": 0.10522332707186255, "min": 0.11406110014861728, "max": 0.4837408520240001, "sse": 117.48767048090299}