{"ape_trans": 0.11021537144515695, "ape_rot_deg": 3.275785134041967, "rpe_8m_trans": 0.15132807609480253, "rpe_8m_rot": 1.9908489732732078, "rpe_16m_trans": 0.15156746779909447, "rpe_16m_rot": 2.432707311645108, "rpe_24m_trans": 0.1641929599078174, "rpe_24m_rot": 2.71580588166704, "rpe_32m_trans": 0.17912833854549584, "rpe_32m_rot": 3.0515247030929515, "rpe_40m_trans": 0.1971149299172938, "rpe_40m_rot": 3.2905146123124376, "rpe_48m_trans": 0.21595762499197668, "rpe_48m_rot": 4.048493012443349}