{"rmse": 0.1870077953750817, "mean": 0.16637866554915337, "median": 0.14450457603448377, "std": 0.08538181996848856, "min": 0.014057335163762083, "max": 0.37480379535596153, "sse": 34.69214020680004}