{"std": 0.2695847717367278, "rmse": 0.7124235121758028, "sse": 229.91890909751055, "max": 1.3628547463943277, "min": 0.14952891434068682, "median": 0.6423191042241198, "mean": 0.6594477322339979}