{"ape_trans": 0.18911239555538809, "ape_rot_deg": 3.3395896944496855, "rpe_8m_trans": 0.1693132771471049, "rpe_8m_rot": 1.0919322135380176, "rpe_16m_trans": 0.24882242012731456, "rpe_16m_rot": 1.2323489595992594, "rpe_24m_trans": 0.31209666053292134, "rpe_24m_rot": 1.4731691719174111, "rpe_32m_trans": 0.35769432151815067, "rpe_32m_rot": 1.790378322162227, "rpe_40m_trans": 0.3403494246947203, "rpe_40m_rot": 2.0339216896511707, "rpe_48m_trans": 0.3003820101249782, "rpe_48m_rot": 2.2936376320996854}