{"ape_trans": 3.35056581940737, "ape_rot_deg": 21.25451802153044, "rpe_8m_trans": 3.6156598579694745, "rpe_8m_rot": 3.130446856165903, "rpe_16m_trans": 5.68751518083113, "rpe_16m_rot": 4.216691944085474, "rpe_24m_trans": 4.30337022800745, "rpe_24m_rot": 5.599595413116365, "rpe_32m_trans": 4.138216419240177, "rpe_32m_rot": 7.398601081225679, "rpe_40m_trans": 3.9567701051670854, "rpe_40m_rot": 8.890810252267421, "rpe_48m_trans": 4.329042165393684, "rpe_48m_rot": 10.79070635333019}