{"rmse": 0.14129049937134824, "mean": 0.11133369354903745, "median": 0.07882255849270611, "std": 0.08699318302794751, "min": 0.023121798198449672, "max": 0.4080469499629694, "sse": 29.844692792844413}