{"rmse": 0.3509176443005351, "mean": 0.3326168225208875, "median": 0.35974426922847974, "std": 0.11184472476404662, "min": 0.09677725231424542, "max": 0.5168486209190339, "sse": 243.33094952891932}