{"std": 0.03020485947939039, "rmse": 0.08267817423776239, "sse": 17.42414958249369, "max": 0.16274364633620034, "min": 0.0107603520683128, "median": 0.08021150549088048, "mean": 0.0769632831882845}