{"std": 0.028401871636761257, "rmse": 0.07962019759131674, "sse": 16.15272970269585, "max": 0.15803584254071937, "min": 0.012038690592279954, "median": 0.07050900365231097, "mean": 0.0743821857168049}