{"ape_trans": 2.8120735680241413, "ape_rot_deg": 21.300444779121904, "rpe_8m_trans": 2.2515734199615425, "rpe_8m_rot": 7.094925018842457, "rpe_16m_trans": 3.182059857943138, "rpe_16m_rot": 12.781408282883897, "rpe_24m_trans": 4.149122565262363, "rpe_24m_rot": 17.719999925907103, "rpe_32m_trans": 4.400737179345837, "rpe_32m_rot": 23.063922672317005, "rpe_40m_trans": 4.402985827680882, "rpe_40m_rot": 29.088251086138765, "rpe_48m_trans": 4.411153034361003, "rpe_48m_rot": 34.11483788347608}