{"std": 0.08502035810758947, "rmse": 0.18408126166722644, "sse": 78.24256826116813, "max": 0.41453298295692903, "min": 0.02106515029136221, "median": 0.12741277599976208, "mean": 0.16327109237172127}