{"ape_trans": 2.3198505427246188, "ape_rot_deg": 19.650868490424536, "rpe_8m_trans": 1.2416986783731367, "rpe_8m_rot": 1.2924374962471934, "rpe_16m_trans": 2.6911421959967186, "rpe_16m_rot": 1.6434182164302014, "rpe_24m_trans": 3.4512679285667116, "rpe_24m_rot": 1.919181631494405, "rpe_32m_trans": 4.416065554729984, "rpe_32m_rot": 2.3799531930387707, "rpe_40m_trans": 4.6896866189623845, "rpe_40m_rot": 2.6814805833404303, "rpe_48m_trans": 4.668502457529359, "rpe_48m_rot": 2.673902631577576}