{"std": 0.052364983080432595, "rmse": 0.12899312904024463, "sse": 16.539391975555642, "max": 0.308892679176094, "min": 0.021800517797698177, "median": 0.10362109193269589, "mean": 0.11788611405326418}