{"ape_trans": 0.06972812313585654, "ape_rot_deg": 0.8648263665787165, "rpe_8m_trans": 0.06822886844126566, "rpe_8m_rot": 0.6679730012019577, "rpe_16m_trans": 0.08970206003340035, "rpe_16m_rot": 0.846384220006018, "rpe_24m_trans": 0.1087761025336615, "rpe_24m_rot": 1.0677187664263352, "rpe_32m_trans": 0.12718908201743617, "rpe_32m_rot": 1.2917559726230252, "rpe_40m_trans": 0.12078725124457083, "rpe_40m_rot": 1.4245449055362176, "rpe_48m_trans": 0.11793997375979079, "rpe_48m_rot": 1.5273200713652404}