{"std": 20.99702695653773, "rmse": 33.768398893209906, "sse": 458402.5150519979, "max": 108.67965958325044, "min": 6.604690801882589, "median": 20.108682632159482, "mean": 26.44673179803826}