{"std": 0.12241580744343307, "rmse": 0.26790735249602227, "sse": 78.23404097835645, "max": 0.5501123587445904, "min": 0.05250934856908018, "median": 0.20532262051309902, "mean": 0.23830383884738462}