{"ape_trans": 1.5539593818112343, "ape_rot_deg": 14.906776046470778, "rpe_8m_trans": 1.169046846612337, "rpe_8m_rot": 3.160068346952124, "rpe_16m_trans": 1.836363122569901, "rpe_16m_rot": 4.575362381585016, "rpe_24m_trans": 2.486867629820863, "rpe_24m_rot": 6.090105994550476, "rpe_32m_trans": 2.906114887896421, "rpe_32m_rot": 6.745035330622086, "rpe_40m_trans": 3.0212964133143307, "rpe_40m_rot": 6.754548578487464, "rpe_48m_trans": 3.27762960082478, "rpe_48m_rot": 5.86492862714936}