{"rmse": 4.476023597098459, "mean": 4.443245880089993, "median": 4.1884256653662675, "std": 0.5406970416467378, "min": 3.784894506368868, "max": 5.563785032657073, "sse": 13383.237877510528}