{"ape_trans": 0.0678302924629266, "ape_rot_deg": 0.6449994253766351, "rpe_8m_trans": 0.04349470618638317, "rpe_8m_rot": 0.7882324332218287, "rpe_16m_trans": 0.058924732486354874, "rpe_16m_rot": 0.9382632996962472, "rpe_24m_trans": 0.06462383234015055, "rpe_24m_rot": 0.9822470634180926, "rpe_32m_trans": 0.06999899771705699, "rpe_32m_rot": 0.9475108326182611, "rpe_40m_trans": 0.07672579612170702, "rpe_40m_rot": 0.9660407731441876, "rpe_48m_trans": 0.08827890168066624, "rpe_48m_rot": 0.9647045520195191}