{"ape_trans": 0.24309838469859388, "ape_rot_deg": 1.669930581801009, "rpe_8m_trans": 0.16802500200315898, "rpe_8m_rot": 0.5636319521341635, "rpe_16m_trans": 0.2502217542785343, "rpe_16m_rot": 0.6973560537894651, "rpe_24m_trans": 0.2531801636973947, "rpe_24m_rot": 0.7586762137674131, "rpe_32m_trans": 0.2858815159740595, "rpe_32m_rot": 0.8120872712064987, "rpe_40m_trans": 0.29819942061320115, "rpe_40m_rot": 1.0121443655177556, "rpe_48m_trans": 0.3501237990537941, "rpe_48m_rot": 1.1381561829713853}