{"std": 0.2928495243753411, "rmse": 0.9421837242241098, "sse": 349.7578070559685, "max": 1.6358550080351966, "min": 0.20289131558912585, "median": 0.8997281355476807, "mean": 0.8955162345071976}