{"rmse": 0.09836203177726531, "mean": 0.08029061636213426, "median": 0.06497369035538852, "std": 0.056819945613669195, "min": 0.009668610337701214, "max": 0.2641460576301049, "sse": 10.081443045756522}