{"rmse": 0.8407605459992451, "mean": 0.8348298245701492, "median": 0.824926665056029, "std": 0.09968680813990745, "min": 0.629072103730758, "max": 1.2349547648389718, "sse": 1001.6465450195802}