{"ape_trans": 0.16728799901447117, "ape_rot_deg": 1.2720030558494548, "rpe_8m_trans": 0.15938612753222503, "rpe_8m_rot": 0.7651038983957346, "rpe_16m_trans": 0.2531561312356677, "rpe_16m_rot": 1.0514554167372665, "rpe_24m_trans": 0.2826803825440492, "rpe_24m_rot": 1.2415624649447001, "rpe_32m_trans": 0.35549579084223676, "rpe_32m_rot": 1.5564927176538765, "rpe_40m_trans": 0.3064652746825209, "rpe_40m_rot": 1.7937598482898733, "rpe_48m_trans": 0.3430099213855169, "rpe_48m_rot": 2.0551636125931845}