{"ape_trans": 0.7476240803217885, "ape_rot_deg": 5.983834924393222, "rpe_8m_trans": 1.3189365588366337, "rpe_8m_rot": 3.3024938869871527, "rpe_16m_trans": 1.4496841722960236, "rpe_16m_rot": 3.9935748079131206, "rpe_24m_trans": 2.208560325238702, "rpe_24m_rot": 5.506056052394462, "rpe_32m_trans": NaN, "rpe_32m_rot": NaN, "rpe_40m_trans": NaN, "rpe_40m_rot": NaN, "rpe_48m_trans": NaN, "rpe_48m_rot": NaN}