{"rmse": 2.18447164499524, "mean": 2.179428585546046, "median": 2.157194315999359, "std": 0.14834894099039148, "min": 1.8564478648631042, "max": 2.544019348941633, "sse": 5654.72089582903}