{"rmse": 0.2771131798220404, "mean": 0.2419284344295882, "median": 0.22009492606796963, "std": 0.13513825160009643, "min": 0.03198054284635844, "max": 0.608072967576825, "sse": 83.70296872987994}