{"std": 0.0736330751367961, "rmse": 0.15438671517768254, "sse": 31.17651723294818, "max": 0.38144884644992655, "min": 0.03150778238890545, "median": 0.12201395624208525, "mean": 0.13569608715528172}