{"rmse": 2.412815073463024, "mean": 2.404356324700408, "median": 2.401439788723205, "std": 0.20185946250678102, "min": 1.9528007753939676, "max": 2.896660834022321, "sse": 11771.430042192824}