{"ape_trans": 0.3024545967043039, "ape_rot_deg": 0.7094792684804395, "rpe_8m_trans": 0.19468031863777258, "rpe_8m_rot": 0.5462807537692389, "rpe_16m_trans": 0.2980668489222266, "rpe_16m_rot": 0.6304695810088154, "rpe_24m_trans": 0.32744326326781154, "rpe_24m_rot": 0.718063266887256, "rpe_32m_trans": 0.3867703569879293, "rpe_32m_rot": 0.7827132448451943, "rpe_40m_trans": 0.49669519797826134, "rpe_40m_rot": 0.9465420543981704, "rpe_48m_trans": 0.6561236415647311, "rpe_48m_rot": 0.99473878660679}