{"rmse": 2.3197615803914102, "mean": 2.307205898047289, "median": 2.3425707949981893, "std": 0.24102849183416808, "min": 1.8218006994992229, "max": 2.8452748948223854, "sse": 4154.358805771961}