{"std": 0.0159830909293924, "rmse": 0.08269954564974974, "sse": 5.402979732033282, "max": 0.12331272132454121, "min": 0.033913769588898315, "median": 0.08201006525592111, "mean": 0.08114034542086825}