{"ape_trans": 1.3987922340263304, "ape_rot_deg": 23.973121151491767, "rpe_8m_trans": 1.466216639012295, "rpe_8m_rot": 5.535282107495524, "rpe_16m_trans": 2.327865249206748, "rpe_16m_rot": 11.008063336736237, "rpe_24m_trans": 2.769659639211305, "rpe_24m_rot": 14.649941726930619, "rpe_32m_trans": 2.666639385109482, "rpe_32m_rot": 17.253986500274053, "rpe_40m_trans": 2.656111633960425, "rpe_40m_rot": 19.822555066495873, "rpe_48m_trans": NaN, "rpe_48m_rot": NaN}