{"rmse": 0.1408832589621423, "mean": 0.12365245561115554, "median": 0.11848656149918715, "std": 0.0675141679732873, "min": 0.004865521195518831, "max": 0.25774695029358746, "sse": 33.16616282783185}