{"std": 1.0277630469410501, "rmse": 1.9976958408336336, "sse": 1803.836479962767, "max": 4.5247905158126045, "min": 0.26353796230060833, "median": 1.5660536190473615, "mean": 1.7130358407886412}