{"rmse": 0.9660692944941655, "mean": 0.9284428058135848, "median": 0.9148916537730903, "std": 0.2669903333408389, "min": 0.21746639796419448, "max": 2.6272261066234126, "sse": 471.3113902910495}