{"ape_trans": 0.27648450672252056, "ape_rot_deg": 0.8844285068521384, "rpe_8m_trans": 0.2262911032425422, "rpe_8m_rot": 0.5977681299351701, "rpe_16m_trans": 0.3624421780075545, "rpe_16m_rot": 0.665363014913727, "rpe_24m_trans": 0.38388197549588254, "rpe_24m_rot": 0.803135604734029, "rpe_32m_trans": 0.4312387872712129, "rpe_32m_rot": 0.8739657411623981, "rpe_40m_trans": 0.4739290839736974, "rpe_40m_rot": 1.0509150443894824, "rpe_48m_trans": 0.5693120477106915, "rpe_48m_rot": 1.1595826380123067}