{"rmse": 0.23221064056540344, "mean": 0.21714014942379523, "median": 0.22472193008637992, "std": 0.08229178027000554, "min": 0.06598976897535823, "max": 0.5041792439906494, "sse": 91.5591851428679}