{"rmse": 0.4960472358489379, "mean": 0.4903687936876847, "median": 0.47184978240390113, "std": 0.0748418757825911, "min": 0.29128877314053714, "max": 0.7034234292524371, "sse": 261.8108832457476}