{"ape_trans": 0.21227388791047944, "ape_rot_deg": 6.892581121249663, "rpe_8m_trans": 0.11328046924424891, "rpe_8m_rot": 0.7703300479288819, "rpe_16m_trans": 0.16299456527294726, "rpe_16m_rot": 0.9860189386686286, "rpe_24m_trans": 0.2017436861549713, "rpe_24m_rot": 1.263930525693599, "rpe_32m_trans": 0.24240250601302982, "rpe_32m_rot": 1.5721671488891562, "rpe_40m_trans": 0.2939520148079704, "rpe_40m_rot": 1.8784967121728415, "rpe_48m_trans": 0.354787194486427, "rpe_48m_rot": 2.1715157994390926}