{"rmse": 8.935965350084182, "mean": 8.262457552262676, "median": 7.290059891028898, "std": 3.4034206226916144, "min": 2.1878584819555034, "max": 16.404882202762014, "sse": 70349.1510060944}