{"rmse": 0.13491413136415878, "mean": 0.1253459663947092, "median": 0.12242674872646747, "std": 0.04990201950143821, "min": 0.030162015358492084, "max": 0.3666559302059109, "sse": 9.41034240918242}