{"ape_trans": 0.05608182286303058, "ape_rot_deg": 1.4612278093157203, "rpe_8m_trans": 0.03937841593552265, "rpe_8m_rot": 1.0124888387310178, "rpe_16m_trans": 0.05692305645619629, "rpe_16m_rot": 1.2268538701407985, "rpe_24m_trans": 0.07387425301036696, "rpe_24m_rot": 1.4427997652770275, "rpe_32m_trans": 0.08187520614036049, "rpe_32m_rot": 1.6983617850830737, "rpe_40m_trans": 0.08461108710645698, "rpe_40m_rot": 1.9749706873743005, "rpe_48m_trans": 0.09385772021580137, "rpe_48m_rot": 2.099992250986442}