{"ape_trans": 131.53692665528075, "ape_rot_deg": 153.70552948724497, "rpe_8m_trans": 3.5332569314945905, "rpe_8m_rot": 2.463358906129232, "rpe_16m_trans": 7.873930324481153, "rpe_16m_rot": 3.0834910105353575, "rpe_24m_trans": 12.842860114835366, "rpe_24m_rot": 3.7396466263713863, "rpe_32m_trans": 18.40710581223402, "rpe_32m_rot": 4.640404052646127, "rpe_40m_trans": 24.99880502651296, "rpe_40m_rot": 5.3274994161065, "rpe_48m_trans": 32.62938928180695, "rpe_48m_rot": 6.0397444226686385}