{"ape_trans": 1.6461787840404982, "ape_rot_deg": 7.298448282683363, "rpe_8m_trans": 2.644856857308485, "rpe_8m_rot": 2.0882341480608724, "rpe_16m_trans": 2.907181949663594, "rpe_16m_rot": 2.6026098665330104, "rpe_24m_trans": 2.4681543497539655, "rpe_24m_rot": 3.401050847256685, "rpe_32m_trans": 2.2763289042906907, "rpe_32m_rot": 4.429196304938191, "rpe_40m_trans": 2.5249361233338643, "rpe_40m_rot": 5.398015288074588, "rpe_48m_trans": 2.6070587956517586, "rpe_48m_rot": 6.225281176715185}