{"ape_trans": 0.23051366017730407, "ape_rot_deg": 14.38910084470887, "rpe_8m_trans": 0.294202346089916, "rpe_8m_rot": 0.7258431532898716, "rpe_16m_trans": 0.4453039944505888, "rpe_16m_rot": 1.0923296383475813, "rpe_24m_trans": 0.5072113228808313, "rpe_24m_rot": 1.3603342800855995, "rpe_32m_trans": 0.5206456797622481, "rpe_32m_rot": 1.4644057853267904, "rpe_40m_trans": NaN, "rpe_40m_rot": NaN, "rpe_48m_trans": NaN, "rpe_48m_rot": NaN}