{"ape_trans": 0.41471740763530013, "ape_rot_deg": 2.535617213704857, "rpe_8m_trans": 0.39831330189508257, "rpe_8m_rot": 0.8707086585681644, "rpe_16m_trans": 0.5020493592083632, "rpe_16m_rot": 0.9344765201073618, "rpe_24m_trans": 0.5919933179585172, "rpe_24m_rot": 0.9634305683645494, "rpe_32m_trans": 0.7066943737379519, "rpe_32m_rot": 1.0013810004200283, "rpe_40m_trans": 0.7622322947689819, "rpe_40m_rot": 0.9869656169924128, "rpe_48m_trans": 0.7644305217373834, "rpe_48m_rot": 1.0192399956547435}