{"rmse": 2.1840693601387025, "mean": 2.179023534479196, "median": 2.156763709636795, "std": 0.14837589454649705, "min": 1.8558232157548906, "max": 2.543782821125006, "sse": 5652.638379327566}