{"rmse_8m_trans": 1.3442808284278893, "rmse_8m_rot": 5.749503736205755, "rmse_16m_trans": 1.2249892909942628, "rmse_16m_rot": 8.10672589843049, "rmse_24m_trans": 1.6094136133186168, "rmse_24m_rot": 11.653843597462364, "rmse_32m_trans": 1.7680010386170488, "rmse_32m_rot": 15.067697426250685, "rmse_40m_trans": 1.801898000630015, "rmse_40m_rot": 17.91932193074749, "rmse_48m_trans": 1.9298688214235393, "rmse_48m_rot": 20.936394593495784}