{"ape_trans": 1.7154860091155313, "ape_rot_deg": 15.698221903646097, "rpe_8m_trans": 1.3649640708840283, "rpe_8m_rot": 2.0508849069284203, "rpe_16m_trans": 2.543988072438286, "rpe_16m_rot": 3.56135466622878, "rpe_24m_trans": 3.35567247614586, "rpe_24m_rot": 4.743306422030216, "rpe_32m_trans": 3.5542613427968237, "rpe_32m_rot": 4.996570837009546, "rpe_40m_trans": 3.5765826073415896, "rpe_40m_rot": 5.092275721672368, "rpe_48m_trans": 3.541860384450566, "rpe_48m_rot": 5.042640753683869}