{"std": 0.7093835854651227, "rmse": 0.9826824250598816, "sse": 384.33456991158477, "max": 2.9949040522299146, "min": 0.1757037311419913, "median": 0.41785341434347506, "mean": 0.6800291737816963}