{"ape_trans": 0.08319366327014131, "ape_rot_deg": 1.4441816107138552, "rpe_8m_trans": 0.07296351731617087, "rpe_8m_rot": 1.1855377699907959, "rpe_16m_trans": 0.11802599785055022, "rpe_16m_rot": 1.8557820415406425, "rpe_24m_trans": 0.14281121966629723, "rpe_24m_rot": 2.4144537980813077, "rpe_32m_trans": 0.17220019233228692, "rpe_32m_rot": 2.7226463604785285, "rpe_40m_trans": 0.1819585355645666, "rpe_40m_rot": 2.8368208671671216, "rpe_48m_trans": 0.18904431803962007, "rpe_48m_rot": 2.971588164333924}