{"rmse": 0.7634605597251902, "mean": 0.4923926192280725, "median": 0.2834434470517057, "std": 0.5834565406143111, "min": 0.15091659220965375, "max": 2.3020224620295995, "sse": 231.40019442359258}