{"ape_trans": 0.08618497771482035, "ape_rot_deg": 2.0340459097369292, "rpe_8m_trans": 0.11421691569874795, "rpe_8m_rot": 1.7512996588084677, "rpe_16m_trans": 0.17283116880878846, "rpe_16m_rot": 2.8617420587192863, "rpe_24m_trans": 0.2679737948606076, "rpe_24m_rot": 4.237287606189087, "rpe_32m_trans": 0.23088883629835313, "rpe_32m_rot": 6.234390024693285, "rpe_40m_trans": 0.1780967957328837, "rpe_40m_rot": 7.708686118868282, "rpe_48m_trans": NaN, "rpe_48m_rot": NaN}