{"ape_trans": 0.2770943223701327, "ape_rot_deg": 3.2162563150744647, "rpe_8m_trans": 0.2125160940356652, "rpe_8m_rot": 1.7633392424101149, "rpe_16m_trans": 0.3160221517926533, "rpe_16m_rot": 2.468793428579107, "rpe_24m_trans": 0.3986288737896377, "rpe_24m_rot": 3.3927409917326545, "rpe_32m_trans": 0.4347255608407112, "rpe_32m_rot": 4.090392917653889, "rpe_40m_trans": 0.4333017896866725, "rpe_40m_rot": 4.574709862065483, "rpe_48m_trans": 0.49113448856834985, "rpe_48m_rot": 5.676003477093666}