{"rmse": 1.56870742704065, "mean": 1.533541511397289, "median": 1.506634905159814, "std": 0.3302929373659313, "min": 0.5697278649147058, "max": 3.922142051882848, "sse": 1242.7257107845105}