{"ape_trans": 0.14650204219555527, "ape_rot_deg": 2.547723335727626, "rpe_8m_trans": 0.13866297827289975, "rpe_8m_rot": 0.6987662419095778, "rpe_16m_trans": 0.2670244536531146, "rpe_16m_rot": 0.753033551994838, "rpe_24m_trans": 0.26474273745755766, "rpe_24m_rot": 0.6304488739794419, "rpe_32m_trans": 0.33016696007656093, "rpe_32m_rot": 0.7622269226789425, "rpe_40m_trans": 0.34244335317497676, "rpe_40m_rot": 0.9113106771313079, "rpe_48m_trans": 0.41807246234858025, "rpe_48m_rot": 0.9258862798962857}