{"ape_trans": 0.07196037188271814, "ape_rot_deg": 6.1345209639146425, "rpe_8m_trans": 0.3150566461564701, "rpe_8m_rot": 3.6430746298881007, "rpe_16m_trans": 0.2597065948060042, "rpe_16m_rot": 3.0014930709419163, "rpe_24m_trans": 0.30356796928995194, "rpe_24m_rot": 2.91543839840744, "rpe_32m_trans": 0.26279075531834983, "rpe_32m_rot": 3.1597256627970287, "rpe_40m_trans": 0.2620391245856527, "rpe_40m_rot": 3.0725264702576807, "rpe_48m_trans": 0.3728612604166938, "rpe_48m_rot": 3.335215602177219}