{"rmse": 2.7280526524948177, "mean": 2.6511323938016207, "median": 2.1911798739366604, "std": 0.6432482454851287, "min": 2.0012289826969125, "max": 3.833667441491174, "sse": 4130.4605575051255}