{"std": 0.058578905099108625, "rmse": 0.1263809898053113, "sse": 17.968673907191473, "max": 0.25529988576417934, "min": 0.03441032220830047, "median": 0.09197311535943575, "mean": 0.11198511714312677}