{"rmse": 0.30281443942099723, "mean": 0.2964339391646531, "median": 0.29797336141359165, "std": 0.06183449226103125, "min": 0.12483495670176296, "max": 0.43032296431696504, "sse": 98.4821319912699}