{"ape_trans": 2.3202924104146176, "ape_rot_deg": 19.64603339260395, "rpe_8m_trans": 1.2419260457216077, "rpe_8m_rot": 1.2923402616086181, "rpe_16m_trans": 2.6916241362462836, "rpe_16m_rot": 1.6441640819941288, "rpe_24m_trans": 3.4518997574071992, "rpe_24m_rot": 1.9187379377203488, "rpe_32m_trans": 4.416863132998072, "rpe_32m_rot": 2.3796471185194266, "rpe_40m_trans": 4.690587497587323, "rpe_40m_rot": 2.6789699098815243, "rpe_48m_trans": 4.669396768438382, "rpe_48m_rot": 2.669670394197795}