{"rmse": 2.18396905547214, "mean": 2.1789221062589785, "median": 2.156643542864528, "std": 0.14838898246099824, "min": 1.8556879976447114, "max": 2.543735239438337, "sse": 5652.1191897829485}