{"rmse": 4.368813710728002, "mean": 4.363904142058907, "median": 4.341785124199276, "std": 0.20706008298581305, "min": 3.823662073266991, "max": 4.976849577191671, "sse": 36741.576485161575}