{"rmse": 0.8614352928777588, "mean": 0.8595931397053455, "median": 0.8643198909040573, "std": 0.05630628727678986, "min": 0.6984172649836843, "max": 0.9836865393986631, "sse": 741.3286930515746}