{"std": 0.1748843909452235, "rmse": 0.3951076325633213, "sse": 283.49583501858325, "max": 0.6735946587439922, "min": 0.009180513583087975, "median": 0.33480951597636965, "mean": 0.3542957678458928}