{"ape_trans": 0.4296343019589461, "ape_rot_deg": 11.860069924490848, "rpe_8m_trans": 0.8753853099907714, "rpe_8m_rot": 1.5349847152836085, "rpe_16m_trans": 0.953266085314385, "rpe_16m_rot": 1.7059917836574356, "rpe_24m_trans": 1.358356928055096, "rpe_24m_rot": 1.7536498927411053, "rpe_32m_trans": NaN, "rpe_32m_rot": NaN, "rpe_40m_trans": NaN, "rpe_40m_rot": NaN, "rpe_48m_trans": NaN, "rpe_48m_rot": NaN}