{"ape_trans": 0.18698745745388437, "ape_rot_deg": 6.2148776068666365, "rpe_8m_trans": 0.17516416673392657, "rpe_8m_rot": 2.226254451173186, "rpe_16m_trans": 0.21016389514697287, "rpe_16m_rot": 3.1168347050410494, "rpe_24m_trans": 0.25341797581538245, "rpe_24m_rot": 4.000813810027084, "rpe_32m_trans": 0.3101964820719218, "rpe_32m_rot": 4.704900162721623, "rpe_40m_trans": 0.34929554524327205, "rpe_40m_rot": 4.8659703231364215, "rpe_48m_trans": 0.39260953395706716, "rpe_48m_rot": 5.550333250173803}