{"ape_trans": 4.620437947828205, "ape_rot_deg": 18.26826194856403, "rpe_8m_trans": 0.7906147455027819, "rpe_8m_rot": 3.9898037015412138, "rpe_16m_trans": 5.366159190326049, "rpe_16m_rot": 18.60457513585756, "rpe_24m_trans": 7.662204719338015, "rpe_24m_rot": 26.456243087213622, "rpe_32m_trans": 8.873292110668196, "rpe_32m_rot": 30.31335681118505, "rpe_40m_trans": 9.230990529574694, "rpe_40m_rot": 33.10539925396882, "rpe_48m_trans": 9.343818384197874, "rpe_48m_rot": 33.83378063039168}