{"rmse_8m_trans": 0.07332125052203342, "rmse_8m_rot": 0.7989300781320813, "rmse_16m_trans": 0.09700259888053799, "rmse_16m_rot": 0.9856660394824956, "rmse_24m_trans": 0.11796580643513858, "rmse_24m_rot": 1.1599206555948294, "rmse_32m_trans": 0.1409550380468427, "rmse_32m_rot": 1.3185461006618633, "rmse_40m_trans": 0.16440879488651466, "rmse_40m_rot": 1.4748820142927441, "rmse_48m_trans": 0.19188689836871917, "rmse_48m_rot": 1.6234633291770977}