{"ape_trans": 0.1450191030443418, "ape_rot_deg": 4.387134903553558, "rpe_8m_trans": 0.14450116254721285, "rpe_8m_rot": 1.6821670894592262, "rpe_16m_trans": 0.17404869724791408, "rpe_16m_rot": 2.254037663255441, "rpe_24m_trans": 0.20176299067588738, "rpe_24m_rot": 2.765248238528752, "rpe_32m_trans": 0.24270333192999521, "rpe_32m_rot": 2.9391608161841583, "rpe_40m_trans": 0.28810312580176123, "rpe_40m_rot": 2.49009890774767, "rpe_48m_trans": 0.32779700060284916, "rpe_48m_rot": 2.7333264866631164}