{"rmse": 0.05244511692559456, "mean": 0.04992061424983066, "median": 0.05323350912224023, "std": 0.016075526811239825, "min": 0.005850630582428965, "max": 0.10023754674182854, "sse": 3.757169735237463}