{"std": 0.48675600614995085, "rmse": 1.1780064962565775, "sse": 475.98086169138537, "max": 2.398117319981074, "min": 0.11791331519324473, "median": 1.0544788728095003, "mean": 1.0727385029445184}