{"ape_trans": 0.08979841949177914, "ape_rot_deg": 2.737699117235752, "rpe_8m_trans": 0.14653260002694388, "rpe_8m_rot": 0.8506387135208308, "rpe_16m_trans": 0.1349964919420293, "rpe_16m_rot": 1.1538979661317568, "rpe_24m_trans": 0.1583558131441386, "rpe_24m_rot": 1.3170618592851133, "rpe_32m_trans": 0.17219150301872133, "rpe_32m_rot": 1.5011520363146431, "rpe_40m_trans": 0.1779226012941289, "rpe_40m_rot": 1.5582561239937258, "rpe_48m_trans": 0.17756012806996424, "rpe_48m_rot": 2.059748362517539}