{"ape_trans": 4.592871598538981, "ape_rot_deg": 26.3478577640949, "rpe_8m_trans": 2.90036235889231, "rpe_8m_rot": 5.077772022126323, "rpe_16m_trans": 4.826408910624219, "rpe_16m_rot": 8.06568957105861, "rpe_24m_trans": 6.2836532445904565, "rpe_24m_rot": 10.942297412807953, "rpe_32m_trans": 6.915302303874281, "rpe_32m_rot": 12.81308722406157, "rpe_40m_trans": 7.543160401816661, "rpe_40m_rot": 15.373830321323757, "rpe_48m_trans": 8.233552190361245, "rpe_48m_rot": 18.593496227444007}