{"std": 0.019036789559060106, "rmse": 0.07507082162316032, "sse": 4.4465106964901455, "max": 0.12576183103570995, "min": 0.026816467361265136, "median": 0.07205556211563316, "mean": 0.07261700146976889}