{"ape_trans": 0.1607518209587946, "ape_rot_deg": 4.741205724174752, "rpe_8m_trans": 0.153261534921432, "rpe_8m_rot": 1.724472972765232, "rpe_16m_trans": 0.18738330856825053, "rpe_16m_rot": 2.261389369308164, "rpe_24m_trans": 0.22532812515390563, "rpe_24m_rot": 2.8031177431326566, "rpe_32m_trans": 0.27694853745909387, "rpe_32m_rot": 2.8988718450807136, "rpe_40m_trans": 0.32911365651779156, "rpe_40m_rot": 2.3415097423169953, "rpe_48m_trans": 0.3764317106753828, "rpe_48m_rot": 2.4379064561625983}