{"std": 0.09643523166477053, "rmse": 0.3169649251120152, "sse": 98.85929553124515, "max": 0.44486428769923625, "min": 0.08952477016875786, "median": 0.34781151996204546, "mean": 0.30193875181073965}