{"rmse": 0.23371432185719418, "mean": 0.22576539775107965, "median": 0.23219251609122715, "std": 0.06043483614162417, "min": 0.08406179856515955, "max": 0.46388452624579046, "sse": 23.323758070978805}