{"rmse": 0.18914262938281137, "mean": 0.1654493821351591, "median": 0.13037500654710066, "std": 0.09165934868270471, "min": 0.0349531292911517, "max": 0.4140217162223287, "sse": 40.246801031073986}