{"rmse": 0.05813362151537944, "mean": 0.05414713163279418, "median": 0.0532394708691917, "std": 0.021156703108808045, "min": 0.007414890115838076, "max": 0.11377291089733123, "sse": 4.606282966522486}