{"rmse": 0.22933826141309044, "mean": 0.20407642588225394, "median": 0.17723663513281232, "std": 0.1046367552397527, "min": 0.047027662650132765, "max": 0.5557649794692164, "sse": 66.53398825719344}