{"rmse": 0.3271217826806926, "mean": 0.29736171661257815, "median": 0.3222135927349871, "std": 0.1363256036018731, "min": 0.024248687318323244, "max": 0.5278725500524936, "sse": 281.53978631273515}