{"rmse": 0.054222421653326094, "mean": 0.049821021402968964, "median": 0.047745401643423654, "std": 0.02139945878558603, "min": 0.007194277681582013, "max": 0.13758610974698304, "sse": 7.49424100436532}