{"ape_trans": 0.15642697564221533, "ape_rot_deg": 1.5084587897387083, "rpe_8m_trans": 0.16572422314652796, "rpe_8m_rot": 0.7332254424010685, "rpe_16m_trans": 0.24697680869191474, "rpe_16m_rot": 1.0312381582838694, "rpe_24m_trans": 0.28084072706396823, "rpe_24m_rot": 1.198145909523646, "rpe_32m_trans": 0.365734287596742, "rpe_32m_rot": 1.4856806914971843, "rpe_40m_trans": 0.3034907280102891, "rpe_40m_rot": 1.7098341124403853, "rpe_48m_trans": 0.35500079001613627, "rpe_48m_rot": 1.9564882111789743}