{"ape_trans": 0.7234689312991683, "ape_rot_deg": 9.528962615727755, "rpe_8m_trans": 1.4069155559048387, "rpe_8m_rot": 3.1369247621548952, "rpe_16m_trans": 1.563314219362577, "rpe_16m_rot": 3.6635715251636043, "rpe_24m_trans": 2.2516510803626724, "rpe_24m_rot": 4.84619764706341, "rpe_32m_trans": NaN, "rpe_32m_rot": NaN, "rpe_40m_trans": NaN, "rpe_40m_rot": NaN, "rpe_48m_trans": NaN, "rpe_48m_rot": NaN}