{"rmse": 0.2800062745980024, "mean": 0.27397847562082084, "median": 0.2757679354995361, "std": 0.057786752034901835, "min": 0.13796923698157196, "max": 0.4687651372535129, "sse": 84.2053738365066}