{"rmse_8m_trans": 0.19091455168441246, "rmse_8m_rot": 2.2788705437107817, "rmse_16m_trans": 0.2696851322577979, "rmse_16m_rot": 3.5985535077870616, "rmse_24m_trans": 0.32182407305031674, "rmse_24m_rot": 4.85012929086219, "rmse_32m_trans": 0.3887349533495022, "rmse_32m_rot": 6.188221069748506, "rmse_40m_trans": 0.4539803680166289, "rmse_40m_rot": 7.504080060582591, "rmse_48m_trans": 0.5258702663021583, "rmse_48m_rot": 8.847882777869144}