{"rmse": 0.16688587230002033, "mean": 0.15169588119638033, "median": 0.1404602461100599, "std": 0.06956474682906824, "min": 0.0487032522517186, "max": 0.29460654716548057, "sse": 27.65593811272532}