{"rmse": 0.3028185572136245, "mean": 0.296492025838059, "median": 0.2985906121675881, "std": 0.06157562185950612, "min": 0.12521021130544685, "max": 0.4300487647850398, "sse": 98.48481040881882}