{"ape_trans": 1.4555621328114035, "ape_rot_deg": 17.043186081755746, "rpe_8m_trans": 1.2097778287662624, "rpe_8m_rot": 4.6391738086531715, "rpe_16m_trans": 1.921274283020988, "rpe_16m_rot": 7.344675565621513, "rpe_24m_trans": 2.509817329722333, "rpe_24m_rot": 9.626629345167105, "rpe_32m_trans": 2.8048801811428206, "rpe_32m_rot": 10.745355505541715, "rpe_40m_trans": 3.0187305764476613, "rpe_40m_rot": 11.47451040489714, "rpe_48m_trans": 3.0033233887596276, "rpe_48m_rot": 11.975740376643927}