{"std": 0.11017328936469595, "rmse": 0.24965798747028167, "sse": 117.8020192375744, "max": 0.4857534146760142, "min": 0.03017750397917763, "median": 0.2143202157597554, "mean": 0.22403338371384365}