{"ape_trans": 0.058799556953851126, "ape_rot_deg": 0.9156738248842101, "rpe_8m_trans": 0.04466146358923837, "rpe_8m_rot": 0.7653203397062012, "rpe_16m_trans": 0.060423672052264184, "rpe_16m_rot": 0.7997954068340174, "rpe_24m_trans": 0.07836458334366435, "rpe_24m_rot": 0.8544257538193744, "rpe_32m_trans": 0.09382054352774856, "rpe_32m_rot": 0.8317976385764881, "rpe_40m_trans": 0.10961960050023263, "rpe_40m_rot": 0.8643381206797713, "rpe_48m_trans": 0.12698856812198614, "rpe_48m_rot": 0.7716548315944634}