{"std": 0.06219378760396902, "rmse": 0.13741360496824642, "sse": 18.731438839726323, "max": 0.2918234189634545, "min": 0.017244545081497625, "median": 0.11115086296923395, "mean": 0.12253338979168768}