{"ape_trans": 0.34198156213789266, "ape_rot_deg": 3.461155127447787, "rpe_8m_trans": 0.22880038135175187, "rpe_8m_rot": 1.7762187522253277, "rpe_16m_trans": 0.38391008055595865, "rpe_16m_rot": 2.3821741692561993, "rpe_24m_trans": 0.48691384155594086, "rpe_24m_rot": 3.218780632087376, "rpe_32m_trans": 0.5693407229169332, "rpe_32m_rot": 3.8430790020941665, "rpe_40m_trans": 0.5621791294896419, "rpe_40m_rot": 4.466518518281083, "rpe_48m_trans": 0.6203613421305341, "rpe_48m_rot": 5.474791193409362}