{"ape_trans": 0.06551947918201152, "ape_rot_deg": 0.5489250816260263, "rpe_8m_trans": 0.05450272590328369, "rpe_8m_rot": 0.6511667393669432, "rpe_16m_trans": 0.07924340469107437, "rpe_16m_rot": 0.7360206863877046, "rpe_24m_trans": 0.09366008403358289, "rpe_24m_rot": 0.7790303887469634, "rpe_32m_trans": 0.10525009269896893, "rpe_32m_rot": 0.7762104552932612, "rpe_40m_trans": 0.11619918273082876, "rpe_40m_rot": 0.6773099230574985, "rpe_48m_trans": 0.1271789544832136, "rpe_48m_rot": 0.5959085593228844}