{"ape_trans": 0.10931090130280043, "ape_rot_deg": 2.2391580057100975, "rpe_8m_trans": 0.12779876446855643, "rpe_8m_rot": 1.9298042456710964, "rpe_16m_trans": 0.2002121139288376, "rpe_16m_rot": 3.1339796840857876, "rpe_24m_trans": 0.3169750643780938, "rpe_24m_rot": 4.639228372212669, "rpe_32m_trans": 0.3177724067419151, "rpe_32m_rot": 6.884340935235115, "rpe_40m_trans": 0.2578476536899754, "rpe_40m_rot": 8.104543376859926, "rpe_48m_trans": NaN, "rpe_48m_rot": NaN}