{"ape_trans": 74.26307250741606, "ape_rot_deg": 164.6099708329025, "rpe_8m_trans": 0.16585048240610714, "rpe_8m_rot": 1.5849988289465329, "rpe_16m_trans": 0.17506082032987755, "rpe_16m_rot": 1.8542038580287175, "rpe_24m_trans": 0.21320725996360074, "rpe_24m_rot": 2.150915913096671, "rpe_32m_trans": 0.24319923427296944, "rpe_32m_rot": 2.4049700327465415, "rpe_40m_trans": 0.29232300416408785, "rpe_40m_rot": 2.6559725857120537, "rpe_48m_trans": 0.3746078696743386, "rpe_48m_rot": 2.463319820652261}