{"std": 0.04264220082469504, "rmse": 0.09846907975990088, "sse": 10.840306509675603, "max": 0.2808156748769092, "min": 0.007437546887291605, "median": 0.08408213052844536, "mean": 0.08875698495097781}