{"rmse": 1.3752525571346927, "mean": 1.3106356023552885, "median": 1.0585745850612607, "std": 0.41659802417234504, "min": 0.8565835781721026, "max": 2.1436080038587115, "sse": 1008.0733446176375}