{"ape_trans": 8.917891516498182, "ape_rot_deg": 31.794614828266983, "rpe_8m_trans": 0.037366175350893885, "rpe_8m_rot": 1.0443376666457227, "rpe_16m_trans": 0.04613745345923419, "rpe_16m_rot": 1.2233138545909314, "rpe_24m_trans": 9.69570891682083, "rpe_24m_rot": 13.353116889104948, "rpe_32m_trans": 11.53776207803177, "rpe_32m_rot": 16.902918349085343, "rpe_40m_trans": 13.812425059762631, "rpe_40m_rot": 20.238923582380483, "rpe_48m_trans": 16.886320464945904, "rpe_48m_rot": 24.804481580679912}