{"rmse": 0.16728799901447117, "mean": 0.15364580491523885, "median": 0.15540557895005724, "std": 0.06616827975861293, "min": 0.02621668316734564, "max": 0.3277281278480378, "sse": 50.82125869950653}