{"rmse": 0.4987178971235804, "mean": 0.47164562101472746, "median": 0.45042476447017105, "std": 0.16208006999319244, "min": 0.16072059802939231, "max": 1.1352784588393205, "sse": 296.9711318481711}