{"ape_trans": 0.05921112077278775, "ape_rot_deg": 1.9306172535851907, "rpe_8m_trans": 0.035794263872791825, "rpe_8m_rot": 0.7793856178720711, "rpe_16m_trans": 0.045277298117298546, "rpe_16m_rot": 0.9737901384844534, "rpe_24m_trans": 0.05789405807313511, "rpe_24m_rot": 1.2349737665687461, "rpe_32m_trans": 0.06749730045256881, "rpe_32m_rot": 1.5822314493139342, "rpe_40m_trans": 0.08025626141045607, "rpe_40m_rot": 1.8847837752652985, "rpe_48m_trans": 0.08968803077321076, "rpe_48m_rot": 2.1521804100616997}