{"rmse": 0.10610443568898227, "mean": 0.0872025614274833, "median": 0.06265604957657883, "std": 0.06044720467782918, "min": 0.014530787692056228, "max": 0.25663351586864847, "sse": 12.079996315797423}