{"rmse": 1.332203232244347, "mean": 1.2830940427327173, "median": 1.0986941225561393, "std": 0.35837847243674725, "min": 0.8203701820463839, "max": 2.0423854724034256, "sse": 1013.3910730933048}