{"ape_trans": 0.07434997026785245, "ape_rot_deg": 5.638612407353668, "rpe_8m_trans": 0.279023442590197, "rpe_8m_rot": 3.6879591467609854, "rpe_16m_trans": 0.2771306592592963, "rpe_16m_rot": 3.2236198874109117, "rpe_24m_trans": 0.31114678208331553, "rpe_24m_rot": 2.916426733155222, "rpe_32m_trans": 0.25530483669573784, "rpe_32m_rot": 3.1723403734226463, "rpe_40m_trans": 0.30520612379060225, "rpe_40m_rot": 3.173849588468199, "rpe_48m_trans": 0.36199440826497115, "rpe_48m_rot": 3.427847298835568}