{"ape_trans": 0.7782883436971434, "ape_rot_deg": 7.217111284753178, "rpe_8m_trans": 0.6740252214343574, "rpe_8m_rot": 0.8441967360155835, "rpe_16m_trans": 0.8846889305912469, "rpe_16m_rot": 1.0309866121129163, "rpe_24m_trans": 1.0734107492038787, "rpe_24m_rot": 1.0580012765421933, "rpe_32m_trans": 1.2679688190443308, "rpe_32m_rot": 1.1909950930569808, "rpe_40m_trans": 1.4089463800869542, "rpe_40m_rot": 1.1753800804563153, "rpe_48m_trans": 1.5076596807665805, "rpe_48m_rot": 1.1608291650247085}