{"ape_trans": 4.425399386771667, "ape_rot_deg": 25.20821864675023, "rpe_8m_trans": 2.765895318636454, "rpe_8m_rot": 5.187230301060817, "rpe_16m_trans": 4.647110604557218, "rpe_16m_rot": 8.507209701179654, "rpe_24m_trans": 6.0676102237455085, "rpe_24m_rot": 11.592180536516448, "rpe_32m_trans": 6.669172628855663, "rpe_32m_rot": 13.61965643907785, "rpe_40m_trans": 7.256554431085365, "rpe_40m_rot": 16.52856116973762, "rpe_48m_trans": 7.96453278787523, "rpe_48m_rot": 19.78162583999458}