{"ape_trans": 0.11059896994699303, "ape_rot_deg": 3.291384151127191, "rpe_8m_trans": 0.1516765117194372, "rpe_8m_rot": 2.011660632448217, "rpe_16m_trans": 0.15219279456411872, "rpe_16m_rot": 2.4572341927446333, "rpe_24m_trans": 0.16435386944870478, "rpe_24m_rot": 2.7433105060267375, "rpe_32m_trans": 0.17980797497302328, "rpe_32m_rot": 3.0833186118770484, "rpe_40m_trans": 0.1973586931530238, "rpe_40m_rot": 3.329033152371407, "rpe_48m_trans": 0.21662470000412948, "rpe_48m_rot": 4.092478388086879}