{"rmse": 0.1280146588519646, "mean": 0.1125885272046396, "median": 0.09861030740221047, "std": 0.06092270859765679, "min": 0.029907413953928826, "max": 0.30330574196725885, "sse": 24.4996905570724}