{"ape_trans": 1.3711349894063434, "ape_rot_deg": 19.941178757622072, "rpe_8m_trans": 1.194527682304109, "rpe_8m_rot": 3.224489430401753, "rpe_16m_trans": 1.8972533675269756, "rpe_16m_rot": 5.054810910015886, "rpe_24m_trans": 2.4424180980431327, "rpe_24m_rot": 6.728648109436291, "rpe_32m_trans": 2.6246017719495227, "rpe_32m_rot": 7.630289509568692, "rpe_40m_trans": 2.709959771743098, "rpe_40m_rot": 8.326664291371447, "rpe_48m_trans": 2.701072022722186, "rpe_48m_rot": 8.539365822291984}