{"ape_trans": 0.9730042450499692, "ape_rot_deg": 23.35183170850152, "rpe_8m_trans": 0.9215433632131316, "rpe_8m_rot": 2.037237729870655, "rpe_16m_trans": 1.3980954697013805, "rpe_16m_rot": 2.979654576581405, "rpe_24m_trans": 1.7807003733659759, "rpe_24m_rot": 3.9239253034086725, "rpe_32m_trans": 1.8853112403692072, "rpe_32m_rot": 4.495912390773017, "rpe_40m_trans": 1.9571780086995885, "rpe_40m_rot": 4.879995872572, "rpe_48m_trans": 1.9585385555125232, "rpe_48m_rot": 5.0461448786614005}