{"ape_trans": 0.30288970456887415, "ape_rot_deg": 0.7067827433761756, "rpe_8m_trans": 0.1951365711376835, "rpe_8m_rot": 0.5435650032862955, "rpe_16m_trans": 0.2989368768257133, "rpe_16m_rot": 0.6273370290022258, "rpe_24m_trans": 0.3285025489288948, "rpe_24m_rot": 0.7154077565744393, "rpe_32m_trans": 0.38764309152911647, "rpe_32m_rot": 0.7790246851773435, "rpe_40m_trans": 0.49704889602317065, "rpe_40m_rot": 0.9416186449136148, "rpe_48m_trans": 0.6560000556757017, "rpe_48m_rot": 0.9906467411932516}