{"rmse": 1.2817694166382292, "mean": 1.2635132155661362, "median": 1.2523279193732977, "std": 0.21556250026112758, "min": 0.8514130992329919, "max": 1.6095059076390958, "sse": 865.8256053251389}