{"ape_trans": 0.2094665962930636, "ape_rot_deg": 3.8568690679300266, "rpe_8m_trans": 0.17802917999439877, "rpe_8m_rot": 0.8637261259306191, "rpe_16m_trans": 0.22440205604826552, "rpe_16m_rot": 1.3022309374387047, "rpe_24m_trans": 0.2723393843624273, "rpe_24m_rot": 1.346350991913913, "rpe_32m_trans": 0.34433060889667383, "rpe_32m_rot": 1.339870699250833, "rpe_40m_trans": 0.38564674456997095, "rpe_40m_rot": 1.297193872783012, "rpe_48m_trans": 0.4158550599574788, "rpe_48m_rot": 1.4029842621806294}