{"rmse_8m_trans": 0.1751429749775632, "rmse_8m_rot": 1.693183608364592, "rmse_16m_trans": 0.28645562508156197, "rmse_16m_rot": 1.8897956292117868, "rmse_24m_trans": 0.3829045289787576, "rmse_24m_rot": 2.277243426292878, "rmse_32m_trans": 0.43822262918561916, "rmse_32m_rot": 2.4991917581256975, "rmse_40m_trans": 0.40718763476728975, "rmse_40m_rot": 2.7949933122475343, "rmse_48m_trans": 0.42261050832345953, "rmse_48m_rot": 3.3783222006740616}