{"ape_trans": 0.13741360496824642, "ape_rot_deg": 3.7649495964813675, "rpe_8m_trans": 0.1524736644923097, "rpe_8m_rot": 1.9336584988011933, "rpe_16m_trans": 0.1779360069174417, "rpe_16m_rot": 2.187947283507415, "rpe_24m_trans": 0.20165807951791742, "rpe_24m_rot": 2.5394867060510826, "rpe_32m_trans": 0.23728322112900105, "rpe_32m_rot": 2.5481587460546504, "rpe_40m_trans": 0.2922413102554266, "rpe_40m_rot": 1.4257961082407467, "rpe_48m_trans": 0.3172534289018562, "rpe_48m_rot": 1.3056372679210124}