{"rmse": 0.11048815418072219, "mean": 0.09863411154698239, "median": 0.09246441266334682, "std": 0.04978899731467256, "min": 0.03342050443845019, "max": 0.4031675392698675, "sse": 9.656237081482063}