{"rmse": 0.4296870277727053, "mean": 0.2810140935309026, "median": 0.1714641587260183, "std": 0.32505695050736366, "min": 0.03422988592485398, "max": 1.2655119472814382, "sse": 73.48311485078436}