{"ape_trans": 0.07965744558641466, "ape_rot_deg": 6.322756909575594, "rpe_8m_trans": 0.310494427372747, "rpe_8m_rot": 3.6982793487592556, "rpe_16m_trans": 0.2624422810701288, "rpe_16m_rot": 3.0536090592584957, "rpe_24m_trans": 0.30520827137855705, "rpe_24m_rot": 3.0148526735416574, "rpe_32m_trans": 0.2641963827412701, "rpe_32m_rot": 3.3319057944796815, "rpe_40m_trans": 0.2727634983302012, "rpe_40m_rot": 3.379610688881286, "rpe_48m_trans": 0.3711924320048838, "rpe_48m_rot": 3.735475707115781}