{"ape_trans": 0.04651755971311979, "ape_rot_deg": 1.89996331576633, "rpe_8m_trans": 0.03178915836958133, "rpe_8m_rot": 0.8109397538758698, "rpe_16m_trans": 0.04457907581195924, "rpe_16m_rot": 1.1515116897261801, "rpe_24m_trans": 0.053304389870214096, "rpe_24m_rot": 1.3926125428485872, "rpe_32m_trans": 0.05758305314207763, "rpe_32m_rot": 1.5407824227055416, "rpe_40m_trans": 0.061896141904277335, "rpe_40m_rot": 1.7867755444103095, "rpe_48m_trans": 0.0652230956203132, "rpe_48m_rot": 2.0605921513721865}