{"rmse": 3.133968562446391, "mean": 3.1291170122004597, "median": 3.1134229198286434, "std": 0.1743148713104177, "min": 2.775306479723895, "max": 3.605368785171543, "sse": 9615.502012443852}