{"rmse": 12415682.323517224, "mean": 12257653.485945234, "median": 11274727.221204448, "std": 1974613.5259824158, "min": 9187936.981541635, "max": 17697148.304055233, "sse": 9.601951647218843e+17}