{"ape_trans": 0.10842889594541488, "ape_rot_deg": 1.373831350637553, "rpe_8m_trans": 0.046036444605431756, "rpe_8m_rot": 0.7729275738027971, "rpe_16m_trans": 0.07228015636995531, "rpe_16m_rot": 1.0631525627968932, "rpe_24m_trans": 0.08789838775632139, "rpe_24m_rot": 1.2552057241519816, "rpe_32m_trans": 0.10215399666583952, "rpe_32m_rot": 1.3278082199866932, "rpe_40m_trans": 0.11673325230059901, "rpe_40m_rot": 1.4743366029782392, "rpe_48m_trans": 0.12721700856802884, "rpe_48m_rot": 1.6214609433395528}