{"rmse": 17298858.38105325, "mean": 17097855.719746403, "median": 15726785.026862007, "std": 2629416.4893510956, "min": 13184068.14276727, "max": 24283956.13073386, "sse": 1.8640313725213092e+18}