{"ape_trans": 0.22852683817370187, "ape_rot_deg": 5.294797309652516, "rpe_8m_trans": 0.1682100911774615, "rpe_8m_rot": 0.9969162378135268, "rpe_16m_trans": 0.28425967449503314, "rpe_16m_rot": 1.2467477236597095, "rpe_24m_trans": 0.3231410995343771, "rpe_24m_rot": 1.70126001201584, "rpe_32m_trans": 0.4121792063699221, "rpe_32m_rot": 2.1862998891868424, "rpe_40m_trans": 0.39578911098582825, "rpe_40m_rot": 2.7344565850782767, "rpe_48m_trans": 0.47591756268383006, "rpe_48m_rot": 3.137241869479168}