{"std": 0.17453179776831573, "rmse": 0.4126234381889104, "sse": 298.4624523551942, "max": 0.6692623479034889, "min": 0.05279305223516204, "median": 0.3623285426556759, "mean": 0.3738940402180775}