{"rmse": 10.888603120527666, "mean": 10.870591260722092, "median": 10.951805841510028, "std": 0.6260379850115292, "min": 9.423117036869774, "max": 12.101235602936477, "sse": 349164.1414636944}