{"ape_trans": 0.06384104665314064, "ape_rot_deg": 0.722793600087628, "rpe_8m_trans": 0.04335666418310484, "rpe_8m_rot": 0.7519050868105429, "rpe_16m_trans": 0.06580946764977902, "rpe_16m_rot": 0.9801499436026231, "rpe_24m_trans": 0.07469489793465721, "rpe_24m_rot": 0.962566732483611, "rpe_32m_trans": 0.08094373862724821, "rpe_32m_rot": 0.9689407927866679, "rpe_40m_trans": 0.08794157225186418, "rpe_40m_rot": 0.9601510912477441, "rpe_48m_trans": 0.09667106510640038, "rpe_48m_rot": 0.9828570015375432}