{"rmse": 0.18852843464982794, "mean": 0.1652250361126759, "median": 0.13153589120701994, "std": 0.09079459297270624, "min": 0.02906640123327386, "max": 0.40193903105612844, "sse": 39.98584200545375}