{"ape_trans": 0.06762079811921641, "ape_rot_deg": 0.98421113960686, "rpe_8m_trans": 0.04141349074939829, "rpe_8m_rot": 1.0151964794436081, "rpe_16m_trans": 0.0547598182680267, "rpe_16m_rot": 1.18506724405968, "rpe_24m_trans": 0.07152316568088092, "rpe_24m_rot": 1.331556124085155, "rpe_32m_trans": 0.09135593209179413, "rpe_32m_rot": 1.5637036107184437, "rpe_40m_trans": 0.10137188243315189, "rpe_40m_rot": 1.7799683089063898, "rpe_48m_trans": 0.10251051774037441, "rpe_48m_rot": 1.8417102113792152}