{"ape_trans": 2.469005490148426, "ape_rot_deg": 13.894695239693418, "rpe_8m_trans": 3.545384732790884, "rpe_8m_rot": 3.1198910251531804, "rpe_16m_trans": 4.409142929209517, "rpe_16m_rot": 3.845956470984882, "rpe_24m_trans": 3.3185812948699818, "rpe_24m_rot": 5.344421311587095, "rpe_32m_trans": 3.402893819185514, "rpe_32m_rot": 7.158359566509934, "rpe_40m_trans": 3.0792884164810905, "rpe_40m_rot": 8.454093706839105, "rpe_48m_trans": 3.0268601414817917, "rpe_48m_rot": 10.155820961651637}