{"ape_trans": 4.227504831795369, "ape_rot_deg": 24.49690125463138, "rpe_8m_trans": 1.0212737762411002, "rpe_8m_rot": 0.8723803113237207, "rpe_16m_trans": 4.200644680136044, "rpe_16m_rot": 2.8213367955370385, "rpe_24m_trans": 5.77602110037932, "rpe_24m_rot": 4.067257871698834, "rpe_32m_trans": 7.178543578901483, "rpe_32m_rot": 5.210699311552608, "rpe_40m_trans": 8.521923836518134, "rpe_40m_rot": 6.328989849595677, "rpe_48m_trans": 8.599858723117823, "rpe_48m_rot": 6.70721064225306}