{"rmse": 0.4956334346253858, "mean": 0.48995150682245764, "median": 0.47156626064324747, "std": 0.07483329794255941, "min": 0.29149596115145154, "max": 0.7027582564778299, "sse": 261.37426161574416}