{"rmse": 0.15523280942132753, "mean": 0.139381224561067, "median": 0.13308474012860516, "std": 0.06833812523544681, "min": 0.0019066953154430956, "max": 0.37813595875086226, "sse": 43.76056081944216}