{"rmse": 0.40200570029089255, "mean": 0.37882443622232115, "median": 0.4185949973187291, "std": 0.13453858029283444, "min": 0.11554734926625436, "max": 0.5861837643774329, "sse": 158.21480282197714}