{"rmse": 3.0451333617569385, "mean": 3.0393066082721636, "median": 3.001643986493219, "std": 0.1882884271490746, "min": 2.5685644050753416, "max": 3.526323607765373, "sse": 44342.707446812616}