{"ape_trans": 0.09836203177726531, "ape_rot_deg": 2.1037103243499478, "rpe_8m_trans": 0.1302593904604067, "rpe_8m_rot": 1.7999678023059862, "rpe_16m_trans": 0.19881651604789496, "rpe_16m_rot": 2.986659378545307, "rpe_24m_trans": 0.30367155892665587, "rpe_24m_rot": 4.4052621507650045, "rpe_32m_trans": 0.26321736623152553, "rpe_32m_rot": 6.502311861326579, "rpe_40m_trans": 0.16265864231381558, "rpe_40m_rot": 7.7341836012053, "rpe_48m_trans": NaN, "rpe_48m_rot": NaN}