{"rmse": 6765885.716575671, "mean": 6741300.543224809, "median": 6623251.2790551875, "std": 576260.8052605812, "min": 5469436.6585657755, "max": 8252098.741707382, "sse": 2.5960255524328416e+17}