{"rmse": 0.2074917699360593, "mean": 0.18780229307769272, "median": 0.17236463076545794, "std": 0.0882220681346735, "min": 0.0440702733545537, "max": 0.37164834479003045, "sse": 42.751464749060176}