{"rmse": 2.182915455597553, "mean": 2.119151373696908, "median": 1.8411599659134459, "std": 0.5237531304395043, "min": 1.4999431477572627, "max": 3.162222410004953, "sse": 2649.4066567753903}