{"ape_trans": 0.1672197523183658, "ape_rot_deg": 1.3977708034574448, "rpe_8m_trans": 0.1688455445585973, "rpe_8m_rot": 0.7533783940916117, "rpe_16m_trans": 0.26582253467446904, "rpe_16m_rot": 1.089808548326548, "rpe_24m_trans": 0.29001559826178686, "rpe_24m_rot": 1.3215047903786912, "rpe_32m_trans": 0.36951144236543465, "rpe_32m_rot": 1.6769693965010686, "rpe_40m_trans": 0.3165233202609479, "rpe_40m_rot": 1.9881708085810499, "rpe_48m_trans": 0.36228993900937284, "rpe_48m_rot": 2.271127546384767}