{"ape_trans": 5542401.920784257, "ape_rot_deg": 100.89377959863162, "rpe_8m_trans": 0.02500220236232005, "rpe_8m_rot": 0.5017625082709833, "rpe_16m_trans": 0.0331421046173313, "rpe_16m_rot": 0.4876953046377805, "rpe_24m_trans": 0.04585426501232495, "rpe_24m_rot": 0.4932307450086721, "rpe_32m_trans": 0.05264381217786654, "rpe_32m_rot": 0.5058696127287515, "rpe_40m_trans": 0.058531309907336286, "rpe_40m_rot": 0.5822291764079484, "rpe_48m_trans": 0.06594830772802414, "rpe_48m_rot": 0.6641398830313734}