{"std": 13.723319677328453, "rmse": 29.928137687940925, "sse": 220340.58266521408, "max": 87.90895244238881, "min": 11.682447759960873, "median": 23.85361106406735, "mean": 26.59631407737169}