{"ape_trans": 0.08879117799481902, "ape_rot_deg": 2.8702844131648133, "rpe_8m_trans": 0.1447229778094001, "rpe_8m_rot": 0.8665153352121447, "rpe_16m_trans": 0.13241770585533655, "rpe_16m_rot": 1.1819591032250356, "rpe_24m_trans": 0.15268563625824352, "rpe_24m_rot": 1.3906472608327178, "rpe_32m_trans": 0.1645493735585844, "rpe_32m_rot": 1.6351575071223687, "rpe_40m_trans": 0.17311714922251858, "rpe_40m_rot": 1.7194151701774747, "rpe_48m_trans": 0.173217353900139, "rpe_48m_rot": 2.258743710495375}