{"rmse": 0.11619828181738945, "mean": 0.10473324223841951, "median": 0.0936492712193366, "std": 0.050328805544558625, "min": 0.006865455512140901, "max": 0.2816817544032269, "sse": 15.135787621688387}