{"std": 0.03249616634252949, "rmse": 0.07515801834833041, "sse": 7.857380261368727, "max": 0.15573139639080927, "min": 0.007495028805668598, "median": 0.06518181467469386, "mean": 0.06776966057969173}