{"ape_trans": 0.03256618076624398, "ape_rot_deg": 0.7938655447684059, "rpe_8m_trans": 0.036654370155647036, "rpe_8m_rot": 0.7750979654909163, "rpe_16m_trans": 0.03999409503415955, "rpe_16m_rot": 0.9179723691705634, "rpe_24m_trans": 0.046575938557403176, "rpe_24m_rot": 1.0176872643651316, "rpe_32m_trans": 0.050991955348741735, "rpe_32m_rot": 1.0411283240093667, "rpe_40m_trans": 0.053516927514926114, "rpe_40m_rot": 0.9774559024342363, "rpe_48m_trans": 0.06348124328832473, "rpe_48m_rot": 0.823738699652614}