{"rmse": 6.427478659340875, "mean": 6.295206240529869, "median": 5.624757547294374, "std": 1.2972510572268392, "min": 4.652205446692778, "max": 8.091049317778971, "sse": 239075.33284952608}