{"rmse": 1.4726015563461692, "mean": 1.471203091374359, "median": 1.4780048789086588, "std": 0.06416235410027904, "min": 1.3043975587858037, "max": 1.6778740119940803, "sse": 2062.296131909255}