{"rmse": 2.318798800826624, "mean": 2.306248524857565, "median": 2.341602838326544, "std": 0.24092658696643415, "min": 1.8210133403864206, "max": 2.8439848285951377, "sse": 4150.911122367972}