{"std": 0.45688619865215363, "rmse": 1.0248074789525392, "sse": 589.17923696247, "max": 2.107720735243005, "min": 0.021301031209582617, "median": 0.9035311915036353, "mean": 0.9173251170649607}