{"rmse": 1.875832032655191, "mean": 1.8632324540178373, "median": 1.7506987829171732, "std": 0.21704984918210002, "min": 1.5356210374686865, "max": 2.491109073332405, "sse": 2371.6346791315955}