{"ape_trans": 0.34954135958809085, "ape_rot_deg": 1.3805422407838805, "rpe_8m_trans": 0.2641957863305467, "rpe_8m_rot": 0.4744347078021629, "rpe_16m_trans": 0.35217637043234773, "rpe_16m_rot": 0.6411931813820487, "rpe_24m_trans": 0.4309411537480843, "rpe_24m_rot": 0.7227417321799862, "rpe_32m_trans": 0.49487475348679805, "rpe_32m_rot": 0.826388969981893, "rpe_40m_trans": 0.5487492866490271, "rpe_40m_rot": 1.0843372861174865, "rpe_48m_trans": 0.4904674134386225, "rpe_48m_rot": 1.2676988016713697}