{"rmse": 0.057862464334101166, "mean": 0.055083349280588285, "median": 0.05607956625301212, "std": 0.017716924418415388, "min": 0.009395934924674424, "max": 0.17300462760308577, "sse": 9.233962659972127}