{"std": 0.05281768813045558, "rmse": 0.09490776230299336, "sse": 9.656022146227514, "max": 0.2273879063735022, "min": 0.006366713640263594, "median": 0.0663098738380226, "mean": 0.07885287037207597}