{"rmse": 0.11781215130114478, "mean": 0.1057787432702805, "median": 0.1143767278359993, "std": 0.05187061274328574, "min": 0.006170330886343553, "max": 0.31545134828524674, "sse": 31.09053470701658}