{"rmse": 0.04378293997221846, "mean": 0.0360849502473911, "median": 0.03021728962575062, "std": 0.024795608446944676, "min": 0.0006728167745962062, "max": 0.1723688097980896, "sse": 2.453690665741933}