{"ape_trans": 0.27718318192007063, "ape_rot_deg": 3.2164301757847236, "rpe_8m_trans": 0.21255461788222227, "rpe_8m_rot": 1.7642099860393492, "rpe_16m_trans": 0.3160785339642538, "rpe_16m_rot": 2.4693724529551564, "rpe_24m_trans": 0.3987637997374066, "rpe_24m_rot": 3.393068610913763, "rpe_32m_trans": 0.43477051064133415, "rpe_32m_rot": 4.09072023801672, "rpe_40m_trans": 0.43339568947698404, "rpe_40m_rot": 4.5753621077186875, "rpe_48m_trans": 0.49128768576289217, "rpe_48m_rot": 5.676253301599998}