{"rmse": 21.8412860559872, "mean": 21.70537519862218, "median": 19.947758017689814, "std": 2.4327893592537193, "min": 19.040798350366437, "max": 25.60182577042577, "sse": 858675.1978430296}