{"rmse": 0.277166464344241, "mean": 0.11763958325895627, "median": 0.05280326626123802, "std": 0.2509625019953111, "min": 0.0014881677638384002, "max": 2.4403845575909004, "sse": 167.85442897123608}