{"rmse": 1.480795442056825, "mean": 1.4455013407139852, "median": 1.4120008611170993, "std": 0.3213736380139778, "min": 0.5604695027347399, "max": 3.8292653079018057, "sse": 1107.3413463142153}