{"std": 0.20011283253267279, "rmse": 0.47953577461614494, "sse": 300.32065423253823, "max": 0.9826436203042066, "min": 0.03986273146082618, "median": 0.42494403674729503, "mean": 0.43578597200054137}