{"ape_trans": 4.341677527517849, "ape_rot_deg": 102.42715574463824, "rpe_8m_trans": 0.07386423510084972, "rpe_8m_rot": 1.2701704234168434, "rpe_16m_trans": 4.331565804467881, "rpe_16m_rot": 5.279441367522385, "rpe_24m_trans": 6.179166725943482, "rpe_24m_rot": 7.579744376608904, "rpe_32m_trans": 8.226113071840926, "rpe_32m_rot": 10.248018663846594, "rpe_40m_trans": 9.039878500942576, "rpe_40m_rot": 11.319913343136722, "rpe_48m_trans": 9.03540180930661, "rpe_48m_rot": 11.34176138644752}