{"rmse": 0.6043395131261325, "mean": 0.41284288457352136, "median": 0.23826299547223914, "std": 0.4413468021664426, "min": 0.1370506886984102, "max": 1.6931624705545176, "sse": 621.9802988547791}