{"ape_trans": 0.09093918440854332, "ape_rot_deg": 6.390162649833908, "rpe_8m_trans": 0.31025558247731116, "rpe_8m_rot": 3.707081155698953, "rpe_16m_trans": 0.26542994246858576, "rpe_16m_rot": 3.080879770401363, "rpe_24m_trans": 0.3169615051287141, "rpe_24m_rot": 3.0512458544543253, "rpe_32m_trans": 0.2809785925591677, "rpe_32m_rot": 3.3968371273440217, "rpe_40m_trans": 0.29731906860602975, "rpe_40m_rot": 3.4782961118996645, "rpe_48m_trans": 0.391475256840859, "rpe_48m_rot": 3.8104345619462308}