{"ape_trans": 0.43210782408651316, "ape_rot_deg": 1.254486573934318, "rpe_8m_trans": 0.3376198832970748, "rpe_8m_rot": 0.4575181923885574, "rpe_16m_trans": 0.47752700073455817, "rpe_16m_rot": 0.6518865308282467, "rpe_24m_trans": 0.5210018157287423, "rpe_24m_rot": 0.7820943170123356, "rpe_32m_trans": 0.5913463406860616, "rpe_32m_rot": 0.8963888298282282, "rpe_40m_trans": 0.7114559844617308, "rpe_40m_rot": 1.0770784893988217, "rpe_48m_trans": 0.8734101249004003, "rpe_48m_rot": 1.204316959448877}