{"rmse": 0.04581259175403889, "mean": 0.04205133839066341, "median": 0.04260568144227257, "std": 0.01817906770921296, "min": 0.0038822736289124277, "max": 0.1005029265789791, "sse": 4.585863935640576}