{"rmse": 0.46994261825614914, "mean": 0.38814966378708693, "median": 0.33005471516395546, "std": 0.26492622172109753, "min": 0.053696271243961376, "max": 1.4909452268899333, "sse": 301.6757240434055}