{"rmse": 1.1900110161544446, "mean": 1.1735470889461448, "median": 1.183483863065314, "std": 0.19726491982854658, "min": 0.6942806630510436, "max": 1.7230958461556085, "sse": 972.8787121568574}