{"rmse": 1.7983324935887477, "mean": 1.7456121828980324, "median": 1.5064238838477073, "std": 0.43224745738418147, "min": 1.2305413488626724, "max": 2.577817194287242, "sse": 1794.8698654109037}