{"ape_trans": 36.84344758482373, "ape_rot_deg": 66.13443046562358, "rpe_8m_trans": 4.530546006344384, "rpe_8m_rot": 1.9951349754021488, "rpe_16m_trans": 8.972239724567432, "rpe_16m_rot": 2.773457713398511, "rpe_24m_trans": 13.350583710969266, "rpe_24m_rot": 3.378291252834941, "rpe_32m_trans": 18.663198578299497, "rpe_32m_rot": 3.6997900976468783, "rpe_40m_trans": 24.787394839245216, "rpe_40m_rot": 3.9867549077106554, "rpe_48m_trans": 32.1266066411278, "rpe_48m_rot": 4.449011226607223}