{"rmse": 0.07996951482497515, "mean": 0.07184438042464196, "median": 0.06979259854537646, "std": 0.035121336858685265, "min": 0.010108849161395745, "max": 0.18099364816723476, "sse": 8.185757825717658}