{"ape_trans": 0.20768005675365953, "ape_rot_deg": 1.4461126480212365, "rpe_8m_trans": 0.17226987833456908, "rpe_8m_rot": 0.5495669288488965, "rpe_16m_trans": 0.24637537931608222, "rpe_16m_rot": 0.6717364721529456, "rpe_24m_trans": 0.2266622626555638, "rpe_24m_rot": 0.7126449513458306, "rpe_32m_trans": 0.2701204640945713, "rpe_32m_rot": 0.7250305713467541, "rpe_40m_trans": 0.26057464040569167, "rpe_40m_rot": 0.8933194749474634, "rpe_48m_trans": 0.3075946999264433, "rpe_48m_rot": 0.9771033264967279}