{"std": 0.22039942518658204, "rmse": 0.5195412163740782, "sse": 82.86638418201726, "max": 1.3187095921597622, "min": 0.10607920431861105, "median": 0.46254961196570593, "mean": 0.4704754710809917}