{"ape_trans": 0.085482059380087, "ape_rot_deg": 6.281849291477861, "rpe_8m_trans": 0.309239922990807, "rpe_8m_rot": 3.695428165932873, "rpe_16m_trans": 0.25890361321368915, "rpe_16m_rot": 3.048750196856682, "rpe_24m_trans": 0.30556331726926483, "rpe_24m_rot": 2.9879135497806253, "rpe_32m_trans": 0.2682914186942071, "rpe_32m_rot": 3.3301485766813546, "rpe_40m_trans": 0.2832786548152191, "rpe_40m_rot": 3.4059064512143395, "rpe_48m_trans": 0.3779790934227911, "rpe_48m_rot": 3.735737387354644}