{"ape_trans": 0.12351704257793043, "ape_rot_deg": 1.9278450325337602, "rpe_8m_trans": 0.11169911855391688, "rpe_8m_rot": 0.5887378025172757, "rpe_16m_trans": 0.20349892632907587, "rpe_16m_rot": 0.6033309156674468, "rpe_24m_trans": 0.215946635645865, "rpe_24m_rot": 0.5822394714388245, "rpe_32m_trans": 0.25654142176615996, "rpe_32m_rot": 0.7117554665734988, "rpe_40m_trans": 0.2660695318272558, "rpe_40m_rot": 0.7562247347351954, "rpe_48m_trans": 0.3001358183336407, "rpe_48m_rot": 0.679686924507732}