{"ape_trans": 0.9191468350999656, "ape_rot_deg": 20.522579882976544, "rpe_8m_trans": 0.8597386309678303, "rpe_8m_rot": 2.541476714545884, "rpe_16m_trans": 1.5233495368562315, "rpe_16m_rot": 4.298064269662573, "rpe_24m_trans": 1.9345558431369876, "rpe_24m_rot": 5.378747317838469, "rpe_32m_trans": 1.924856487648048, "rpe_32m_rot": 5.548829972745717, "rpe_40m_trans": 1.8984836636617077, "rpe_40m_rot": 5.863130578957743, "rpe_48m_trans": NaN, "rpe_48m_rot": NaN}