{"rmse": 0.3320332593876299, "mean": 0.3247490316890201, "median": 0.314229088581751, "std": 0.06916756289343268, "min": 0.14857894326597895, "max": 0.5224189126961075, "sse": 118.40429565470154}