{"ape_trans": 4.642104055326121, "ape_rot_deg": 13.474882642533892, "rpe_8m_trans": 0.0296838828416507, "rpe_8m_rot": 0.993316074442274, "rpe_16m_trans": 4.630805355433392, "rpe_16m_rot": 3.8688495074629325, "rpe_24m_trans": 5.467078716636129, "rpe_24m_rot": 4.637219762623307, "rpe_32m_trans": 6.42695961465824, "rpe_32m_rot": 5.358775572285885, "rpe_40m_trans": 7.592467365257555, "rpe_40m_rot": 6.287741603141391, "rpe_48m_trans": 8.867103786792477, "rpe_48m_rot": 7.332641031045009}