{"ape_trans": 0.24938294614824288, "ape_rot_deg": 8.408498585903748, "rpe_8m_trans": 0.1076685441771988, "rpe_8m_rot": 0.794188923919148, "rpe_16m_trans": 0.15951362052632082, "rpe_16m_rot": 0.9045758768679204, "rpe_24m_trans": 0.20637793299336757, "rpe_24m_rot": 1.0824058881139276, "rpe_32m_trans": 0.2546291101128957, "rpe_32m_rot": 1.3389460604080206, "rpe_40m_trans": 0.31506456212897593, "rpe_40m_rot": 1.519610594443911, "rpe_48m_trans": 0.3889314355653717, "rpe_48m_rot": 1.7124952629136667}