{"rmse": 0.09063107011629738, "mean": 0.081838401861254, "median": 0.08501742548833435, "std": 0.038941839340497365, "min": 0.014616328022010181, "max": 0.16347496669982448, "sse": 10.366056478476617}