{"rmse": 0.10060036630500888, "mean": 0.08369167850263852, "median": 0.07310291300655425, "std": 0.055822366933989426, "min": 0.00957691260092007, "max": 0.24957819017853547, "sse": 10.120433700701964}