{"ape_trans": 4.288397670911219, "ape_rot_deg": 34.28403978411934, "rpe_8m_trans": 0.8246012277748909, "rpe_8m_rot": 0.8625689812639011, "rpe_16m_trans": 3.946468714766069, "rpe_16m_rot": 1.5486774413180253, "rpe_24m_trans": 4.749289632214072, "rpe_24m_rot": 1.7608207664619864, "rpe_32m_trans": 5.561049685666004, "rpe_32m_rot": 2.030174134726956, "rpe_40m_trans": 6.264599906017931, "rpe_40m_rot": 2.2983670860646312, "rpe_48m_trans": 7.000222547065903, "rpe_48m_rot": 2.556709681749427}