{"rmse": 0.0862998811787053, "mean": 0.0804803872993465, "median": 0.07595564045462834, "std": 0.031154080817861383, "min": 0.01501148720412431, "max": 0.28137892377018653, "sse": 20.56301546591734}