{"ape_trans": 1.7427901027964499, "ape_rot_deg": 16.709369192926687, "rpe_8m_trans": 1.3343759170198473, "rpe_8m_rot": 4.406621990525648, "rpe_16m_trans": 2.2856679070102475, "rpe_16m_rot": 7.45489715438371, "rpe_24m_trans": 2.970038859357906, "rpe_24m_rot": 9.849065163805179, "rpe_32m_trans": 3.349211500689513, "rpe_32m_rot": 11.00019158638246, "rpe_40m_trans": 3.572185928438803, "rpe_40m_rot": 11.767236983048177, "rpe_48m_trans": 3.5446463578372986, "rpe_48m_rot": 12.196010376799112}