{"ape_trans": 0.3028185572136245, "ape_rot_deg": 0.7054120103141936, "rpe_8m_trans": 0.19525155800711852, "rpe_8m_rot": 0.5422945677836558, "rpe_16m_trans": 0.29911782170335594, "rpe_16m_rot": 0.6258622520568476, "rpe_24m_trans": 0.32867578621149135, "rpe_24m_rot": 0.7139358564866163, "rpe_32m_trans": 0.387688542740607, "rpe_32m_rot": 0.7772978523070871, "rpe_40m_trans": 0.4969651284897609, "rpe_40m_rot": 0.9401474793163523, "rpe_48m_trans": 0.655569127109959, "rpe_48m_rot": 0.9887455852312312}