{"ape_trans": 0.17334989932512565, "ape_rot_deg": 2.0777656020126813, "rpe_8m_trans": 0.11936478105539201, "rpe_8m_rot": 0.4796624271931724, "rpe_16m_trans": 0.21017124981065313, "rpe_16m_rot": 0.49796181150817864, "rpe_24m_trans": 0.22852436816577387, "rpe_24m_rot": 0.5623394689899711, "rpe_32m_trans": 0.2714816947027412, "rpe_32m_rot": 0.7282245795839462, "rpe_40m_trans": 0.30988600934653343, "rpe_40m_rot": 0.7740337278913657, "rpe_48m_trans": 0.3708237970259916, "rpe_48m_rot": 0.7980067237442094}