{"rmse": 13.730430552064579, "mean": 13.578538984514534, "median": 14.002043322226015, "std": 2.036664476806982, "min": 10.022970098108448, "max": 17.041313841910885, "sse": 188901.77259135857}