{"rmse": 0.06784670611955036, "mean": 0.05946949802702666, "median": 0.04805536669107658, "std": 0.03265814348192659, "min": 0.015598145429180884, "max": 0.15496934568103693, "sse": 5.905874206622786}