{"rmse": 97.99764101193068, "mean": 93.18956243034036, "median": 71.57611365831777, "std": 30.319022047964147, "min": 69.2632290508161, "max": 135.63790045697866, "sse": 51753464.36299456}