{"rmse": 74.39237475156308, "mean": 72.80533477642962, "median": 61.35564614881253, "std": 15.284261489159597, "min": 58.17919862049282, "max": 93.49491660979496, "sse": 6502714.869882977}