{"ape_trans": 0.11394768114517541, "ape_rot_deg": 2.56868780179926, "rpe_8m_trans": 0.11549111548738544, "rpe_8m_rot": 1.407901145375062, "rpe_16m_trans": 0.14392097452314598, "rpe_16m_rot": 1.581975456698545, "rpe_24m_trans": 0.16363869658654437, "rpe_24m_rot": 1.9950369503399055, "rpe_32m_trans": 0.19479484415491236, "rpe_32m_rot": 2.4537143680075615, "rpe_40m_trans": 0.2062646027912858, "rpe_40m_rot": 2.8434869648882986, "rpe_48m_trans": 0.22743768390536703, "rpe_48m_rot": 3.3717776878120507}