{"std": 0.19445400756767056, "rmse": 0.6043081356652727, "sse": 356.0586147604567, "max": 1.1021462854926882, "min": 0.1586384611057494, "median": 0.508209405497541, "mean": 0.5721677741468058}