{"rmse": 5.3301433436307715, "mean": 5.296148500868601, "median": 5.235264843239389, "std": 0.6010317133052915, "min": 3.857153258157852, "max": 7.473533706884096, "sse": 89151.92326373816}