{"ape_trans": 0.30433904109502646, "ape_rot_deg": 0.7689427595473971, "rpe_8m_trans": 0.22655808359264606, "rpe_8m_rot": 0.6748820204573169, "rpe_16m_trans": 0.3571726041700551, "rpe_16m_rot": 0.7275553194749557, "rpe_24m_trans": 0.4047294190739177, "rpe_24m_rot": 0.8551123251129884, "rpe_32m_trans": 0.40864215142125665, "rpe_32m_rot": 0.85570275685141, "rpe_40m_trans": 0.47427507761391585, "rpe_40m_rot": 0.875403880169504, "rpe_48m_trans": 0.6285885714297772, "rpe_48m_rot": 0.9522571450062527}