{"ape_trans": 3.8233599644498972, "ape_rot_deg": 49.05170394913965, "rpe_8m_trans": 0.9541371298290298, "rpe_8m_rot": 1.097087446026828, "rpe_16m_trans": 3.7951052538885266, "rpe_16m_rot": 3.9461079279880544, "rpe_24m_trans": 4.86029979771147, "rpe_24m_rot": 5.11126464350375, "rpe_32m_trans": 5.971502143778322, "rpe_32m_rot": 6.3214340035592045, "rpe_40m_trans": 7.307504087732292, "rpe_40m_rot": 7.719906944049772, "rpe_48m_trans": 7.648769919694831, "rpe_48m_rot": 8.242559225896956}