{"rmse": 133.7148059339885, "mean": 133.26830525412504, "median": 124.57645838622074, "std": 10.918248058069869, "min": 122.00886338738034, "max": 147.90408445927025, "sse": 55319635.014533244}