{"std": 0.03487737822420295, "rmse": 0.06759574742574165, "sse": 4.9073047652279635, "max": 0.16344153144629414, "min": 0.007166666289569577, "median": 0.051107482039423, "mean": 0.057902966748263875}