{"std": 0.09294305875849981, "rmse": 0.22368343259945797, "sse": 90.86224888336889, "max": 0.3675889501517096, "min": 0.0517384368603207, "median": 0.175589374695098, "mean": 0.20345974011604928}