{"ape_trans": 4.290292032972243, "ape_rot_deg": 34.29224144765324, "rpe_8m_trans": 0.8244197557961412, "rpe_8m_rot": 0.8625803913110308, "rpe_16m_trans": 3.9481869222995476, "rpe_16m_rot": 1.5542028596852924, "rpe_24m_trans": 4.751369497738653, "rpe_24m_rot": 1.7618992370428954, "rpe_32m_trans": 5.563560790387343, "rpe_32m_rot": 2.030660607104315, "rpe_40m_trans": 6.264503086582995, "rpe_40m_rot": 2.2977317084474858, "rpe_48m_trans": 7.003316531284592, "rpe_48m_rot": 2.558084872743801}