{"std": 0.0568689927821167, "rmse": 0.1232610633348047, "sse": 15.010970257613616, "max": 0.2890283546213991, "min": 0.009076888637276093, "median": 0.0903420613908403, "mean": 0.10935816107805717}