{"ape_trans": 0.11936386943953092, "ape_rot_deg": 2.549794043352008, "rpe_8m_trans": 0.13058934331364058, "rpe_8m_rot": 0.5657605592029621, "rpe_16m_trans": 0.24127478340821634, "rpe_16m_rot": 0.6267993194015774, "rpe_24m_trans": 0.23129128479824704, "rpe_24m_rot": 0.5160812185008785, "rpe_32m_trans": 0.2817859670198967, "rpe_32m_rot": 0.5586731357097457, "rpe_40m_trans": 0.31019250889052935, "rpe_40m_rot": 0.5706307161896695, "rpe_48m_trans": 0.36971614748100656, "rpe_48m_rot": 0.5494801537179098}