{"rmse": 1.2970038632867051, "mean": 1.268432247338085, "median": 1.2379535055438904, "std": 0.2707372440088224, "min": 0.5985072842996937, "max": 3.3282402070784602, "sse": 844.4739487330802}