{"rmse": 1.202361091911786, "mean": 1.16120291394106, "median": 1.148295601337255, "std": 0.31189739979373554, "min": 0.375096292905531, "max": 3.3836590911300917, "sse": 730.0644586483677}