{"ape_trans": 21.84097930825937, "ape_rot_deg": 51.5296665390891, "rpe_8m_trans": 0.15309845596269134, "rpe_8m_rot": 1.4928624507179105, "rpe_16m_trans": 0.24811427472749048, "rpe_16m_rot": 1.3751572449143528, "rpe_24m_trans": 0.3351252232127425, "rpe_24m_rot": 1.115452531024178, "rpe_32m_trans": 0.4575190527782854, "rpe_32m_rot": 1.0524018442580312, "rpe_40m_trans": 32.00133816958082, "rpe_40m_rot": 38.348604323138396, "rpe_48m_trans": 42.990733799380955, "rpe_48m_rot": 50.21730411951119}