{"ape_trans": 3.13391583729142, "ape_rot_deg": 17.05882387338289, "rpe_8m_trans": 1.0507749337410235, "rpe_8m_rot": 0.9261781563993831, "rpe_16m_trans": 3.148791940238408, "rpe_16m_rot": 2.1813120363721614, "rpe_24m_trans": 4.0788066032193875, "rpe_24m_rot": 2.8212944508675135, "rpe_32m_trans": 5.110803685621295, "rpe_32m_rot": 3.526702873309371, "rpe_40m_trans": 6.022198817162197, "rpe_40m_rot": 4.211041630444189, "rpe_48m_trans": 6.281036111115057, "rpe_48m_rot": 4.517884975719203}