{"rmse": 0.054592093836038684, "mean": 0.04817731247261008, "median": 0.038669216422938815, "std": 0.025675733140834395, "min": 0.008203998849973436, "max": 0.12053281067110906, "sse": 3.1471933251294124}