{"ape_trans": 133.81878254818713, "ape_rot_deg": 170.09309473205172, "rpe_8m_trans": 2.5076262598474637, "rpe_8m_rot": 2.0545880059804835, "rpe_16m_trans": 3.82872066831174, "rpe_16m_rot": 2.015203048338318, "rpe_24m_trans": 3.8991697607623306, "rpe_24m_rot": 2.1219729971391623, "rpe_32m_trans": 4.325663845189431, "rpe_32m_rot": 2.207066192275682, "rpe_40m_trans": 5.617706244618646, "rpe_40m_rot": 2.2791136884954755, "rpe_48m_trans": 7.18768590300328, "rpe_48m_rot": 2.4041833278176}