{"rmse": 3.5028807000430104, "mean": 2.586426902074587, "median": 1.7842227795473946, "std": 2.362322814299236, "min": 0.24509261190738932, "max": 8.996075997268392, "sse": 11570.773326405983}