{"ape_trans": 0.1677153838142677, "ape_rot_deg": 4.89144844388868, "rpe_8m_trans": 0.1581066721891604, "rpe_8m_rot": 1.6209561920524393, "rpe_16m_trans": 0.1961866193679526, "rpe_16m_rot": 2.1550146235199628, "rpe_24m_trans": 0.23505070000103082, "rpe_24m_rot": 2.610986555589832, "rpe_32m_trans": 0.2856087627857585, "rpe_32m_rot": 2.718219248920484, "rpe_40m_trans": 0.3391613053632429, "rpe_40m_rot": 2.5113249305053156, "rpe_48m_trans": 0.3854765950338758, "rpe_48m_rot": 2.945972390455923}