{"ape_trans": 0.10485873822657743, "ape_rot_deg": 2.268229868771096, "rpe_8m_trans": 0.12224196177881042, "rpe_8m_rot": 1.9091395342355137, "rpe_16m_trans": 0.19066933783686296, "rpe_16m_rot": 3.2022694593217556, "rpe_24m_trans": 0.30957305208030006, "rpe_24m_rot": 4.746469550345698, "rpe_32m_trans": 0.3116312695797482, "rpe_32m_rot": 6.937927289581715, "rpe_40m_trans": 0.26436104924321535, "rpe_40m_rot": 8.434671081559836, "rpe_48m_trans": NaN, "rpe_48m_rot": NaN}