{"rmse": 0.12226015036654655, "mean": 0.09856524568676037, "median": 0.07560949301005795, "std": 0.07233558398436511, "min": 0.014289574604726183, "max": 0.3290295345516706, "sse": 18.75916818140147}