{"rmse": 0.9191468350999656, "mean": 0.9096999202600698, "median": 0.8896804176288383, "std": 0.13144184856089802, "min": 0.31891659108701, "max": 1.4532447410100666, "sse": 410.58781957450174}