{"rmse": 0.04386609787659813, "mean": 0.03862570760984213, "median": 0.0337644321931292, "std": 0.020791566909645596, "min": 0.0066891786778886545, "max": 0.11237853918098607, "sse": 2.035840146408605}