{"rmse": 1.649570499250754, "mean": 1.563222458328456, "median": 1.474314915358937, "std": 0.526705209558364, "min": 0.4338782262070912, "max": 3.0648110648884517, "sse": 3880.2641184296926}