{"rmse": 6.374352657701649, "mean": 6.239280987714304, "median": 6.498393557087151, "std": 1.3052756647907346, "min": 0.29699519663673307, "max": 7.906621001946306, "sse": 31652.61763589875}