{"rmse": 0.9506256674915184, "mean": 0.9332835341327002, "median": 0.9464985901724989, "std": 0.18075122298472027, "min": 0.5579294537645914, "max": 1.5394735444009078, "sse": 619.027074390181}