{"rmse": 0.4795501327532773, "mean": 0.43992208618373785, "median": 0.39740013487088743, "std": 0.1908844883992249, "min": 0.11651795835407111, "max": 0.8215535301825098, "sse": 248.36579620958076}