{"std": 0.24701901263556994, "rmse": 0.4472697224612496, "sse": 100.42520272454274, "max": 1.0929862140131275, "min": 0.0238290760616192, "median": 0.31565547122689475, "mean": 0.37286969845659407}