{"ape_trans": 0.1527711304907746, "ape_rot_deg": 5.689234282644222, "rpe_8m_trans": 0.07315973110784028, "rpe_8m_rot": 0.762065327214729, "rpe_16m_trans": 0.11120024083107193, "rpe_16m_rot": 0.9198289241874792, "rpe_24m_trans": 0.1395578919691205, "rpe_24m_rot": 1.1343369690297465, "rpe_32m_trans": 0.16594135243661387, "rpe_32m_rot": 1.403206279362735, "rpe_40m_trans": 0.2021835996034527, "rpe_40m_rot": 1.6696370880058014, "rpe_48m_trans": 0.24177231976515887, "rpe_48m_rot": 1.8965692586334952}