{"ape_trans": 18.618027399252156, "ape_rot_deg": 27.827093751545405, "rpe_8m_trans": 0.044665585507874445, "rpe_8m_rot": 1.5422318650455697, "rpe_16m_trans": 0.05084695065640345, "rpe_16m_rot": 1.5220222242333485, "rpe_24m_trans": 0.05927154132724561, "rpe_24m_rot": 1.4103906151540062, "rpe_32m_trans": 0.06517000895629589, "rpe_32m_rot": 1.3946700776659116, "rpe_40m_trans": 33.64019859611219, "rpe_40m_rot": 33.30582674353717, "rpe_48m_trans": 36.869823964955074, "rpe_48m_rot": 36.22349451723529}