{"ape_trans": 19.287345598553298, "ape_rot_deg": 20.877322663834512, "rpe_8m_trans": 0.047007100062161584, "rpe_8m_rot": 1.4853285934165281, "rpe_16m_trans": 0.05591083229414284, "rpe_16m_rot": 1.4893754887945367, "rpe_24m_trans": 0.06194008453557397, "rpe_24m_rot": 1.384395045249584, "rpe_32m_trans": 0.0791229825544251, "rpe_32m_rot": 1.3469714593688855, "rpe_40m_trans": 34.78703836918463, "rpe_40m_rot": 12.555181461265875, "rpe_48m_trans": 38.45021612789661, "rpe_48m_rot": 13.887152838013781}