{"ape_trans": 5.534803462424857, "ape_rot_deg": 21.20102284847513, "rpe_8m_trans": 0.22376460488157027, "rpe_8m_rot": 1.957744009342273, "rpe_16m_trans": 6.915844212529381, "rpe_16m_rot": 20.76470529015863, "rpe_24m_trans": 10.87237506200924, "rpe_24m_rot": 32.34079688360849, "rpe_32m_trans": 11.185056266190035, "rpe_32m_rot": 33.13574641552413, "rpe_40m_trans": 11.167319354242501, "rpe_40m_rot": 34.171528108450545, "rpe_48m_trans": 11.117121830742928, "rpe_48m_rot": 35.165962496986616}