{"ape_trans": 0.3415817287560299, "ape_rot_deg": 5.165783726841447, "rpe_8m_trans": 0.20315514729361744, "rpe_8m_rot": 2.1349636507334315, "rpe_16m_trans": 0.3109110664508818, "rpe_16m_rot": 2.8254936438098963, "rpe_24m_trans": 0.4334288042875786, "rpe_24m_rot": 3.781333762554022, "rpe_32m_trans": 0.5002063149127653, "rpe_32m_rot": 4.664437061383543, "rpe_40m_trans": 0.5339080909658719, "rpe_40m_rot": 5.396191281573783, "rpe_48m_trans": 0.6275666731161916, "rpe_48m_rot": 6.591326124634731}