{"ape_trans": 124.69809335017963, "ape_rot_deg": 160.82318452578514, "rpe_8m_trans": 0.06383064365403254, "rpe_8m_rot": 1.7048755665686879, "rpe_16m_trans": 0.06296135058417879, "rpe_16m_rot": 1.6665482059961514, "rpe_24m_trans": 0.07385115542018138, "rpe_24m_rot": 1.7708161555036628, "rpe_32m_trans": 0.08843127408789163, "rpe_32m_rot": 1.9563317231217947, "rpe_40m_trans": 0.10679621738694543, "rpe_40m_rot": 2.1729269635675967, "rpe_48m_trans": 0.11447503614392408, "rpe_48m_rot": 2.461144264225379}