{"rmse": 0.12225557460216144, "mean": 0.09856195573361648, "median": 0.07559724833021232, "std": 0.072332333041796, "min": 0.014303712172571786, "max": 0.329011495448642, "sse": 18.75776402923735}