{"ape_trans": 1.4718261232205239, "ape_rot_deg": 7.725172615354039, "rpe_8m_trans": 1.2381287099308016, "rpe_8m_rot": 1.3396621774091821, "rpe_16m_trans": 1.6099109571184873, "rpe_16m_rot": 1.633780596719593, "rpe_24m_trans": 1.993036859565269, "rpe_24m_rot": 1.899090729530327, "rpe_32m_trans": 2.3662448824116282, "rpe_32m_rot": 2.156209439914632, "rpe_40m_trans": 2.6463733871562107, "rpe_40m_rot": 2.430223035422252, "rpe_48m_trans": 2.8426995682328, "rpe_48m_rot": 2.6435678809315672}