{"ape_trans": 0.27019980120301773, "ape_rot_deg": 3.288003718759245, "rpe_8m_trans": 0.17052037524355848, "rpe_8m_rot": 2.1259906550456535, "rpe_16m_trans": 0.29782546801988125, "rpe_16m_rot": 2.5955711695288324, "rpe_24m_trans": 0.41257062799101657, "rpe_24m_rot": 3.1908352373832636, "rpe_32m_trans": 0.4655928710597069, "rpe_32m_rot": 3.6490970089269097, "rpe_40m_trans": 0.44740746421580996, "rpe_40m_rot": 4.2205713507474565, "rpe_48m_trans": 0.5116177783972373, "rpe_48m_rot": 5.063976632265857}