{"std": 0.560547951556079, "rmse": 0.9428069834705172, "sse": 492.4422944767499, "max": 2.924853956569086, "min": 0.04109784107823892, "median": 0.60860159631961, "mean": 0.7580705785657822}