{"ape_trans": 0.7474716614028352, "ape_rot_deg": 7.66119361206205, "rpe_8m_trans": 0.5820477113348768, "rpe_8m_rot": 0.6851377949228126, "rpe_16m_trans": 0.7762061894236417, "rpe_16m_rot": 0.6824988624573082, "rpe_24m_trans": 0.9457135089854909, "rpe_24m_rot": 0.7121441690502927, "rpe_32m_trans": 1.114459156386911, "rpe_32m_rot": 0.7541247008055427, "rpe_40m_trans": 1.291818513361254, "rpe_40m_rot": 0.8643751746165319, "rpe_48m_trans": 1.4713518007359718, "rpe_48m_rot": 0.9024511909854044}