{"ape_trans": 0.055563755983855115, "ape_rot_deg": 1.1053346794261796, "rpe_8m_trans": 0.055567088251951474, "rpe_8m_rot": 0.8078191809905643, "rpe_16m_trans": 0.0658859772981357, "rpe_16m_rot": 0.9912024280762062, "rpe_24m_trans": 0.07900331060495108, "rpe_24m_rot": 1.255495548972624, "rpe_32m_trans": 0.09210232022200687, "rpe_32m_rot": 1.444526506875415, "rpe_40m_trans": 0.10319103948704425, "rpe_40m_rot": 1.618424112947889, "rpe_48m_trans": 0.1324304095550367, "rpe_48m_rot": 1.792881832958748}