{"rmse": 0.09239024761268641, "mean": 0.08727752941492578, "median": 0.0877864457018648, "std": 0.030308261467135875, "min": 0.013081939648740402, "max": 0.18354034112496134, "sse": 23.567779634710412}