{"ape_trans": 1.6933220994404723, "ape_rot_deg": 7.5233904260541085, "rpe_8m_trans": 2.66227625697971, "rpe_8m_rot": 2.2777881738681667, "rpe_16m_trans": 2.927414713249288, "rpe_16m_rot": 2.9404189097096447, "rpe_24m_trans": 2.641167884087677, "rpe_24m_rot": 3.941426716925436, "rpe_32m_trans": 2.414042258092265, "rpe_32m_rot": 5.0474555576293305, "rpe_40m_trans": 2.668530250746002, "rpe_40m_rot": 6.123593923481908, "rpe_48m_trans": 2.7303611620593893, "rpe_48m_rot": 6.910689764026106}