{"ape_trans": 0.151180480335303, "ape_rot_deg": 3.286818321146704, "rpe_8m_trans": 0.056404686159820513, "rpe_8m_rot": 1.1293925174972335, "rpe_16m_trans": 0.08924077834271113, "rpe_16m_rot": 1.5281146583466312, "rpe_24m_trans": 0.10981682616566946, "rpe_24m_rot": 2.050548604576156, "rpe_32m_trans": 0.13114131494263323, "rpe_32m_rot": 2.598556103211655, "rpe_40m_trans": 0.15271334077199383, "rpe_40m_rot": 3.1215395829789268, "rpe_48m_trans": 0.17571687025063323, "rpe_48m_rot": 3.6644262106489682}