{"ape_trans": 39197748.694918044, "ape_rot_deg": 126.04574694547404, "rpe_8m_trans": 0.03276803457500182, "rpe_8m_rot": 0.4959104979668074, "rpe_16m_trans": 0.035253063733755675, "rpe_16m_rot": 0.5367317542392905, "rpe_24m_trans": 0.04425999719546015, "rpe_24m_rot": 0.6208771946177686, "rpe_32m_trans": 0.048079154235371464, "rpe_32m_rot": 0.7213654784133168, "rpe_40m_trans": 0.05227291893739413, "rpe_40m_rot": 0.8483529741605927, "rpe_48m_trans": 0.05257158155754945, "rpe_48m_rot": 1.0570128343406313}