{"std": 0.07609189127332186, "rmse": 0.18243451505789335, "sse": 60.340904691633, "max": 0.3393890741389335, "min": 0.017000429727915527, "median": 0.14456788085571412, "mean": 0.16580825180568573}