{"rmse": 32.63627717434475, "mean": 32.128075725789586, "median": 27.918515980561583, "std": 5.73701472532412, "min": 25.98427362653515, "max": 40.28812875484522, "sse": 2716072.7988916724}