{"ape_trans": 0.17162897145669992, "ape_rot_deg": 2.520489812136922, "rpe_8m_trans": 0.14946698623943877, "rpe_8m_rot": 0.8745795383453672, "rpe_16m_trans": 0.16796425144953703, "rpe_16m_rot": 1.4392748216063596, "rpe_24m_trans": 0.2058862806722361, "rpe_24m_rot": 1.8615074259716435, "rpe_32m_trans": 0.25708548911586054, "rpe_32m_rot": 2.258333924742047, "rpe_40m_trans": 0.3122201276599163, "rpe_40m_rot": 2.702800569640083, "rpe_48m_trans": 0.34132066126325306, "rpe_48m_rot": 3.276874853675329}