{"std": 0.20204136635667047, "rmse": 0.4163799942891342, "sse": 313.45711775674874, "max": 0.7580585736256553, "min": 0.01581025447732107, "median": 0.3333621219109677, "mean": 0.3640763462859804}