{"std": 0.0964290022388616, "rmse": 0.2631652126389488, "sse": 71.81839852160537, "max": 0.48173048056409573, "min": 0.06863573034436497, "median": 0.2516498982669199, "mean": 0.24486195431410077}