{"rmse": 0.0666126632363088, "mean": 0.06022447622484238, "median": 0.05570295113693845, "std": 0.028465055188375814, "min": 0.008754978970347979, "max": 0.17556749275073946, "sse": 12.579594971235064}