{"ape_trans": 0.17291173691980885, "ape_rot_deg": 3.0968458218910304, "rpe_8m_trans": 0.058725954471214564, "rpe_8m_rot": 1.1362367622701404, "rpe_16m_trans": 0.09427709109651713, "rpe_16m_rot": 1.4787009192592604, "rpe_24m_trans": 0.11995662579919728, "rpe_24m_rot": 1.9688783316811815, "rpe_32m_trans": 0.14495832261760375, "rpe_32m_rot": 2.498616943577928, "rpe_40m_trans": 0.17102017547284454, "rpe_40m_rot": 2.9694036785034434, "rpe_48m_trans": 0.19939721511112984, "rpe_48m_rot": 3.4756139023776687}