{"rmse": 0.2710974674038853, "mean": 0.250738360378333, "median": 0.2235822415474072, "std": 0.10307333053504099, "min": 0.07144795866955721, "max": 0.6820313109284091, "sse": 138.9033516139932}