{"ape_trans": 0.07883301782543739, "ape_rot_deg": 6.304539252550692, "rpe_8m_trans": 0.3134553540418991, "rpe_8m_rot": 3.681086180848746, "rpe_16m_trans": 0.2658022538063991, "rpe_16m_rot": 3.0026620965251056, "rpe_24m_trans": 0.3160079202504795, "rpe_24m_rot": 2.8597243635622744, "rpe_32m_trans": 0.2826688936207626, "rpe_32m_rot": 3.1083268676593327, "rpe_40m_trans": 0.29288174022522934, "rpe_40m_rot": 3.0572390807592416, "rpe_48m_trans": 0.4024941936753973, "rpe_48m_rot": 3.280818650388393}