{"rmse": 2.8120735680241413, "mean": 2.4869560477277064, "median": 2.034464237202277, "std": 1.312557567747263, "min": 0.26019588862046517, "max": 6.770938898457184, "sse": 7449.1078023651835}