{"ape_trans": 0.1171496017993995, "ape_rot_deg": 1.3694600764727594, "rpe_8m_trans": 0.04781077880804975, "rpe_8m_rot": 0.7710429474492296, "rpe_16m_trans": 0.07350928376520462, "rpe_16m_rot": 1.0534345159386682, "rpe_24m_trans": 0.08973459539985507, "rpe_24m_rot": 1.2355362087720396, "rpe_32m_trans": 0.10457867455679502, "rpe_32m_rot": 1.3038650412524977, "rpe_40m_trans": 0.11999103776836095, "rpe_40m_rot": 1.4463959485312265, "rpe_48m_trans": 0.13263761751731734, "rpe_48m_rot": 1.5922625260679997}