{"ape_trans": 0.0818254832012247, "ape_rot_deg": 1.8017553372069637, "rpe_8m_trans": 0.11450393231542759, "rpe_8m_rot": 1.5515283509457947, "rpe_16m_trans": 0.1517507701639027, "rpe_16m_rot": 2.472494895625457, "rpe_24m_trans": 0.23374285208651482, "rpe_24m_rot": 3.6497235794658796, "rpe_32m_trans": 0.217044240276062, "rpe_32m_rot": 5.358022696647492, "rpe_40m_trans": 0.15794206838208127, "rpe_40m_rot": 6.751347642952975, "rpe_48m_trans": NaN, "rpe_48m_rot": NaN}