{"ape_trans": 0.41388447767222303, "ape_rot_deg": 2.5312830833633915, "rpe_8m_trans": 0.3976288752447313, "rpe_8m_rot": 0.8708258302300759, "rpe_16m_trans": 0.5011319193760313, "rpe_16m_rot": 0.9346043971088485, "rpe_24m_trans": 0.5908897710881345, "rpe_24m_rot": 0.963377976612088, "rpe_32m_trans": 0.7053716063983523, "rpe_32m_rot": 0.9993383498251597, "rpe_40m_trans": 0.7607553828646793, "rpe_40m_rot": 0.9867941183797457, "rpe_48m_trans": 0.7627517363469514, "rpe_48m_rot": 1.019799380021824}