{"std": 0.3584038853692492, "rmse": 1.3323131444236571, "sse": 1013.5582977531141, "max": 2.042522954448677, "min": 0.8204612732475329, "median": 1.0987633191697637, "mean": 1.283201063651476}