{"rmse": 0.36883405940179653, "mean": 0.34708684122241557, "median": 0.3357268602490874, "std": 0.12477695310053748, "min": 0.08019386888536247, "max": 0.7256941689736703, "sse": 494.9082935575515}