{"rmse": 0.32510929293502155, "mean": 0.2908111902907954, "median": 0.2672359568897627, "std": 0.14534408813006608, "min": 0.02254019863737823, "max": 0.6575573235788024, "sse": 93.96379054155886}