{"rmse": 19.66644888927813, "mean": 19.463964086155144, "median": 17.897937747517396, "std": 2.814838177844668, "min": 12.838848251106688, "max": 25.22525453646966, "sse": 2121042.358139606}