{"ape_trans": 0.1950267578707391, "ape_rot_deg": 1.6307638524767287, "rpe_8m_trans": 0.18920443197543088, "rpe_8m_rot": 0.5722287978639873, "rpe_16m_trans": 0.25682895600308014, "rpe_16m_rot": 0.6359032466194708, "rpe_24m_trans": 0.2530558367270492, "rpe_24m_rot": 0.6364693853172344, "rpe_32m_trans": 0.28789487984837586, "rpe_32m_rot": 0.6242428769897392, "rpe_40m_trans": 0.25481172343224706, "rpe_40m_rot": 0.625110874272033, "rpe_48m_trans": 0.2659355220170962, "rpe_48m_rot": 0.6528534331883988}