{"rmse_8m_trans": 0.1949494624962052, "rmse_8m_rot": 1.686667767107993, "rmse_16m_trans": 0.27094588395221275, "rmse_16m_rot": 1.8469663950845947, "rmse_24m_trans": 0.3207069316262151, "rmse_24m_rot": 2.144712580497991, "rmse_32m_trans": 0.3564518765522931, "rmse_32m_rot": 2.347758232575342, "rmse_40m_trans": 0.39416681099845985, "rmse_40m_rot": 2.2939584598178233, "rmse_48m_trans": 0.47738697617338227, "rmse_48m_rot": 2.599263756132331}