{"ape_trans": 0.06783250328988076, "ape_rot_deg": 0.6449228520473624, "rpe_8m_trans": 0.04349252974700622, "rpe_8m_rot": 0.788250040577005, "rpe_16m_trans": 0.05892418082288312, "rpe_16m_rot": 0.9383458688621436, "rpe_24m_trans": 0.06462468620552098, "rpe_24m_rot": 0.9822458967089309, "rpe_32m_trans": 0.07000121752129995, "rpe_32m_rot": 0.9469219993540104, "rpe_40m_trans": 0.07672758015915872, "rpe_40m_rot": 0.9660097969778874, "rpe_48m_trans": 0.08828184065373931, "rpe_48m_rot": 0.964713902584597}