{"rmse": 0.2839884278107463, "mean": 0.2693602224197659, "median": 0.2910974048445003, "std": 0.08996942652031124, "min": 0.09133508930053476, "max": 0.619466991890937, "sse": 159.36326800970883}