{"ape_trans": 17.577612134413343, "ape_rot_deg": 29.879474788890082, "rpe_8m_trans": 0.048359366939592134, "rpe_8m_rot": 1.4719148277765444, "rpe_16m_trans": 0.058551734209743626, "rpe_16m_rot": 1.4134899713799365, "rpe_24m_trans": 0.06306707536571879, "rpe_24m_rot": 1.1208041008676264, "rpe_32m_trans": 13.62879463401418, "rpe_32m_rot": 13.043337594979844, "rpe_40m_trans": 32.80939359136894, "rpe_40m_rot": 30.664985561491825, "rpe_48m_trans": 35.018671150800095, "rpe_48m_rot": 32.42174553113855}