{"ape_trans": 133.72964646081348, "ape_rot_deg": 170.08455783218528, "rpe_8m_trans": 2.4367729400850155, "rpe_8m_rot": 2.052217565821357, "rpe_16m_trans": 3.6402289213648276, "rpe_16m_rot": 2.008906560055047, "rpe_24m_trans": 3.7189436414476473, "rpe_24m_rot": 2.1157155896998185, "rpe_32m_trans": 4.1170022545158345, "rpe_32m_rot": 2.207171511943544, "rpe_40m_trans": 5.370000718466174, "rpe_40m_rot": 2.2620265522791483, "rpe_48m_trans": 6.846670984840724, "rpe_48m_rot": 2.3463254431157625}