{"ape_trans": 0.7024435943033948, "ape_rot_deg": 29.697629768358873, "rpe_8m_trans": 0.7187604549497836, "rpe_8m_rot": 1.9077104327150434, "rpe_16m_trans": 1.242975324804435, "rpe_16m_rot": 3.048445266928587, "rpe_24m_trans": 1.550714700115883, "rpe_24m_rot": 3.7036797280055347, "rpe_32m_trans": 1.5368284726709327, "rpe_32m_rot": 3.9335097236281387, "rpe_40m_trans": 1.5060123860739367, "rpe_40m_rot": 4.137568532058932, "rpe_48m_trans": NaN, "rpe_48m_rot": NaN}