{"ape_trans": 0.120204536443805, "ape_rot_deg": 2.5069277701843298, "rpe_8m_trans": 0.11393362251032113, "rpe_8m_rot": 1.516699226739918, "rpe_16m_trans": 0.14486302635583814, "rpe_16m_rot": 1.605712894981541, "rpe_24m_trans": 0.17102744514278262, "rpe_24m_rot": 1.9172272428807662, "rpe_32m_trans": 0.20162955111501285, "rpe_32m_rot": 2.3557164547229146, "rpe_40m_trans": 0.20685356122160115, "rpe_40m_rot": 2.7087326097698514, "rpe_48m_trans": 0.22178119754159814, "rpe_48m_rot": 3.187510551145194}