{"rmse": 0.16975770900392895, "mean": 0.1529034435618982, "median": 0.14320899431470646, "std": 0.07374426562910526, "min": 0.010131164153110595, "max": 0.34128510931014533, "sse": 36.771359381751104}