{"rmse": 0.0678302924629266, "mean": 0.061520851684574135, "median": 0.057642057620784094, "std": 0.02856804829894385, "min": 0.003197666754896101, "max": 0.12483966507705815, "sse": 5.9030170225027}