{"ape_trans": 2.179151924851324, "ape_rot_deg": 15.644888058032642, "rpe_8m_trans": 1.5262675874218492, "rpe_8m_rot": 2.6598182609234864, "rpe_16m_trans": 3.1640040720433746, "rpe_16m_rot": 5.218879959034774, "rpe_24m_trans": 4.270739963263701, "rpe_24m_rot": 7.118871927190421, "rpe_32m_trans": 4.498312838807408, "rpe_32m_rot": 7.5102486661614485, "rpe_40m_trans": 4.54045237743052, "rpe_40m_rot": 7.605845086344456, "rpe_48m_trans": 4.518418084721026, "rpe_48m_rot": 7.569596179054529}