{"ape_trans": 0.17855224476296466, "ape_rot_deg": 2.309440399775463, "rpe_8m_trans": 0.13733053080843668, "rpe_8m_rot": 0.6079066070415183, "rpe_16m_trans": 0.2535875674158823, "rpe_16m_rot": 0.6511780212187165, "rpe_24m_trans": 0.2738832644373564, "rpe_24m_rot": 0.5094941417322925, "rpe_32m_trans": 0.3285814352592465, "rpe_32m_rot": 0.7003808206073232, "rpe_40m_trans": 0.3516080087006096, "rpe_40m_rot": 0.7322819343364292, "rpe_48m_trans": 0.4131462883970233, "rpe_48m_rot": 0.5864723991741515}