{"std": 0.7585201557896671, "rmse": 1.2866733707316345, "sse": 1059.53815228794, "max": 4.720939107105345, "min": 0.05031058817300995, "median": 0.8961624504072437, "mean": 1.039314936008679}