{"rmse": 0.4757999093575893, "mean": 0.46471147749179786, "median": 0.4552516305771568, "std": 0.10212147879893056, "min": 0.16793018829683207, "max": 1.1877529821717203, "sse": 114.55109019481324}