{"ape_trans": 0.11395251331082785, "ape_rot_deg": 0.7135640420430762, "rpe_8m_trans": 0.03920937334546797, "rpe_8m_rot": 0.8017380850814022, "rpe_16m_trans": 0.05708756184946948, "rpe_16m_rot": 0.9314701534705022, "rpe_24m_trans": 0.07476226921991903, "rpe_24m_rot": 1.0256656142058764, "rpe_32m_trans": 0.0973135578217942, "rpe_32m_rot": 0.9999117710945713, "rpe_40m_trans": 0.12025370019280161, "rpe_40m_rot": 1.0241456582170718, "rpe_48m_trans": 0.14341297007521978, "rpe_48m_rot": 1.0153922723771558}