{"rmse": 0.49792486138609243, "mean": 0.4886453162973983, "median": 0.48629834100699537, "std": 0.09568135893148053, "min": 0.2879583591662766, "max": 1.0200049645881846, "sse": 260.3256259656773}