{"ape_trans": 2.4842854613102303, "ape_rot_deg": 26.673602386999818, "rpe_8m_trans": 1.3524003536364593, "rpe_8m_rot": 14.782020015619016, "rpe_16m_trans": 2.1190339878350763, "rpe_16m_rot": 22.168900626746407, "rpe_24m_trans": 3.123127949316898, "rpe_24m_rot": 28.421318432166657, "rpe_32m_trans": 3.651303758930775, "rpe_32m_rot": 36.265291726125604, "rpe_40m_trans": 4.533315011071828, "rpe_40m_rot": 42.61558465423586, "rpe_48m_trans": 4.971034569864529, "rpe_48m_rot": 47.15664495542139}