{"ape_trans": 0.47444014628064746, "ape_rot_deg": 35.86235927913701, "rpe_8m_trans": 0.5042574122153473, "rpe_8m_rot": 1.2582618758114537, "rpe_16m_trans": 0.8745745398973754, "rpe_16m_rot": 1.8981852703279833, "rpe_24m_trans": 1.1364024111021733, "rpe_24m_rot": 2.4205973134532104, "rpe_32m_trans": 1.151597028941941, "rpe_32m_rot": 2.5429654775164168, "rpe_40m_trans": 1.1518795602451168, "rpe_40m_rot": 2.4509497390421275, "rpe_48m_trans": NaN, "rpe_48m_rot": NaN}