{"ape_trans": 0.32813632422026956, "ape_rot_deg": 3.188890167216186, "rpe_8m_trans": 0.20725761034819581, "rpe_8m_rot": 0.4042802763413463, "rpe_16m_trans": 0.3540773467385051, "rpe_16m_rot": 0.5036489584120418, "rpe_24m_trans": 0.44855659753381677, "rpe_24m_rot": 0.6161812387742729, "rpe_32m_trans": 0.533613418537754, "rpe_32m_rot": 0.7164293520716418, "rpe_40m_trans": 0.5957599085158835, "rpe_40m_rot": 0.7914521160847084, "rpe_48m_trans": 0.6638652245952699, "rpe_48m_rot": 0.7916496288308047}