{"ape_trans": 13.73755969015102, "ape_rot_deg": 67.76165710646485, "rpe_8m_trans": 1.215196764884325, "rpe_8m_rot": 1.13292755907384, "rpe_16m_trans": 1.2521998364441187, "rpe_16m_rot": 1.139514624695245, "rpe_24m_trans": 1.4804974473663153, "rpe_24m_rot": 1.3297470771313769, "rpe_32m_trans": 14.883896512358096, "rpe_32m_rot": 8.003052032260591, "rpe_40m_trans": 21.141676471311033, "rpe_40m_rot": 11.325038610757858, "rpe_48m_trans": 25.1979262535784, "rpe_48m_rot": 13.382409711540987}