{"ape_trans": 2.559246111250416, "ape_rot_deg": 9.496736672320552, "rpe_8m_trans": 1.615270367500936, "rpe_8m_rot": 3.9992394452183864, "rpe_16m_trans": 3.300241685825959, "rpe_16m_rot": 7.928364109900633, "rpe_24m_trans": 4.844942061164841, "rpe_24m_rot": 11.309786416783522, "rpe_32m_trans": 5.180321152291639, "rpe_32m_rot": 12.293939141682074, "rpe_40m_trans": 5.238207935272324, "rpe_40m_rot": 12.471868216417024, "rpe_48m_trans": 5.705855570409966, "rpe_48m_rot": 12.44314044737263}