{"ape_trans": 0.25057406788176323, "ape_rot_deg": 4.55719056434749, "rpe_8m_trans": 0.1842639089285534, "rpe_8m_rot": 1.3000456109774559, "rpe_16m_trans": 0.24423825633596985, "rpe_16m_rot": 2.145485834252297, "rpe_24m_trans": 0.3093645598660992, "rpe_24m_rot": 2.402021455964854, "rpe_32m_trans": 0.41233043249458723, "rpe_32m_rot": 2.4265741020487757, "rpe_40m_trans": 0.45288390731049627, "rpe_40m_rot": 2.3661199714906616, "rpe_48m_trans": 0.4809260709748774, "rpe_48m_rot": 2.3431287032202204}