{"std": 0.07527700227225996, "rmse": 0.22355938478362922, "sse": 44.181257895953955, "max": 0.3892075742829673, "min": 0.022767306573588178, "median": 0.20201453802894248, "mean": 0.21050456397365108}