{"ape_trans": 0.195082967451208, "ape_rot_deg": 1.6270940882944718, "rpe_8m_trans": 0.18884920490798376, "rpe_8m_rot": 0.5729229117915989, "rpe_16m_trans": 0.2560548764764842, "rpe_16m_rot": 0.6366780602390608, "rpe_24m_trans": 0.25255407588044704, "rpe_24m_rot": 0.6363887035794488, "rpe_32m_trans": 0.28747097982414227, "rpe_32m_rot": 0.6240327306328671, "rpe_40m_trans": 0.2544576061425303, "rpe_40m_rot": 0.6248186187978326, "rpe_48m_trans": 0.26598390483376966, "rpe_48m_rot": 0.6542628107029589}