{"rmse": 0.17137539587306994, "mean": 0.16269169698778005, "median": 0.15735074230249146, "std": 0.053860356867438196, "min": 0.057336623676537635, "max": 0.31941152344556456, "sse": 51.45541009626132}