{"ape_trans": 0.2859979474639496, "ape_rot_deg": 1.6314034801459083, "rpe_8m_trans": 0.17117550339454712, "rpe_8m_rot": 0.5250792687773128, "rpe_16m_trans": 0.23697195189399006, "rpe_16m_rot": 0.6928644824603588, "rpe_24m_trans": 0.2582097124573672, "rpe_24m_rot": 0.7694439659222904, "rpe_32m_trans": 0.2948999300015581, "rpe_32m_rot": 0.8091548814679441, "rpe_40m_trans": 0.3136512202487905, "rpe_40m_rot": 1.0187211398642364, "rpe_48m_trans": 0.3561523333268953, "rpe_48m_rot": 1.1251876894517288}