{"ape_trans": 74.45558848497974, "ape_rot_deg": 165.11822956071035, "rpe_8m_trans": 0.16545982420681965, "rpe_8m_rot": 1.5849974175902801, "rpe_16m_trans": 0.17487735986548178, "rpe_16m_rot": 1.8525688753976521, "rpe_24m_trans": 0.21281415139387044, "rpe_24m_rot": 2.153395988266615, "rpe_32m_trans": 0.24273412894325413, "rpe_32m_rot": 2.4073480021214975, "rpe_40m_trans": 0.2917982419557748, "rpe_40m_rot": 2.6560185947358588, "rpe_48m_trans": 0.37419904991437003, "rpe_48m_rot": 2.468694642946635}