{"rmse": 0.08815807984245558, "mean": 0.08516696122454281, "median": 0.08258651745556952, "std": 0.022769184379024126, "min": 0.023484014187448013, "max": 0.1515169414339881, "sse": 6.14753100983344}