{"ape_trans": 1.4209196136635953, "ape_rot_deg": 3.058378765385093, "rpe_8m_trans": 1.0624454648813804, "rpe_8m_rot": 1.8845426861845147, "rpe_16m_trans": 1.4962143579221665, "rpe_16m_rot": 2.4483371682611224, "rpe_24m_trans": 1.8847485706615403, "rpe_24m_rot": 3.059165457276486, "rpe_32m_trans": 2.2243047555035695, "rpe_32m_rot": 3.583520865877762, "rpe_40m_trans": 2.6490636599462456, "rpe_40m_rot": 4.272828344273794, "rpe_48m_trans": 2.8411679894339956, "rpe_48m_rot": 4.400221069235358}