{"ape_trans": 0.08263370238716372, "ape_rot_deg": 1.4506009127948767, "rpe_8m_trans": 0.04552864178171591, "rpe_8m_rot": 1.036190005923062, "rpe_16m_trans": 0.0672331183364984, "rpe_16m_rot": 1.281523264095379, "rpe_24m_trans": 0.07958937497252754, "rpe_24m_rot": 1.5549223640303655, "rpe_32m_trans": 0.08702804422228726, "rpe_32m_rot": 1.8553374973955727, "rpe_40m_trans": 0.09678862450278912, "rpe_40m_rot": 2.1671591314956555, "rpe_48m_trans": 0.10616631519049917, "rpe_48m_rot": 2.317070882297296}