{"rmse": 0.15668441661164256, "mean": 0.14615937945141105, "median": 0.141761292385856, "std": 0.056457437130188734, "min": 0.035960235578659884, "max": 0.3515028504581809, "sse": 44.58281163861828}