{"rmse": 13.368742921043594, "mean": 13.327534167890091, "median": 13.109324184669534, "std": 1.0488661938853157, "min": 11.78740009978019, "max": 15.621939533818564, "sse": 560833.6755127353}