{"ape_trans": 0.47681553275645056, "ape_rot_deg": 1.9770289657592373, "rpe_8m_trans": 0.3176903438824907, "rpe_8m_rot": 1.41347269417114, "rpe_16m_trans": 0.5069568818595455, "rpe_16m_rot": 1.5711386961874976, "rpe_24m_trans": 0.6227540748066437, "rpe_24m_rot": 1.6984916005439936, "rpe_32m_trans": 0.735567299745078, "rpe_32m_rot": 1.7594786814311487, "rpe_40m_trans": 0.8335652917424025, "rpe_40m_rot": 1.9002002862829013, "rpe_48m_trans": 1.0167443315051636, "rpe_48m_rot": 1.9545475021051513}