{"ape_trans": 0.10651496204828072, "ape_rot_deg": 0.7337367451378932, "rpe_8m_trans": 0.14823191670821043, "rpe_8m_rot": 0.6158791092268872, "rpe_16m_trans": 0.18101890977289004, "rpe_16m_rot": 0.7055324886069909, "rpe_24m_trans": 0.1865587521343119, "rpe_24m_rot": 1.0003653038885647, "rpe_32m_trans": 0.12033993454338876, "rpe_32m_rot": 1.1021287211577204, "rpe_40m_trans": 0.192473249530004, "rpe_40m_rot": 1.309675647431493, "rpe_48m_trans": NaN, "rpe_48m_rot": NaN}