{"rmse_8m_trans": 0.17164210919299538, "rmse_8m_rot": 1.2100807385631336, "rmse_16m_trans": 0.24441795170332603, "rmse_16m_rot": 1.6130775108545863, "rmse_24m_trans": 0.28154551701387953, "rmse_24m_rot": 1.9081266116102338, "rmse_32m_trans": 0.35067988555096963, "rmse_32m_rot": 1.9949257627776236, "rmse_40m_trans": 0.33518557536514754, "rmse_40m_rot": 1.718276246133778, "rmse_48m_trans": 0.37357847330599614, "rmse_48m_rot": 1.8100258056201963}