{"ape_trans": 0.11245027498389909, "ape_rot_deg": 1.0669511989441927, "rpe_8m_trans": 0.0679279800172338, "rpe_8m_rot": 0.6807988776658944, "rpe_16m_trans": 0.1103112896037066, "rpe_16m_rot": 0.7511160627397232, "rpe_24m_trans": 0.15207250494103658, "rpe_24m_rot": 0.8303500336126775, "rpe_32m_trans": 0.18708503437784874, "rpe_32m_rot": 0.9201291071336949, "rpe_40m_trans": 0.220655700286513, "rpe_40m_rot": 0.9306136959718824, "rpe_48m_trans": 0.24365640893118765, "rpe_48m_rot": 1.019432522347339}