{"ape_trans": 1.6010703779104647, "ape_rot_deg": 17.65643124572618, "rpe_8m_trans": 2.5003166912306907, "rpe_8m_rot": 7.537758580263782, "rpe_16m_trans": 3.6672861412255053, "rpe_16m_rot": 11.684501870349706, "rpe_24m_trans": 4.78179880963983, "rpe_24m_rot": 16.158310008356214, "rpe_32m_trans": 4.775165118456687, "rpe_32m_rot": 17.439518239491473, "rpe_40m_trans": NaN, "rpe_40m_rot": NaN, "rpe_48m_trans": NaN, "rpe_48m_rot": NaN}