{"rmse": 0.7234689312991683, "mean": 0.47112932784566186, "median": 0.26608168765627926, "std": 0.5490395714325659, "min": 0.12317720779415245, "max": 2.1530785379804125, "sse": 207.26928864384368}