{"ape_trans": 0.1579791083314282, "ape_rot_deg": 1.4911584214067497, "rpe_8m_trans": 0.1691318218454468, "rpe_8m_rot": 0.7414767632008662, "rpe_16m_trans": 0.2598278249229434, "rpe_16m_rot": 1.0315493113880716, "rpe_24m_trans": 0.28706262595011006, "rpe_24m_rot": 1.2649182179077025, "rpe_32m_trans": 0.3777742110370772, "rpe_32m_rot": 1.6013515342785913, "rpe_40m_trans": 0.32897658758864945, "rpe_40m_rot": 1.8951004535468912, "rpe_48m_trans": 0.37944688842456686, "rpe_48m_rot": 2.2042727026763327}