{"std": 14.328366886334303, "rmse": 36.68132937896336, "sse": 278522.6244766562, "max": 78.803350724438, "min": 10.494383533358068, "median": 33.14680669347844, "mean": 33.767111623273316}