{"rmse": 0.1239824906408698, "mean": 0.0984252293559365, "median": 0.07984098079079247, "std": 0.07539318411994986, "min": 0.019969173511902496, "max": 0.36325714945793186, "sse": 19.30680242980479}