{"rmse": 0.04916113949647749, "mean": 0.04507073199849153, "median": 0.04432437723483396, "std": 0.019632797908404956, "min": 0.0023968920870828, "max": 0.11948606461112463, "sse": 3.298956073948242}