{"std": 0.08140912373063011, "rmse": 0.20065843790404922, "sse": 73.11907660300122, "max": 0.3487386058423481, "min": 0.01589507687707642, "median": 0.17230815254346438, "mean": 0.18340218994195284}