{"rmse": 16.507035303427497, "mean": 11.82759650842901, "median": 6.912456974894678, "std": 11.514780733578888, "min": 5.524792193618452, "max": 93.92703190515526, "sse": 341420.21477927786}