{"rmse": 26.839543485985942, "mean": 26.41892291938744, "median": 23.071890480839034, "std": 4.733033521494999, "min": 21.101306906388828, "max": 33.52463237453132, "sse": 1836920.7910671327}