{"ape_trans": 0.0749983023636383, "ape_rot_deg": 2.420246919491406, "rpe_8m_trans": 0.14467053562639118, "rpe_8m_rot": 0.8186723862244379, "rpe_16m_trans": 0.12820062568285298, "rpe_16m_rot": 1.0825005068177813, "rpe_24m_trans": 0.1537700085675905, "rpe_24m_rot": 1.0175223586240725, "rpe_32m_trans": 0.1665128228160654, "rpe_32m_rot": 0.9871130152191305, "rpe_40m_trans": 0.16421719270831786, "rpe_40m_rot": 0.9006995315059622, "rpe_48m_trans": 0.16415522988094924, "rpe_48m_rot": 1.1003543929244763}