{"std": 0.10178612490418816, "rmse": 0.2538289133375866, "sse": 56.9553396455878, "max": 0.48020445915658394, "min": 0.05614484070581512, "median": 0.22271093700129127, "mean": 0.23252677700241117}