{"ape_trans": 1.6041553442601717, "ape_rot_deg": 24.27583786370752, "rpe_8m_trans": 1.6122101375705633, "rpe_8m_rot": 5.934178672012171, "rpe_16m_trans": 2.670321822729952, "rpe_16m_rot": 11.987596806672844, "rpe_24m_trans": 3.1993463362222214, "rpe_24m_rot": 15.955457631044906, "rpe_32m_trans": 3.1166156087693904, "rpe_32m_rot": 18.659712447164132, "rpe_40m_trans": 3.0940925571939566, "rpe_40m_rot": 21.27154129513816, "rpe_48m_trans": NaN, "rpe_48m_rot": NaN}