{"std": 36.044529078206146, "rmse": 116.51226950240863, "sse": 73156262.10245964, "max": 161.13210361141998, "min": 83.00079402455582, "median": 84.99678891465574, "mean": 110.79666451717873}