{"std": 36.12703046628192, "rmse": 116.77863550191839, "sse": 73491138.68551895, "max": 161.4663641287689, "min": 83.09572837282788, "median": 85.18172261826734, "mean": 111.04993191973713}