{"ape_trans": 0.048243436956815954, "ape_rot_deg": 0.7684293000595283, "rpe_8m_trans": 0.05435812714635787, "rpe_8m_rot": 0.65820464181422, "rpe_16m_trans": 0.06461846591243765, "rpe_16m_rot": 0.8166505577972342, "rpe_24m_trans": 0.06447771850511942, "rpe_24m_rot": 1.0014384876814555, "rpe_32m_trans": 0.07762986520688481, "rpe_32m_rot": 1.174896870051573, "rpe_40m_trans": 0.08391814579335036, "rpe_40m_rot": 1.2852214221691212, "rpe_48m_trans": 0.09460325638765761, "rpe_48m_rot": 1.3543765009673827}