{"ape_trans": 0.17850868567870676, "ape_rot_deg": 2.308671486186525, "rpe_8m_trans": 0.1372060398097994, "rpe_8m_rot": 0.60732520657045, "rpe_16m_trans": 0.25335733422699036, "rpe_16m_rot": 0.6508058315702714, "rpe_24m_trans": 0.27365133127681907, "rpe_24m_rot": 0.5091057100489372, "rpe_32m_trans": 0.3283928765418499, "rpe_32m_rot": 0.6997294717972374, "rpe_40m_trans": 0.3513732086886939, "rpe_40m_rot": 0.7314232694735759, "rpe_48m_trans": 0.4130232427197876, "rpe_48m_rot": 0.5854256478287179}