{"rmse": 4.254789380714815, "mean": 4.219118538238547, "median": 4.1434194261972825, "std": 0.5497921739488436, "min": 3.274287033502926, "max": 5.4708989156112455, "sse": 30069.469471918557}