{"std": 0.11770397066783361, "rmse": 0.20465748352344004, "sse": 56.37678676665004, "max": 0.7172055906461563, "min": 0.017627986674722203, "median": 0.1517872399780285, "mean": 0.16742299976757344}