{"ape_trans": 0.08209140858795246, "ape_rot_deg": 6.424279068859896, "rpe_8m_trans": 0.3099675212404573, "rpe_8m_rot": 3.693107325657716, "rpe_16m_trans": 0.26892721465190633, "rpe_16m_rot": 3.05265914068627, "rpe_24m_trans": 0.3151522255896718, "rpe_24m_rot": 2.976101029133663, "rpe_32m_trans": 0.28227048586937253, "rpe_32m_rot": 3.300326048385958, "rpe_40m_trans": 0.29625374861382675, "rpe_40m_rot": 3.3575272552040643, "rpe_48m_trans": 0.39047798692764835, "rpe_48m_rot": 3.6024110164761485}