{"ape_trans": 1.6711963308802824, "ape_rot_deg": 5.8944992929206546, "rpe_8m_trans": 2.830694030842294, "rpe_8m_rot": 1.7239782112022497, "rpe_16m_trans": 2.9895842037999363, "rpe_16m_rot": 1.843983300057312, "rpe_24m_trans": 2.296214912458689, "rpe_24m_rot": 2.238519875554892, "rpe_32m_trans": 2.071687637545399, "rpe_32m_rot": 3.0326540756130567, "rpe_40m_trans": 2.2249718838901105, "rpe_40m_rot": 3.6476339177298738, "rpe_48m_trans": 2.400614427109093, "rpe_48m_rot": 4.158686690270566}