{"ape_trans": 0.13495193773911812, "ape_rot_deg": 11.727067518823416, "rpe_8m_trans": 0.17150113365013595, "rpe_8m_rot": 0.5465771744923628, "rpe_16m_trans": 0.27685435921776924, "rpe_16m_rot": 0.6345045263335314, "rpe_24m_trans": 0.3180522298096253, "rpe_24m_rot": 0.685086876929171, "rpe_32m_trans": 0.3178190026412613, "rpe_32m_rot": 0.5949027203889456, "rpe_40m_trans": NaN, "rpe_40m_rot": NaN, "rpe_48m_trans": NaN, "rpe_48m_rot": NaN}