{"rmse": 3.13391583729142, "mean": 3.1290645628035816, "median": 3.11336954247683, "std": 0.17430845370438883, "min": 2.775256156344184, "max": 3.6052950692039856, "sse": 9615.178477246238}