{"rmse": 9.395142379383117, "mean": 9.379118068436332, "median": 9.447652288298558, "std": 0.5484930147338216, "min": 8.11399778273776, "max": 10.51811433793082, "sse": 259951.32246855355}