{"ape_trans": 10.84966090968176, "ape_rot_deg": 41.61499080015595, "rpe_8m_trans": 1.2192232247523251, "rpe_8m_rot": 7.4938957219579905, "rpe_16m_trans": 1.695231608152497, "rpe_16m_rot": 14.152468728338665, "rpe_24m_trans": 3.158959490010427, "rpe_24m_rot": 19.780414537963917, "rpe_32m_trans": 30.84791808197748, "rpe_32m_rot": 99.30655510516085, "rpe_40m_trans": 32.59018524810911, "rpe_40m_rot": 106.28256453783021, "rpe_48m_trans": 32.52466194780578, "rpe_48m_rot": 113.42701586978083}