{"rmse": 74.26395221587164, "mean": 72.67963849043691, "median": 61.25129247263117, "std": 15.257940477687907, "min": 58.07493419901021, "max": 93.33466514597829, "sse": 6480283.153497486}