{"ape_trans": 0.09044022420829091, "ape_rot_deg": 5.519080773022227, "rpe_8m_trans": 0.2783925731227165, "rpe_8m_rot": 3.6839919245492343, "rpe_16m_trans": 0.2899669349727638, "rpe_16m_rot": 3.202671050170074, "rpe_24m_trans": 0.3105070751497637, "rpe_24m_rot": 2.9020540029165898, "rpe_32m_trans": 0.27462548324677327, "rpe_32m_rot": 3.163875165951123, "rpe_40m_trans": 0.2948924657358138, "rpe_40m_rot": 3.129405741545703, "rpe_48m_trans": 0.35932323305094926, "rpe_48m_rot": 3.3414019821501766}