{"ape_trans": 5.82057587512692, "ape_rot_deg": 16.50754121826189, "rpe_8m_trans": 0.03470575549272594, "rpe_8m_rot": 1.0043743641071108, "rpe_16m_trans": 5.0147281199967635, "rpe_16m_rot": 5.366352962543194, "rpe_24m_trans": 6.6358266614656, "rpe_24m_rot": 7.657613539477475, "rpe_32m_trans": 7.967829805999756, "rpe_32m_rot": 8.966666028388843, "rpe_40m_trans": 9.406731992737285, "rpe_40m_rot": 10.696457953480738, "rpe_48m_trans": 11.011566250403918, "rpe_48m_rot": 12.586815061678594}