{"ape_trans": 2.2033329876928014, "ape_rot_deg": 61.083713924090304, "rpe_8m_trans": 2.1843366504999446, "rpe_8m_rot": 53.59152504689161, "rpe_16m_trans": 2.7019573027855452, "rpe_16m_rot": 57.27074847926966, "rpe_24m_trans": 2.485172672061879, "rpe_24m_rot": 68.59475881164583, "rpe_32m_trans": 2.790581517506449, "rpe_32m_rot": 71.59255009777603, "rpe_40m_trans": 3.4455529925983823, "rpe_40m_rot": 81.22701676998383, "rpe_48m_trans": 3.818059367699054, "rpe_48m_rot": 90.19856283991753}