{"ape_trans": 0.18696689260307928, "ape_rot_deg": 6.214401304966987, "rpe_8m_trans": 0.1751613342401161, "rpe_8m_rot": 2.2260361189873263, "rpe_16m_trans": 0.21017285719782805, "rpe_16m_rot": 3.116501799025283, "rpe_24m_trans": 0.2534113485482981, "rpe_24m_rot": 4.000464781528701, "rpe_32m_trans": 0.3101848842053803, "rpe_32m_rot": 4.704286278632578, "rpe_40m_trans": 0.3492703589595648, "rpe_40m_rot": 4.865427303028585, "rpe_48m_trans": 0.3925584508882141, "rpe_48m_rot": 5.549387135376629}