{"rmse": 0.19501352352676707, "mean": 0.17066488608752903, "median": 0.15477714604611176, "std": 0.0943597955437361, "min": 0.024876423421742396, "max": 0.4478219738392238, "sse": 49.74359886068902}