{"std": 0.12248338751356512, "rmse": 0.26812570466120556, "sse": 78.36161891507415, "max": 0.5499701887234816, "min": 0.052924378994061924, "median": 0.20556984763594077, "mean": 0.2385145976314025}