{"rmse": 1.6933220994404723, "mean": 1.5269890840135747, "median": 1.418020456840856, "std": 0.7318770865089796, "min": 0.1909839643554832, "max": 3.578097596675855, "sse": 3082.3902123875005}