{"ape_trans": 3.541259374783831, "ape_rot_deg": 11.529494572941744, "rpe_8m_trans": 2.7254043112052253, "rpe_8m_rot": 5.394431072342344, "rpe_16m_trans": 3.978001355133803, "rpe_16m_rot": 8.354645057831604, "rpe_24m_trans": 4.638937310209747, "rpe_24m_rot": 9.169327727768662, "rpe_32m_trans": 4.989356342598054, "rpe_32m_rot": 10.537042010340102, "rpe_40m_trans": 5.171898170645418, "rpe_40m_rot": 11.392635072185099, "rpe_48m_trans": 5.391910438580124, "rpe_48m_rot": 9.049425051056392}