{"rmse": 0.10041652301623605, "mean": 0.08290782825147473, "median": 0.06509823794885826, "std": 0.056654833062098335, "min": 0.015100490865035798, "max": 0.2072627621983141, "sse": 12.755599789757884}