{"ape_trans": 1.9249010759290541, "ape_rot_deg": 16.14039111578325, "rpe_8m_trans": 2.577119096201485, "rpe_8m_rot": 7.926391041133466, "rpe_16m_trans": 4.713802847112468, "rpe_16m_rot": 14.61893669473665, "rpe_24m_trans": 5.962984553523442, "rpe_24m_rot": 20.462015056353543, "rpe_32m_trans": 6.009027387126258, "rpe_32m_rot": 21.782898978133733, "rpe_40m_trans": NaN, "rpe_40m_rot": NaN, "rpe_48m_trans": NaN, "rpe_48m_rot": NaN}