{"rmse": 0.2822486353175649, "mean": 0.271337719548495, "median": 0.25869145804286897, "std": 0.07771829957513232, "min": 0.09779776701084092, "max": 0.4762395275999367, "sse": 150.5655121420064}