{"rmse_8m_trans": 0.24180795606693045, "rmse_8m_rot": 1.9417534850265352, "rmse_16m_trans": 0.3651492108741979, "rmse_16m_rot": 2.3126084431682066, "rmse_24m_trans": 0.43890990040537525, "rmse_24m_rot": 2.8312132901126166, "rmse_32m_trans": 0.5261484091127799, "rmse_32m_rot": 3.272607118183765, "rmse_40m_trans": 0.5965053287393783, "rmse_40m_rot": 3.5721096047452097, "rmse_48m_trans": 0.7187413466937952, "rmse_48m_rot": 4.256048357981228}