{"rmse": 74.31589732373759, "mean": 72.73047994478281, "median": 61.29365547323797, "std": 15.268591357222578, "min": 58.11731513591829, "max": 93.40031318511203, "sse": 6489351.7991629625}