{"rmse": 0.9576294689232578, "mean": 0.8469214730239325, "median": 0.9199346835911264, "std": 0.44696556722102543, "min": 0.09811935849096765, "max": 1.880562734877622, "sse": 1270.1200666540835}