{"ape_trans": 3.3970976508058803, "ape_rot_deg": 18.847970322185084, "rpe_8m_trans": 1.0307951092352987, "rpe_8m_rot": 1.0799473581933126, "rpe_16m_trans": 3.609405665822276, "rpe_16m_rot": 2.60361828557048, "rpe_24m_trans": 4.502800301248884, "rpe_24m_rot": 3.2015336582506624, "rpe_32m_trans": 5.353957459749964, "rpe_32m_rot": 3.7416719653501245, "rpe_40m_trans": 6.133253099383699, "rpe_40m_rot": 4.293281825802321, "rpe_48m_trans": 6.54207498389834, "rpe_48m_rot": 4.781659494232208}