{"ape_trans": 0.11007791302568172, "ape_rot_deg": 2.38419209671087, "rpe_8m_trans": 0.12525681018892312, "rpe_8m_rot": 1.9931131064719507, "rpe_16m_trans": 0.20013951707725275, "rpe_16m_rot": 3.3890899374701218, "rpe_24m_trans": 0.329873548403378, "rpe_24m_rot": 5.013750143185754, "rpe_32m_trans": 0.3310996040309648, "rpe_32m_rot": 7.189641775766917, "rpe_40m_trans": 0.2823425684661263, "rpe_40m_rot": 8.36792298572059, "rpe_48m_trans": NaN, "rpe_48m_rot": NaN}