{"ape_trans": 13.014637675118836, "ape_rot_deg": 38.55964469626964, "rpe_8m_trans": 2.85513476320269, "rpe_8m_rot": 3.1038497659702537, "rpe_16m_trans": 5.997437868375928, "rpe_16m_rot": 4.912534986314596, "rpe_24m_trans": 10.890048898165789, "rpe_24m_rot": 5.494363379785241, "rpe_32m_trans": 16.08115180127156, "rpe_32m_rot": 6.116903832332301, "rpe_40m_trans": 21.669282624498074, "rpe_40m_rot": 7.374266357493204, "rpe_48m_trans": 24.230348928763398, "rpe_48m_rot": 8.971211491587981}