{"rmse": 0.10097152173130844, "mean": 0.09248142616397036, "median": 0.09233391971415822, "std": 0.04052695418377983, "min": 0.006966673660059063, "max": 0.16361800648652441, "sse": 12.876598477529686}