{"ape_trans": 16.503969712140336, "ape_rot_deg": 123.156929677331, "rpe_8m_trans": 3.6050063568678725, "rpe_8m_rot": 1.5405852259316777, "rpe_16m_trans": 7.777089143774398, "rpe_16m_rot": 1.93910200296876, "rpe_24m_trans": 13.702405008723833, "rpe_24m_rot": 3.83945029595944, "rpe_32m_trans": 18.412896601785175, "rpe_32m_rot": 5.146494679823331, "rpe_40m_trans": 22.587377424212132, "rpe_40m_rot": 5.7565261390727285, "rpe_48m_trans": 26.934766986515424, "rpe_48m_rot": 6.318126796733814}