{"rmse": 0.1958221559356879, "mean": 0.1783336454942316, "median": 0.1620114291175162, "std": 0.08089145591493942, "min": 0.016682173627613015, "max": 0.4667669784785489, "sse": 65.9940111358728}