{"rmse": 4.045000184322476, "mean": 4.008210073539635, "median": 3.9828535434102332, "std": 0.5443147045085821, "min": 3.0053378663265216, "max": 5.25391650518531, "sse": 27177.326001831483}