{"rmse": 1.473492312240321, "mean": 1.4720931763637979, "median": 1.4788953623667054, "std": 0.06419715207445564, "min": 1.3052013546456456, "max": 1.678930207581226, "sse": 2064.791794113992}