{"ape_trans": 0.15779600796635487, "ape_rot_deg": 4.309966052876918, "rpe_8m_trans": 0.13074422285425472, "rpe_8m_rot": 2.279657649061027, "rpe_16m_trans": 0.17701211702478958, "rpe_16m_rot": 2.8456201952139333, "rpe_24m_trans": 0.22681215410019578, "rpe_24m_rot": 3.7587788617231457, "rpe_32m_trans": 0.2241491195155256, "rpe_32m_rot": 4.760143822308002, "rpe_40m_trans": 0.2731301549031549, "rpe_40m_rot": 5.798350084477373, "rpe_48m_trans": 0.3400951752285234, "rpe_48m_rot": 7.039373434029026}