{"rmse": 3.0133562367683058, "mean": 2.4849581756571295, "median": 2.013561756467736, "std": 1.7044936711250174, "min": 0.354282879492379, "max": 10.061884463765342, "sse": 8726.1834930933}