{"ape_trans": 1.5911290344299898, "ape_rot_deg": 7.469664408556524, "rpe_8m_trans": 2.523497943240091, "rpe_8m_rot": 2.4833890700104493, "rpe_16m_trans": 2.8111333916275267, "rpe_16m_rot": 3.069213141578855, "rpe_24m_trans": 2.2995776629704676, "rpe_24m_rot": 4.046699974514135, "rpe_32m_trans": 2.1976273474651737, "rpe_32m_rot": 5.342686239177868, "rpe_40m_trans": 2.6882007604431064, "rpe_40m_rot": 6.131441516293135, "rpe_48m_trans": 2.4975318950267584, "rpe_48m_rot": 6.882878039732258}