{"std": 0.20775572084167165, "rmse": 0.4082625291809263, "sse": 75.50526660814265, "max": 0.8342076594661626, "min": 0.030997266892505225, "median": 0.3079226947535947, "mean": 0.35144822263139147}