{"rmse": 0.2332959195311273, "mean": 0.2121725963822205, "median": 0.1796533219095358, "std": 0.0970039968985897, "min": 0.03809552603552882, "max": 0.4669373631957885, "sse": 97.26102410686525}