{"ape_trans": 0.19752113150055114, "ape_rot_deg": 3.1601338440804545, "rpe_8m_trans": 0.1655754376250725, "rpe_8m_rot": 1.068615275633183, "rpe_16m_trans": 0.2450025968306726, "rpe_16m_rot": 1.2052992874100894, "rpe_24m_trans": 0.31024627842665986, "rpe_24m_rot": 1.4279896792735927, "rpe_32m_trans": 0.3570215674198496, "rpe_32m_rot": 1.6892223596594091, "rpe_40m_trans": 0.34534316639148677, "rpe_40m_rot": 1.900965405627701, "rpe_48m_trans": 0.31976597976419524, "rpe_48m_rot": 2.1927857962890522}