{"ape_trans": 0.27452967314793547, "ape_rot_deg": 0.8921249414072476, "rpe_8m_trans": 0.2255578200654367, "rpe_8m_rot": 0.5934113455417206, "rpe_16m_trans": 0.35854099220806, "rpe_16m_rot": 0.6660179632518688, "rpe_24m_trans": 0.3767486527269255, "rpe_24m_rot": 0.8126108982005908, "rpe_32m_trans": 0.42668709131793336, "rpe_32m_rot": 0.8893055398157357, "rpe_40m_trans": 0.47198771984052373, "rpe_40m_rot": 1.077208579233828, "rpe_48m_trans": 0.5672694419102357, "rpe_48m_rot": 1.185451258253633}