{"ape_trans": 0.8625283151416591, "ape_rot_deg": 105.19296232772966, "rpe_8m_trans": 1.000967838809625, "rpe_8m_rot": 0.8066092374817405, "rpe_16m_trans": 1.7933893573511626, "rpe_16m_rot": 0.9262280275290193, "rpe_24m_trans": 2.3835080186759883, "rpe_24m_rot": 0.9867715267405411, "rpe_32m_trans": 2.410398110098067, "rpe_32m_rot": 1.0331566496458255, "rpe_40m_trans": 2.4358462966087084, "rpe_40m_rot": 0.894773039850968, "rpe_48m_trans": NaN, "rpe_48m_rot": NaN}