{"rmse_8m_trans": 0.16143078275643397, "rmse_8m_rot": 1.2839425106530806, "rmse_16m_trans": 0.2258261491518596, "rmse_16m_rot": 1.7682318600974662, "rmse_24m_trans": 0.25335980974500183, "rmse_24m_rot": 2.136262912891663, "rmse_32m_trans": 0.33198581889672446, "rmse_32m_rot": 2.2523277202389544, "rmse_40m_trans": 0.3230137001056503, "rmse_40m_rot": 2.0854720236206172, "rmse_48m_trans": 0.36064653815592757, "rmse_48m_rot": 2.286240354196342}