{"ape_trans": 2.8964232900727116, "ape_rot_deg": 26.668861222180226, "rpe_8m_trans": 1.3971184304460917, "rpe_8m_rot": 0.8781657445288883, "rpe_16m_trans": 2.885397784158286, "rpe_16m_rot": 1.1906228866734183, "rpe_24m_trans": 3.6916042515921372, "rpe_24m_rot": 1.5298264755981121, "rpe_32m_trans": 4.45470323426294, "rpe_32m_rot": 1.823230744035393, "rpe_40m_trans": 5.277031686427972, "rpe_40m_rot": 2.150517739862564, "rpe_48m_trans": 5.821430032499602, "rpe_48m_rot": 2.195165585780382}