{"ape_trans": 0.1280146588519646, "ape_rot_deg": 2.195476396402642, "rpe_8m_trans": 0.13238879193731426, "rpe_8m_rot": 0.5994727079852061, "rpe_16m_trans": 0.25223361563532454, "rpe_16m_rot": 0.6230872638944753, "rpe_24m_trans": 0.2442595562313904, "rpe_24m_rot": 0.5370468261759008, "rpe_32m_trans": 0.2877464239456173, "rpe_32m_rot": 0.5767535670699472, "rpe_40m_trans": 0.3047808816186572, "rpe_40m_rot": 0.5991282397153826, "rpe_48m_trans": 0.3285970468403158, "rpe_48m_rot": 0.527147967576652}