{"ape_trans": 13.729151051196418, "ape_rot_deg": 67.7611891821432, "rpe_8m_trans": 1.2152359133853399, "rpe_8m_rot": 1.1325387984350213, "rpe_16m_trans": 1.2522476346572293, "rpe_16m_rot": 1.139176956984558, "rpe_24m_trans": 1.4805388752451474, "rpe_24m_rot": 1.3297920852601417, "rpe_32m_trans": 14.874099345020227, "rpe_32m_rot": 8.003486021049273, "rpe_40m_trans": 21.14987778720029, "rpe_40m_rot": 11.335258694660364, "rpe_48m_trans": 25.18179837890511, "rpe_48m_rot": 13.38671564630796}