{"ape_trans": 1.202361091911786, "ape_rot_deg": 111.08688756105315, "rpe_8m_trans": 1.2166856325458897, "rpe_8m_rot": 0.7059665748555322, "rpe_16m_trans": 2.295958116140926, "rpe_16m_rot": 0.6778973593847025, "rpe_24m_trans": 3.083353916402379, "rpe_24m_rot": 0.7582383362209327, "rpe_32m_trans": 3.1068617134665595, "rpe_32m_rot": 0.8414173587715201, "rpe_40m_trans": 3.1252734888711307, "rpe_40m_rot": 0.7081997100887018, "rpe_48m_trans": NaN, "rpe_48m_rot": NaN}