{"ape_trans": 0.042266693304405176, "ape_rot_deg": 0.8133377925096076, "rpe_8m_trans": 0.04423443372584418, "rpe_8m_rot": 0.7697511494195854, "rpe_16m_trans": 0.04911049180953999, "rpe_16m_rot": 0.905562563650883, "rpe_24m_trans": 0.05827199080864614, "rpe_24m_rot": 1.0020713977198752, "rpe_32m_trans": 0.07001202962193782, "rpe_32m_rot": 1.0495581115565424, "rpe_40m_trans": 0.0850764591774687, "rpe_40m_rot": 0.8816634867682984, "rpe_48m_trans": 0.10383066624085827, "rpe_48m_rot": 0.6609790838250164}