{"ape_trans": 0.12225557460216144, "ape_rot_deg": 1.0495835059913952, "rpe_8m_trans": 0.09300597661783552, "rpe_8m_rot": 1.027395745563014, "rpe_16m_trans": 0.10221513860629587, "rpe_16m_rot": 1.1961643639306352, "rpe_24m_trans": 0.11971056038832965, "rpe_24m_rot": 1.3810839282145457, "rpe_32m_trans": 0.14119960219954283, "rpe_32m_rot": 1.6178465996910858, "rpe_40m_trans": 0.14776687970408708, "rpe_40m_rot": 1.8164255545885994, "rpe_48m_trans": 0.14160812286620156, "rpe_48m_rot": 1.9269756439642516}