{"rmse": 1.6825336988873607, "mean": 1.6718248071190505, "median": 1.5842043595600037, "std": 0.18952958131366504, "min": 1.3633381815990075, "max": 2.2176317892652393, "sse": 1908.0398426789275}