{"rmse": 0.1917125091665261, "mean": 0.16984489672882505, "median": 0.14069617613253266, "std": 0.08891792409913818, "min": 0.03721868777348295, "max": 0.3816251191211067, "sse": 84.86426136866663}