{"rmse": 0.06972346033305615, "mean": 0.06416224843507487, "median": 0.061218589152909786, "std": 0.027286751301153257, "min": 0.006843119445100037, "max": 0.13698418236840326, "sse": 6.130176121148037}