{"std": 0.35641086394791993, "rmse": 0.9900146736351528, "sse": 477.32284930429114, "max": 2.070564460198037, "min": 0.08092384192334956, "median": 0.9502830954337773, "mean": 0.923634316205724}