{"rmse": 0.12225585578407458, "mean": 0.09856216616454481, "median": 0.07559716272547992, "std": 0.07233252155461677, "min": 0.01430395260821607, "max": 0.3290116439446187, "sse": 18.757850313238034}