{"ape_trans": 0.2908841698929246, "ape_rot_deg": 5.60181361297923, "rpe_8m_trans": 0.19221013572846984, "rpe_8m_rot": 1.806485490020665, "rpe_16m_trans": 0.33321108081449347, "rpe_16m_rot": 3.23267761165727, "rpe_24m_trans": 0.45766892001860543, "rpe_24m_rot": 4.683608058956187, "rpe_32m_trans": 0.5739015438181192, "rpe_32m_rot": 6.406749604807421, "rpe_40m_trans": 0.53212138960029, "rpe_40m_rot": 7.800449687636271, "rpe_48m_trans": 0.6267515545181973, "rpe_48m_rot": 9.297896067758703}