{"ape_trans": 0.2129265604799821, "ape_rot_deg": 7.480765933846566, "rpe_8m_trans": 0.09563498586482409, "rpe_8m_rot": 0.7712038039819872, "rpe_16m_trans": 0.13817740121415661, "rpe_16m_rot": 0.8708880705056655, "rpe_24m_trans": 0.17679800667813586, "rpe_24m_rot": 0.997689744454383, "rpe_32m_trans": 0.21916360480623437, "rpe_32m_rot": 1.197434670204937, "rpe_40m_trans": 0.26535362153095526, "rpe_40m_rot": 1.3266471347866933, "rpe_48m_trans": 0.32107948181227847, "rpe_48m_rot": 1.4460081706365333}