{"std": 0.058866212649286466, "rmse": 0.11949567157652567, "sse": 16.064117466215496, "max": 0.26677596890272454, "min": 0.02070458531704798, "median": 0.08071865347395582, "mean": 0.10399030980747136}