{"rmse": 0.10658797441897302, "mean": 0.08767769134250857, "median": 0.0622747559058442, "std": 0.0606103846843711, "min": 0.014069368765414267, "max": 0.24108834431452253, "sse": 12.167627027382164}