{"ape_trans": 0.9039156065291186, "ape_rot_deg": 12.81915002175373, "rpe_8m_trans": 0.6806033427083354, "rpe_8m_rot": 0.6049519063055613, "rpe_16m_trans": 1.0727249212319294, "rpe_16m_rot": 0.7272969442805608, "rpe_24m_trans": 1.3706094745697601, "rpe_24m_rot": 0.8048991305948349, "rpe_32m_trans": 1.6858383635157834, "rpe_32m_rot": 0.8572146983643091, "rpe_40m_trans": 1.8694738798785464, "rpe_40m_rot": 0.9422989752371612, "rpe_48m_trans": 1.8728213787346473, "rpe_48m_rot": 0.873520346360309}