{"rmse": 0.11249416499471401, "mean": 0.10375324001848153, "median": 0.10154230617210155, "std": 0.043476457347917656, "min": 0.010860581569094922, "max": 0.22841823426185512, "sse": 17.43850340352824}