{"rmse": 0.09052594168023607, "mean": 0.07687851171517963, "median": 0.0662153809791064, "std": 0.04779791369455879, "min": 0.014561713231345717, "max": 0.2085316422468976, "sse": 10.29285232306944}