{"ape_trans": 3.5731474530732834, "ape_rot_deg": 17.800852120525864, "rpe_8m_trans": 2.17444826857631, "rpe_8m_rot": 6.115999182655954, "rpe_16m_trans": 4.345190194043925, "rpe_16m_rot": 9.82484196820051, "rpe_24m_trans": 5.513764108864195, "rpe_24m_rot": 13.333343928798689, "rpe_32m_trans": 6.511944687734225, "rpe_32m_rot": 18.20477252063617, "rpe_40m_trans": 9.38674817202328, "rpe_40m_rot": 21.537016054882162, "rpe_48m_trans": 11.864599865697322, "rpe_48m_rot": 24.33003275653689}