{"ape_trans": 0.07561097725126728, "ape_rot_deg": 2.814700727451746, "rpe_8m_trans": 0.1478542285843761, "rpe_8m_rot": 0.8100963066309133, "rpe_16m_trans": 0.12749208287388705, "rpe_16m_rot": 1.1108105427305972, "rpe_24m_trans": 0.14463636465838967, "rpe_24m_rot": 1.2627291094063782, "rpe_32m_trans": 0.14472340930992644, "rpe_32m_rot": 1.4597470496819338, "rpe_40m_trans": 0.16189933473299084, "rpe_40m_rot": 1.52163847276528, "rpe_48m_trans": 0.16108524539971994, "rpe_48m_rot": 1.9824082194152037}