{"std": 0.6740930932658342, "rmse": 1.3170237596979975, "sse": 2390.2120822132692, "max": 2.803429709803018, "min": 0.07744461121757441, "median": 0.9677318193615535, "mean": 1.131437176877421}