{"ape_trans": 0.042184587489318866, "ape_rot_deg": 1.6818172995295444, "rpe_8m_trans": 0.0304524613951723, "rpe_8m_rot": 0.7812309002346823, "rpe_16m_trans": 0.042606145035200396, "rpe_16m_rot": 1.1045130305481672, "rpe_24m_trans": 0.052062309870717055, "rpe_24m_rot": 1.3136258779462118, "rpe_32m_trans": 0.05725875138394509, "rpe_32m_rot": 1.4260236190610345, "rpe_40m_trans": 0.06164896198536706, "rpe_40m_rot": 1.6354147912251418, "rpe_48m_trans": 0.06594086451700773, "rpe_48m_rot": 1.865743557587251}