{"ape_trans": 0.15800380535365163, "ape_rot_deg": 3.5598010641500446, "rpe_8m_trans": 0.058877902353825486, "rpe_8m_rot": 1.1573032073802998, "rpe_16m_trans": 0.093240606420602, "rpe_16m_rot": 1.5891214641698557, "rpe_24m_trans": 0.11594452156480857, "rpe_24m_rot": 2.1582677440299403, "rpe_32m_trans": 0.13883180124569555, "rpe_32m_rot": 2.7762777898548565, "rpe_40m_trans": 0.16141730790007358, "rpe_40m_rot": 3.3474889326358355, "rpe_48m_trans": 0.18368151091505933, "rpe_48m_rot": 3.9483460233982526}