{"ape_trans": 0.12420011809075784, "ape_rot_deg": 2.4217246914026, "rpe_8m_trans": 0.11566047726727714, "rpe_8m_rot": 1.3541570054335783, "rpe_16m_trans": 0.1435924183697182, "rpe_16m_rot": 1.4766786883663459, "rpe_24m_trans": 0.16848445312635826, "rpe_24m_rot": 1.8300464412510897, "rpe_32m_trans": 0.20323572049970376, "rpe_32m_rot": 2.2590517020068686, "rpe_40m_trans": 0.21842900212229902, "rpe_40m_rot": 2.609415220731021, "rpe_48m_trans": 0.2392583328631038, "rpe_48m_rot": 3.088161011500164}