{"ape_trans": 0.3271217826806926, "ape_rot_deg": 1.2580420194834887, "rpe_8m_trans": 0.2008308589384094, "rpe_8m_rot": 0.5206290044110258, "rpe_16m_trans": 0.20745772804691115, "rpe_16m_rot": 0.6949058810936694, "rpe_24m_trans": 0.2740394429875555, "rpe_24m_rot": 0.7632028027945631, "rpe_32m_trans": 0.2957766680446085, "rpe_32m_rot": 0.7980606248817023, "rpe_40m_trans": 0.3443353104491566, "rpe_40m_rot": 1.0131334289849059, "rpe_48m_trans": 0.382109017662267, "rpe_48m_rot": 1.106366657025381}