{"rmse": 5.534803462424857, "mean": 5.52643610563208, "median": 5.495424458122148, "std": 0.3042258010693871, "min": 4.775520266768506, "max": 6.1726583176920995, "sse": 14857.51394332004}