{"ape_trans": 0.2396705935150578, "ape_rot_deg": 8.46808661811229, "rpe_8m_trans": 0.10426369526403705, "rpe_8m_rot": 0.8076387921971347, "rpe_16m_trans": 0.15102007958873198, "rpe_16m_rot": 0.9810951855567197, "rpe_24m_trans": 0.19499712032462163, "rpe_24m_rot": 1.2283488756721481, "rpe_32m_trans": 0.24205292113096383, "rpe_32m_rot": 1.5428759382259267, "rpe_40m_trans": 0.2983669986578784, "rpe_40m_rot": 1.8129080075474113, "rpe_48m_trans": 0.3662536622146147, "rpe_48m_rot": 2.089357516202804}