{"rmse": 82464.76633030381, "mean": 45627.45688823475, "median": 25198.839918618567, "std": 68691.86897896933, "min": 22729.206783259695, "max": 458310.56784665986, "sse": 14240116514298.912}