{"rmse": 1.7841307462376208, "mean": 1.731248494242804, "median": 1.4721065130459594, "std": 0.4311625805336464, "min": 1.2479238832695, "max": 2.5119313868396724, "sse": 1760.2667533777367}