{"rmse": 1.4740542787155242, "mean": 1.4726554101719618, "median": 1.4794217416989364, "std": 0.06420326697914307, "min": 1.3057653646932899, "max": 1.6795414629406857, "sse": 2066.3670517861665}