{"rmse": 1.7082042587412474, "mean": 1.6140259107285018, "median": 1.564162677684886, "std": 0.5593586944696268, "min": 0.0863860131285098, "max": 2.9400773405909373, "sse": 4362.352875424693}