{"rmse": 0.14291922905796248, "mean": 0.13623759158517568, "median": 0.1270591698191797, "std": 0.04318824693818003, "min": 0.0473431841709363, "max": 0.25756596654574326, "sse": 28.269453951778925}