{"rmse": 5.818001216700996, "mean": 5.074972243408617, "median": 4.742602451300136, "std": 2.8449595579140263, "min": 0.38706552610049, "max": 10.556024710293437, "sse": 43970.03046663701}