{"ape_trans": 0.061368703830269856, "ape_rot_deg": 2.927146647323362, "rpe_8m_trans": 0.03500686037771162, "rpe_8m_rot": 0.9157964697907044, "rpe_16m_trans": 0.04773699053495124, "rpe_16m_rot": 1.357807452197182, "rpe_24m_trans": 0.05938014501681375, "rpe_24m_rot": 1.864088195895465, "rpe_32m_trans": 0.07404821486400703, "rpe_32m_rot": 2.39090534873535, "rpe_40m_trans": 0.09423323000635837, "rpe_40m_rot": 2.8991719274850385, "rpe_48m_trans": 0.1005772558033124, "rpe_48m_rot": 3.357192805748422}