{"ape_trans": 0.2074917699360593, "ape_rot_deg": 5.44541782199931, "rpe_8m_trans": 0.1764910221035136, "rpe_8m_rot": 1.9578371973327768, "rpe_16m_trans": 0.22867578569804276, "rpe_16m_rot": 2.660500343032822, "rpe_24m_trans": 0.2859463677774983, "rpe_24m_rot": 3.292645198205164, "rpe_32m_trans": 0.35340026721436446, "rpe_32m_rot": 3.4893464802479532, "rpe_40m_trans": 0.41400569538537246, "rpe_40m_rot": 3.1418911609546685, "rpe_48m_trans": 0.46297873861012245, "rpe_48m_rot": 3.5001072120217587}