{"ape_trans": 0.5890581406085218, "ape_rot_deg": 80.2888430747402, "rpe_8m_trans": 0.7381410853486243, "rpe_8m_rot": 0.7144242214456991, "rpe_16m_trans": 1.2582495325418959, "rpe_16m_rot": 0.6515862548545239, "rpe_24m_trans": 1.626315553386612, "rpe_24m_rot": 0.7006330919308813, "rpe_32m_trans": 1.6419538927198836, "rpe_32m_rot": 0.8152684977515565, "rpe_40m_trans": 1.6483484755873914, "rpe_40m_rot": 0.4601493560842691, "rpe_48m_trans": NaN, "rpe_48m_rot": NaN}