{"ape_trans": 0.9830557020849611, "ape_rot_deg": 21.2567260523238, "rpe_8m_trans": 0.9247304691074529, "rpe_8m_rot": 2.738817212726225, "rpe_16m_trans": 1.4041655133060524, "rpe_16m_rot": 4.056066604395617, "rpe_24m_trans": 1.7840840411037444, "rpe_24m_rot": 5.278560495838079, "rpe_32m_trans": 1.8822127142470624, "rpe_32m_rot": 6.049962126176686, "rpe_40m_trans": 1.9568457497104534, "rpe_40m_rot": 6.533183954786948, "rpe_48m_trans": 1.9650071292102174, "rpe_48m_rot": 6.722373721903015}