{"std": 0.055109370500917416, "rmse": 0.2122736516117648, "sse": 62.363182785332576, "max": 0.356913214194584, "min": 0.09046615000298439, "median": 0.192967932091622, "mean": 0.20499526933952772}