{"ape_trans": 52806029.42043447, "ape_rot_deg": 89.9213808231115, "rpe_8m_trans": 0.0382885536125862, "rpe_8m_rot": 0.5477902520373952, "rpe_16m_trans": 0.03779488443550215, "rpe_16m_rot": 0.6536084643762572, "rpe_24m_trans": 0.03587976209190485, "rpe_24m_rot": 0.765474486209693, "rpe_32m_trans": 0.04367821956251918, "rpe_32m_rot": 0.9334209939196736, "rpe_40m_trans": 0.050291756976292505, "rpe_40m_rot": 1.135558683187042, "rpe_48m_trans": 0.05270166230023439, "rpe_48m_rot": 1.4322664326857355}