{"std": 0.5693335270456403, "rmse": 1.358264342909457, "sse": 749.0221022390191, "max": 2.523561214586788, "min": 0.131521374901782, "median": 1.1692002826822625, "mean": 1.2331834252052816}