{"ape_trans": 0.7634605597251902, "ape_rot_deg": 8.548974867233293, "rpe_8m_trans": 1.4738879820232542, "rpe_8m_rot": 3.1111822145671457, "rpe_16m_trans": 1.6484655353334532, "rpe_16m_rot": 3.59184499135942, "rpe_24m_trans": 2.363836858628647, "rpe_24m_rot": 4.689738643511052, "rpe_32m_trans": NaN, "rpe_32m_rot": NaN, "rpe_40m_trans": NaN, "rpe_40m_rot": NaN, "rpe_48m_trans": NaN, "rpe_48m_rot": NaN}