{"rmse": 0.4136074200801508, "mean": 0.41060165752822575, "median": 0.4160896086766831, "std": 0.04977325366531672, "min": 0.23891135051528137, "max": 0.49440107922363025, "sse": 178.25608405906334}