{"ape_trans": 2.249481456383643, "ape_rot_deg": 6.611722586624491, "rpe_8m_trans": 1.2728565994133338, "rpe_8m_rot": 1.7634609282902727, "rpe_16m_trans": 2.323561402152049, "rpe_16m_rot": 3.018844404110034, "rpe_24m_trans": 2.926232070470898, "rpe_24m_rot": 3.8572692784378155, "rpe_32m_trans": 3.66707829283264, "rpe_32m_rot": 4.806699636070376, "rpe_40m_trans": 4.2627015380080655, "rpe_40m_rot": 5.592458930602159, "rpe_48m_trans": 4.496440674997698, "rpe_48m_rot": 5.990896499017404}