{"rmse": 0.18705089909374117, "mean": 0.16640935043788005, "median": 0.14445806793225258, "std": 0.08541643248590856, "min": 0.01405887048501154, "max": 0.3749082661925825, "sse": 34.708134540962725}