{"ape_trans": 2.183951102156916, "ape_rot_deg": 10.797307162296613, "rpe_8m_trans": 1.295565650873662, "rpe_8m_rot": 1.0704137018904583, "rpe_16m_trans": 2.10239089321984, "rpe_16m_rot": 1.4985341335481515, "rpe_24m_trans": 2.473061349636962, "rpe_24m_rot": 1.5755256787864347, "rpe_32m_trans": 2.948891549404369, "rpe_32m_rot": 1.8120243069416695, "rpe_40m_trans": 3.495587886813244, "rpe_40m_rot": 2.016600772311675, "rpe_48m_trans": 4.114484493040172, "rpe_48m_rot": 2.1894388410630055}