{"ape_trans": 0.19049731268205702, "ape_rot_deg": 1.5369134431373155, "rpe_8m_trans": 0.16613205748422166, "rpe_8m_rot": 0.7785502865054172, "rpe_16m_trans": 0.26190445599966694, "rpe_16m_rot": 0.9914743155585846, "rpe_24m_trans": 0.3030211200785163, "rpe_24m_rot": 1.140373540505622, "rpe_32m_trans": 0.38838609147055775, "rpe_32m_rot": 1.4029582586331175, "rpe_40m_trans": 0.37122365370002014, "rpe_40m_rot": 1.5935361908527317, "rpe_48m_trans": 0.42610005159517106, "rpe_48m_rot": 1.9063998684635177}