{"ape_trans": 0.08859644155392352, "ape_rot_deg": 0.6416053385733138, "rpe_8m_trans": 0.039836685587736655, "rpe_8m_rot": 0.7523704403158407, "rpe_16m_trans": 0.05995758605851913, "rpe_16m_rot": 0.9465541780113079, "rpe_24m_trans": 0.07360420351034093, "rpe_24m_rot": 0.952477825066497, "rpe_32m_trans": 0.08813590332191724, "rpe_32m_rot": 0.9152484489199385, "rpe_40m_trans": 0.10398313315235438, "rpe_40m_rot": 0.8935874183193833, "rpe_48m_trans": 0.11476328078711688, "rpe_48m_rot": 0.8856937934485984}