{"rmse": 0.11394768114517541, "mean": 0.10056238591586751, "median": 0.08085827515695738, "std": 0.05358433145305348, "min": 0.008980296372698692, "max": 0.3073427458148674, "sse": 14.555146997004435}