{"rmse": 0.15798176783838647, "mean": 0.13814848088732237, "median": 0.1174784474224109, "std": 0.0766370419436122, "min": 0.012920176169175068, "max": 0.5530548295438024, "sse": 27.87835292875484}