{"rmse": 0.41214058516339175, "mean": 0.3983383719882846, "median": 0.4125986174053633, "std": 0.10576579475683974, "min": 0.1494088649356916, "max": 0.6691003626325567, "sse": 617.950177733438}