{"ape_trans": 0.3832174565554631, "ape_rot_deg": 1.52933972939674, "rpe_8m_trans": 0.2157816247543865, "rpe_8m_rot": 1.1224110738077375, "rpe_16m_trans": 0.34168897726333836, "rpe_16m_rot": 1.4888960691335635, "rpe_24m_trans": 0.46127721419204, "rpe_24m_rot": 1.5883096981241531, "rpe_32m_trans": 0.5132759103181487, "rpe_32m_rot": 1.7701182452107915, "rpe_40m_trans": 0.6609449771220208, "rpe_40m_rot": 2.137822738412279, "rpe_48m_trans": 0.8607725128369079, "rpe_48m_rot": 2.316657278414865}