{"rmse": 0.18973298772250508, "mean": 0.16569430399847124, "median": 0.1305074655323013, "std": 0.0924337830696681, "min": 0.02527755562029891, "max": 0.3941953493042084, "sse": 40.49843245887179}