{"rmse": 3.946258273429059, "mean": 3.4077916969360773, "median": 2.3318929808564564, "std": 1.9899522885991086, "min": 0.6126067542889635, "max": 8.963622786615373, "sse": 15074.619821067867}