{"ape_trans": 3.222065777197958, "ape_rot_deg": 25.250243327843588, "rpe_8m_trans": 1.3609330232758197, "rpe_8m_rot": 0.6037050001359553, "rpe_16m_trans": 3.4907046743692445, "rpe_16m_rot": 0.7175690936030852, "rpe_24m_trans": 4.539424002827918, "rpe_24m_rot": 0.7177335017194733, "rpe_32m_trans": 5.572333362930117, "rpe_32m_rot": 0.6619941034494862, "rpe_40m_trans": 6.574153600715106, "rpe_40m_rot": 0.6727439952075113, "rpe_48m_trans": 6.56480200886556, "rpe_48m_rot": 0.5652520981235329}