{"ape_trans": 0.2122738537180652, "ape_rot_deg": 6.892581602520819, "rpe_8m_trans": 0.11328055530933707, "rpe_8m_rot": 0.7703302411068536, "rpe_16m_trans": 0.16299457647634474, "rpe_16m_rot": 0.9860195391431786, "rpe_24m_trans": 0.20174365854381643, "rpe_24m_rot": 1.2639315760801604, "rpe_32m_trans": 0.24240243376441226, "rpe_32m_rot": 1.5721680721969862, "rpe_40m_trans": 0.29395190996714454, "rpe_40m_rot": 1.878497726019096, "rpe_48m_trans": 0.3547871054397334, "rpe_48m_rot": 2.171517031605179}