{"rmse": 0.1171496017993995, "mean": 0.09686998594865509, "median": 0.08399238221686454, "std": 0.06588046010817795, "min": 0.0038718164329229307, "max": 0.2799674754934602, "sse": 18.486267334767845}