{"rmse": 0.4927627642057708, "mean": 0.48718673192244927, "median": 0.4837743592283086, "std": 0.07392043037236481, "min": 0.3428781641660896, "max": 0.729889422016946, "sse": 254.9558988770977}