{"rmse": 1.167474488116651, "mean": 1.1391069337243074, "median": 1.1089864156329918, "std": 0.2557969388879445, "min": 0.45499873563075954, "max": 3.050882293786002, "sse": 688.3133236036343}