{"ape_trans": 0.14838597609301704, "ape_rot_deg": 0.9554871773884918, "rpe_8m_trans": 0.18729706973143237, "rpe_8m_rot": 0.7970809821136117, "rpe_16m_trans": 0.24168242474211674, "rpe_16m_rot": 1.287170500446746, "rpe_24m_trans": 0.27981653570077164, "rpe_24m_rot": 1.857675392826733, "rpe_32m_trans": 0.26313041651177194, "rpe_32m_rot": 2.194112802955795, "rpe_40m_trans": 0.30509875693159627, "rpe_40m_rot": 2.4753089383642957, "rpe_48m_trans": NaN, "rpe_48m_rot": NaN}