{"rmse": 16.503969712140336, "mean": 11.825927639076374, "median": 6.911271498810897, "std": 11.512100231259936, "min": 5.5229853747317, "max": 93.90540191725908, "sse": 341293.41337283474}