{"rmse": 0.08887347256397185, "mean": 0.07879072645321837, "median": 0.07216507940365553, "std": 0.04111587954249758, "min": 0.01117658134929259, "max": 0.20179476510436065, "sse": 10.986805328680468}