{"rmse": 133.76445206148955, "mean": 133.3177875188556, "median": 124.6221616679891, "std": 10.922278443063583, "min": 122.05455850207339, "max": 147.95847661519676, "sse": 55360721.197650805}