{"rmse": 0.06972157512756737, "mean": 0.06416003893260687, "median": 0.06121106344052855, "std": 0.027287129611510842, "min": 0.006846715480870459, "max": 0.13697932549133832, "sse": 6.129844626257235}