{"ape_trans": 0.2515486958496181, "ape_rot_deg": 9.004358225040008, "rpe_8m_trans": 0.09826822460251612, "rpe_8m_rot": 0.7907287283926915, "rpe_16m_trans": 0.1523615770694798, "rpe_16m_rot": 0.9084423287570699, "rpe_24m_trans": 0.20167251089846797, "rpe_24m_rot": 1.0773706803661982, "rpe_32m_trans": 0.25090260501863804, "rpe_32m_rot": 1.308141782998165, "rpe_40m_trans": 0.30568848105744406, "rpe_40m_rot": 1.4812937804801538, "rpe_48m_trans": 0.37589789504009646, "rpe_48m_rot": 1.6598111027738045}