{"rmse": 3.038744161586354, "mean": 3.0359838745764636, "median": 3.078565971114276, "std": 0.1294912849841217, "min": 2.623900591274431, "max": 3.4688806665702714, "sse": 18689.547345060113}