{"rmse_8m_trans": 0.06247249143204748, "rmse_8m_rot": 0.7998658357500366, "rmse_16m_trans": 0.08455341250064197, "rmse_16m_rot": 0.9859624133982375, "rmse_24m_trans": 0.10413329968594492, "rmse_24m_rot": 1.1098355751194027, "rmse_32m_trans": 0.12585761002073206, "rmse_32m_rot": 1.2144235716504903, "rmse_40m_trans": 0.15197439762764253, "rmse_40m_rot": 1.3356620846476213, "rmse_48m_trans": 0.1852350465912246, "rmse_48m_rot": 1.4398389374752485}