{"ape_trans": 0.07990567235915533, "ape_rot_deg": 1.5269383378489207, "rpe_8m_trans": 0.07087546194429155, "rpe_8m_rot": 1.15513000077485, "rpe_16m_trans": 0.10819645899668011, "rpe_16m_rot": 1.7876872340410592, "rpe_24m_trans": 0.13168051774674114, "rpe_24m_rot": 2.371147267294452, "rpe_32m_trans": 0.1580428311512159, "rpe_32m_rot": 2.7633987468864056, "rpe_40m_trans": 0.1622146440277287, "rpe_40m_rot": 2.751187692114305, "rpe_48m_trans": 0.15686865746651182, "rpe_48m_rot": 2.764392954232261}