{"ape_trans": 0.10991181717972617, "ape_rot_deg": 2.2373016306621634, "rpe_8m_trans": 0.12987623322571476, "rpe_8m_rot": 1.9312869996819975, "rpe_16m_trans": 0.20397612090083916, "rpe_16m_rot": 3.1199666191892286, "rpe_24m_trans": 0.3252455024240041, "rpe_24m_rot": 4.603660886796902, "rpe_32m_trans": 0.3195566486391934, "rpe_32m_rot": 6.814212829873054, "rpe_40m_trans": 0.25328135291131765, "rpe_40m_rot": 8.24885981319547, "rpe_48m_trans": NaN, "rpe_48m_rot": NaN}