{"rmse": 0.10624702695747908, "mean": 0.08745957991701726, "median": 0.06222140000331868, "std": 0.06032621833035912, "min": 0.013759877234415185, "max": 0.2409006233159478, "sse": 12.08990931965182}