{"rmse": 0.1837282411160522, "mean": 0.1625580143710066, "median": 0.17354832347082474, "std": 0.08562101697220043, "min": 0.00364287125342373, "max": 0.3199166942126858, "sse": 42.363863562415766}