{"ape_trans": 0.6989592631907926, "ape_rot_deg": 10.29317770324114, "rpe_8m_trans": 0.6490242836234978, "rpe_8m_rot": 1.3631201731710696, "rpe_16m_trans": 0.8225719101047392, "rpe_16m_rot": 1.6770847772016249, "rpe_24m_trans": 1.006947740487684, "rpe_24m_rot": 1.9127191048898857, "rpe_32m_trans": 1.1698580605175992, "rpe_32m_rot": 2.1951451236713897, "rpe_40m_trans": 1.2817968182975388, "rpe_40m_rot": 2.326206629608525, "rpe_48m_trans": 1.357844502385872, "rpe_48m_rot": 2.484935279260079}