{"ape_trans": 0.10022749651072277, "ape_rot_deg": 6.370342398262612, "rpe_8m_trans": 0.31054920910870365, "rpe_8m_rot": 3.6939295524455926, "rpe_16m_trans": 0.2629165313191092, "rpe_16m_rot": 3.04799988477558, "rpe_24m_trans": 0.3170599477610583, "rpe_24m_rot": 2.983251170831186, "rpe_32m_trans": 0.29655256560485554, "rpe_32m_rot": 3.3255497406585914, "rpe_40m_trans": 0.31985192439300386, "rpe_40m_rot": 3.4265161276298386, "rpe_48m_trans": 0.4128596242156179, "rpe_48m_rot": 3.7708755252685724}