{"ape_trans": 0.04386609787659813, "ape_rot_deg": 0.8733050329891433, "rpe_8m_trans": 0.05000642593887934, "rpe_8m_rot": 0.7959184276488942, "rpe_16m_trans": 0.05831210331953607, "rpe_16m_rot": 0.9396799519859881, "rpe_24m_trans": 0.07155832129312548, "rpe_24m_rot": 1.1089042765247525, "rpe_32m_trans": 0.07858835895264583, "rpe_32m_rot": 1.2095225735145099, "rpe_40m_trans": 0.08747274124189613, "rpe_40m_rot": 1.2896047706800315, "rpe_48m_trans": 0.10201229467138576, "rpe_48m_rot": 1.3736402722927423}