{"ape_trans": 2.412815073463024, "ape_rot_deg": 26.033897756734373, "rpe_8m_trans": 1.3899687985479015, "rpe_8m_rot": 0.9916981974440994, "rpe_16m_trans": 2.4621533423200987, "rpe_16m_rot": 1.5992630112985573, "rpe_24m_trans": 3.1376051203024113, "rpe_24m_rot": 1.8994787614809912, "rpe_32m_trans": 3.7425875901479286, "rpe_32m_rot": 2.148883202068859, "rpe_40m_trans": 4.429588656817891, "rpe_40m_rot": 2.353354915602683, "rpe_48m_trans": 4.847280376279651, "rpe_48m_rot": 2.364049819093037}