{"rmse": 25.761324036111866, "mean": 25.356939512629868, "median": 22.166028919011218, "std": 4.546584943271717, "min": 20.25692376158705, "max": 32.20939220324829, "sse": 1692296.8310385654}