{"ape_trans": 0.14389445105276666, "ape_rot_deg": 2.241009481715459, "rpe_8m_trans": 0.1346205460347619, "rpe_8m_rot": 0.5832361363001459, "rpe_16m_trans": 0.24978024638818783, "rpe_16m_rot": 0.6004594338814383, "rpe_24m_trans": 0.24027219569041727, "rpe_24m_rot": 0.4989639380623241, "rpe_32m_trans": 0.2946666306619262, "rpe_32m_rot": 0.5353444764250936, "rpe_40m_trans": 0.3128305613196845, "rpe_40m_rot": 0.5702777939187077, "rpe_48m_trans": 0.3690290325787859, "rpe_48m_rot": 0.5337784064160855}