{"std": 0.06929979430704497, "rmse": 0.27452967314793547, "sse": 80.79293242229956, "max": 0.38860067808454374, "min": 0.10117749267324445, "median": 0.261556420675245, "mean": 0.2656390030618876}