{"rmse": 0.29519235753159456, "mean": 0.26556823042922756, "median": 0.2628062779087036, "std": 0.12888771443294922, "min": 0.03814910359034791, "max": 0.5736090088620972, "sse": 84.00154093903856}