{"rmse": 0.14871074669099035, "mean": 0.12073116413675015, "median": 0.09408136684830502, "std": 0.08682667900810781, "min": 0.029186369327877805, "max": 0.4188245087046848, "sse": 33.06175484118089}