{"rmse": 3.872657567841616, "mean": 3.8386421059866946, "median": 3.7691331815524625, "std": 0.5121556598408086, "min": 2.9637835145712543, "max": 5.047004514206235, "sse": 24910.808695320924}