{"ape_trans": 0.03612377180035755, "ape_rot_deg": 0.73794341820013, "rpe_8m_trans": 0.04481239331054531, "rpe_8m_rot": 0.7337090780527066, "rpe_16m_trans": 0.05645218295700183, "rpe_16m_rot": 0.7980826117713035, "rpe_24m_trans": 0.0637734158066432, "rpe_24m_rot": 0.8894277581293274, "rpe_32m_trans": 0.06559213503377097, "rpe_32m_rot": 0.9366891060750576, "rpe_40m_trans": 0.06024424596730587, "rpe_40m_rot": 0.9392958861874946, "rpe_48m_trans": 0.06367888382520964, "rpe_48m_rot": 0.9319455272547961}