{"rmse": 0.6674695371965377, "mean": 0.6516944198712437, "median": 0.6496164384794822, "std": 0.14425659844195463, "min": 0.3336764078152231, "max": 1.2611660284339001, "sse": 306.5147211627279}