{"std": 0.37374876906056487, "rmse": 1.2640334112397835, "sse": 480.9319198838755, "max": 2.143952860131466, "min": 0.5751685889631469, "median": 1.1966602221758218, "mean": 1.207514936701073}