{"std": 0.043745262475713344, "rmse": 0.0818254832012247, "sse": 7.204260838398561, "max": 0.20441279253884445, "min": 0.003454872984276195, "median": 0.062261939584239735, "mean": 0.06915028352830413}