{"ape_trans": 1.0233107251123, "ape_rot_deg": 20.777880680788385, "rpe_8m_trans": 0.9562242715215735, "rpe_8m_rot": 1.942844821709316, "rpe_16m_trans": 1.4627783316102572, "rpe_16m_rot": 2.8330478105859047, "rpe_24m_trans": 1.8578717294817046, "rpe_24m_rot": 3.7316597155409594, "rpe_32m_trans": 1.9578730858042972, "rpe_32m_rot": 4.312259822453008, "rpe_40m_trans": 2.030521773392375, "rpe_40m_rot": 4.711381279298273, "rpe_48m_trans": 2.0500215414179457, "rpe_48m_rot": 4.869214326226966}