{"rmse": 0.8358159025765217, "mean": 0.7625593050177055, "median": 0.737995398013353, "std": 0.3421863955956162, "min": 0.21304158161616985, "max": 3.1826114366804634, "sse": 723.7373990277986}