{"rmse": 0.0637490259951659, "mean": 0.05606496234273037, "median": 0.04952681917671678, "std": 0.03034235180141054, "min": 0.0027977346106657667, "max": 0.1304992771144969, "sse": 10.358978765782124}