{"std": 0.05630539675918092, "rmse": 0.8613717175137999, "sse": 741.2192744969408, "max": 0.9836174409643095, "min": 0.6983622375183332, "median": 0.8642555631264611, "mean": 0.8595294864217659}