{"std": 0.032500905102517345, "rmse": 0.07519901266176668, "sse": 7.8659540838786235, "max": 0.15585994618807908, "min": 0.007572422901403243, "median": 0.0653093592687727, "mean": 0.06781285035169742}