{"ape_trans": 0.13980351530183402, "ape_rot_deg": 3.9927593844548683, "rpe_8m_trans": 0.148441768302885, "rpe_8m_rot": 1.6052136168491329, "rpe_16m_trans": 0.18510634337862783, "rpe_16m_rot": 2.030416508545411, "rpe_24m_trans": 0.2209184675301935, "rpe_24m_rot": 2.4704130317786137, "rpe_32m_trans": 0.2533312747602648, "rpe_32m_rot": 2.449707258660468, "rpe_40m_trans": 0.2986031409227088, "rpe_40m_rot": 1.707313433062815, "rpe_48m_trans": 0.3353007740956879, "rpe_48m_rot": 1.660672671561743}