{"rmse": 17641108.60047602, "mean": 17574592.98565474, "median": 17285253.09310642, "std": 1530488.1712591432, "min": 14170553.293889431, "max": 21577207.000614762, "sse": 1.7667318617355602e+18}