{"rmse": 0.9047184004035441, "mean": 0.888018358660307, "median": 0.8704321651428655, "std": 0.17302825986237685, "min": 0.5373802847075946, "max": 1.293429095671331, "sse": 664.634491831343}