{"ape_trans": 0.05809917687466953, "ape_rot_deg": 1.4611286418202523, "rpe_8m_trans": 0.03337306632321046, "rpe_8m_rot": 0.7165310576501794, "rpe_16m_trans": 0.04654978806820435, "rpe_16m_rot": 0.991693889757442, "rpe_24m_trans": 0.05316557026058264, "rpe_24m_rot": 1.2060671546647361, "rpe_32m_trans": 0.060558182662947664, "rpe_32m_rot": 1.2905510133075433, "rpe_40m_trans": 0.0722171361648538, "rpe_40m_rot": 1.468588468116759, "rpe_48m_trans": 0.08058822265110697, "rpe_48m_rot": 1.6403675644976177}