{"ape_trans": 1.770807958599412, "ape_rot_deg": 16.052884834164054, "rpe_8m_trans": 1.3870288629256353, "rpe_8m_rot": 2.960634109566236, "rpe_16m_trans": 2.6306472782954122, "rpe_16m_rot": 5.406132527671226, "rpe_24m_trans": 3.4689860719477266, "rpe_24m_rot": 7.2274985684632345, "rpe_32m_trans": 3.678498074870769, "rpe_32m_rot": 7.752918151602189, "rpe_40m_trans": 3.711686711693165, "rpe_40m_rot": 7.8636779725396115, "rpe_48m_trans": 3.6752226371006156, "rpe_48m_rot": 7.861423760371066}