{"rmse": 13.733065335132176, "mean": 13.58114039542555, "median": 14.00484984435655, "std": 2.037083468773289, "min": 10.024920530419378, "max": 17.044453469956586, "sse": 188974.27766600705}