{"ape_trans": 0.48431662902836103, "ape_rot_deg": 1.8811462814568858, "rpe_8m_trans": 0.32245195782743935, "rpe_8m_rot": 1.4091970638053473, "rpe_16m_trans": 0.5152587865644324, "rpe_16m_rot": 1.5538379417880714, "rpe_24m_trans": 0.6300741247893091, "rpe_24m_rot": 1.6665032346153394, "rpe_32m_trans": 0.7359515814529248, "rpe_32m_rot": 1.7002058740639374, "rpe_40m_trans": 0.8294867774181496, "rpe_40m_rot": 1.8022148174461297, "rpe_48m_trans": 1.0119992254890593, "rpe_48m_rot": 1.8393761033273133}