{"ape_trans": 0.309660944589997, "ape_rot_deg": 18.757200481290777, "rpe_8m_trans": 0.36747244105022153, "rpe_8m_rot": 0.5370774327381241, "rpe_16m_trans": 0.6110498117730023, "rpe_16m_rot": 0.5892414544598488, "rpe_24m_trans": 0.7122575527223646, "rpe_24m_rot": 0.6446068753134409, "rpe_32m_trans": 0.7207728071077344, "rpe_32m_rot": 0.6020859629368662, "rpe_40m_trans": NaN, "rpe_40m_rot": NaN, "rpe_48m_trans": NaN, "rpe_48m_rot": NaN}