{"ape_trans": 0.19850972475319828, "ape_rot_deg": 3.3235002169251704, "rpe_8m_trans": 0.07644500436061569, "rpe_8m_rot": 1.0855054374949986, "rpe_16m_trans": 0.11232295066745586, "rpe_16m_rot": 1.422704228157995, "rpe_24m_trans": 0.1352350140165565, "rpe_24m_rot": 1.8250133823762325, "rpe_32m_trans": 0.16307431542093234, "rpe_32m_rot": 2.2898012255481834, "rpe_40m_trans": 0.19770489738194122, "rpe_40m_rot": 2.764836232454717, "rpe_48m_trans": 0.22840271748667523, "rpe_48m_rot": 3.269944010364375}