{"std": 2.0371137656281686, "rmse": 13.727847322742077, "sse": 188830.69970074983, "max": 17.03844487753059, "min": 10.01963842484621, "median": 13.998881458193237, "mean": 13.575859443232499}