{"rmse": 0.27811886115916373, "mean": 0.25938813532177063, "median": 0.24124209199803046, "std": 0.1003389066452541, "min": 0.04627906864926367, "max": 0.4861748173384171, "sse": 67.99073871964131}