{"ape_trans": 0.18423769056794956, "ape_rot_deg": 3.2464126496528425, "rpe_8m_trans": 0.16089191298484112, "rpe_8m_rot": 1.13165301567043, "rpe_16m_trans": 0.23310817653671306, "rpe_16m_rot": 1.4164660467172412, "rpe_24m_trans": 0.29421677728261514, "rpe_24m_rot": 1.793034649653644, "rpe_32m_trans": 0.331125377552573, "rpe_32m_rot": 2.2056486457550055, "rpe_40m_trans": 0.318502989158674, "rpe_40m_rot": 2.5611371305904442, "rpe_48m_trans": 0.29006637273375985, "rpe_48m_rot": 2.958086726255367}