{"rmse": 0.9034440477546416, "mean": 0.8867527711430411, "median": 0.8690805923720086, "std": 0.17286026233182877, "min": 0.536501997712294, "max": 1.2917519173927938, "sse": 662.7634517077124}