{"rmse": 0.2771000081974995, "mean": 0.24191318241392012, "median": 0.22005778373281648, "std": 0.1351385463789799, "min": 0.031946459879691365, "max": 0.6080331997470773, "sse": 83.69501185192918}