{"rmse": 0.06783442403590578, "mean": 0.06152420189217337, "median": 0.057645696419605943, "std": 0.0285706434266742, "min": 0.003205165445997262, "max": 0.12484405102847962, "sse": 5.9037361551351815}