{"std": 0.14452416211115093, "rmse": 0.3727702335152438, "sse": 181.75660226947224, "max": 0.8224195583399885, "min": 0.03317942127358697, "median": 0.3659031161649863, "mean": 0.34361375636181846}