{"rmse": 0.07278281134585247, "mean": 0.06558828868833441, "median": 0.0638361075283297, "std": 0.03155176721424104, "min": 0.013848455485983052, "max": 0.12637974999107998, "sse": 5.196688212485238}