{"rmse": 0.06780653155247576, "mean": 0.06150278447665434, "median": 0.05771484377818561, "std": 0.028550538047383583, "min": 0.003259179929990016, "max": 0.12472317074074651, "sse": 5.898882100269952}