{"rmse": 48.984796019815775, "mean": 48.97029466260613, "median": 48.43425089957219, "std": 1.1918396538501044, "min": 47.02899683886024, "max": 51.13322977786429, "sse": 11474457.972954351}