{"rmse": 5.601553819750517, "mean": 5.593347749710924, "median": 5.56290043864058, "std": 0.30309428626312956, "min": 4.832609005071649, "max": 6.2434238124864745, "sse": 15218.04151984738}