{"std": 0.06940735028587545, "rmse": 0.27391896005692173, "sse": 80.43387163952939, "max": 0.38848402954713157, "min": 0.10133282285821422, "median": 0.26067693875706976, "mean": 0.26497965281311553}