{"rmse": 1.0550647396442019, "mean": 0.919540165742304, "median": 0.973507480433642, "std": 0.5173079241874259, "min": 0.04444302194313497, "max": 2.1945436547995207, "sse": 1333.567602598904}