{"ape_trans": 0.04867789760795673, "ape_rot_deg": 1.459133747069422, "rpe_8m_trans": 0.032427495096151636, "rpe_8m_rot": 0.7479904922945515, "rpe_16m_trans": 0.04479319449095654, "rpe_16m_rot": 1.0135131983779193, "rpe_24m_trans": 0.05455239369271873, "rpe_24m_rot": 1.1577489615185361, "rpe_32m_trans": 0.06263569646879108, "rpe_32m_rot": 1.2118752474133792, "rpe_40m_trans": 0.06778441037800724, "rpe_40m_rot": 1.345770756120765, "rpe_48m_trans": 0.07173441347658024, "rpe_48m_rot": 1.5123225118523778}