{"rmse": 0.8464982542517525, "mean": 0.5426845802536485, "median": 0.32070863106538255, "std": 0.6496558633662793, "min": 0.10962839370687863, "max": 2.6307120751022617, "sse": 284.47403989715207}