{"ape_trans": 0.8168917445914083, "ape_rot_deg": 71.3843542144847, "rpe_8m_trans": 0.9213433268027823, "rpe_8m_rot": 1.42792644480053, "rpe_16m_trans": 1.6216412761226848, "rpe_16m_rot": 2.1824711583432124, "rpe_24m_trans": 2.074510048164735, "rpe_24m_rot": 2.684347759295469, "rpe_32m_trans": 2.093122998000854, "rpe_32m_rot": 2.70551281126723, "rpe_40m_trans": 2.099756650046894, "rpe_40m_rot": 2.755613319664909, "rpe_48m_trans": NaN, "rpe_48m_rot": NaN}