{"rmse": 0.12317792969566153, "mean": 0.11037886745522853, "median": 0.10352035943734325, "std": 0.05467456431843266, "min": 0.006053239425940377, "max": 0.3374922494898582, "sse": 16.46249056505863}