{"ape_trans": 25.38012219815725, "ape_rot_deg": 8.098307286375803, "rpe_8m_trans": 0.041292461752304464, "rpe_8m_rot": 1.4900203621945143, "rpe_16m_trans": 0.05108591656568695, "rpe_16m_rot": 1.4214243906853603, "rpe_24m_trans": 0.0550660516974237, "rpe_24m_rot": 1.2386323414923741, "rpe_32m_trans": 0.06062723252043307, "rpe_32m_rot": 1.1888528427131915, "rpe_40m_trans": 0.03501815619128977, "rpe_40m_rot": 1.336834988398783, "rpe_48m_trans": 50.3695563155823, "rpe_48m_rot": 14.329822854937238}