{"rmse": 0.07207121142061303, "mean": 0.0664796350030022, "median": 0.06324093922273963, "std": 0.02783375011568341, "min": 0.0023047582820005107, "max": 0.15884451693014118, "sse": 14.917913328902861}