{"rmse": 36.86154119221179, "mean": 34.01332338436044, "median": 29.425911737912205, "std": 14.207992518862255, "min": 24.924020302574704, "max": 128.60160063554605, "sse": 1607428.7181540444}