{"ape_trans": 0.12354319968952561, "ape_rot_deg": 3.070621260204289, "rpe_8m_trans": 0.1176178227347135, "rpe_8m_rot": 1.7071072800471456, "rpe_16m_trans": 0.15691252827043917, "rpe_16m_rot": 2.0490819597944516, "rpe_24m_trans": 0.1885392433478392, "rpe_24m_rot": 2.6428295276269687, "rpe_32m_trans": 0.20048861033128615, "rpe_32m_rot": 3.357935704154767, "rpe_40m_trans": 0.22485598896445647, "rpe_40m_rot": 4.033138610225083, "rpe_48m_trans": 0.25316110668325514, "rpe_48m_rot": 4.863388455956867}