{"ape_trans": 21.8326721439429, "ape_rot_deg": 51.55447768706508, "rpe_8m_trans": 0.15306873031010595, "rpe_8m_rot": 1.4929317511627203, "rpe_16m_trans": 0.24812800825391, "rpe_16m_rot": 1.3755889528621223, "rpe_24m_trans": 0.3350672742953802, "rpe_24m_rot": 1.1159469130631623, "rpe_32m_trans": 0.45743969993121447, "rpe_32m_rot": 1.064115139801217, "rpe_40m_trans": 31.989713334830494, "rpe_40m_rot": 38.339139311795634, "rpe_48m_trans": 42.97441687384892, "rpe_48m_rot": 50.20568967785388}