{"rmse": 74.35272143683338, "mean": 72.76652548908827, "median": 61.322960131236115, "std": 15.276123634914983, "min": 58.14640349064046, "max": 93.44375887680968, "sse": 6495784.442449426}