{"std": 0.5645503582812007, "rmse": 1.2985450015075284, "sse": 925.7342973961624, "max": 2.5527386413685367, "min": 0.1710400757395198, "median": 1.0926272062485478, "mean": 1.1694024174358262}