{"std": 0.05156079340105129, "rmse": 0.12539866102226085, "sse": 26.2761812150999, "max": 0.23942819818894998, "min": 0.014840757763459932, "median": 0.1131867808917141, "mean": 0.11430795584748239}