{"rmse": 1.1742029734664385, "mean": 1.1636803971759095, "median": 1.1871168164769412, "std": 0.15684564426831557, "min": 0.8673116803495057, "max": 1.518741937408655, "sse": 947.2030519305314}