{"std": 0.09369115807486186, "rmse": 2.213515687511566, "sse": 9907.095735094517, "max": 2.5068316958244607, "min": 1.915299536822889, "median": 2.2489638260674334, "mean": 2.211531972583348}