{"std": 0.05506022014339544, "rmse": 1.3419986451656247, "sse": 3643.3428156161517, "max": 1.5324877270828012, "min": 1.1498998848301798, "median": 1.3238940003804942, "mean": 1.3408686497133615}