{"ape_trans": 131.4983818531119, "ape_rot_deg": 153.71464987868157, "rpe_8m_trans": 3.535554681585261, "rpe_8m_rot": 2.461711430474335, "rpe_16m_trans": 7.869899623575, "rpe_16m_rot": 3.077335228310054, "rpe_24m_trans": 12.83790161390329, "rpe_24m_rot": 3.7395285846117408, "rpe_32m_trans": 18.404860218009517, "rpe_32m_rot": 4.641426509932683, "rpe_40m_trans": 24.99443011131673, "rpe_40m_rot": 5.325766751343917, "rpe_48m_trans": 32.63164285236783, "rpe_48m_rot": 6.028153000735067}