{"ape_trans": 1.6533951270484983, "ape_rot_deg": 18.482896965214888, "rpe_8m_trans": 2.558695171025714, "rpe_8m_rot": 7.563784929533587, "rpe_16m_trans": 3.8050065386803675, "rpe_16m_rot": 11.740355755283332, "rpe_24m_trans": 4.9328997166349255, "rpe_24m_rot": 16.30433133366085, "rpe_32m_trans": 4.93200285985626, "rpe_32m_rot": 17.421361275894895, "rpe_40m_trans": NaN, "rpe_40m_rot": NaN, "rpe_48m_trans": NaN, "rpe_48m_rot": NaN}