{"rmse": 0.3097255169397689, "mean": 0.3021555460982822, "median": 0.2894967135037917, "std": 0.06805822364458206, "min": 0.17423921647371443, "max": 0.7008194161585946, "sse": 50.36319531789371}