{"ape_trans": 0.8613306486083245, "ape_rot_deg": 4.886883279661152, "rpe_8m_trans": 0.7107086564931302, "rpe_8m_rot": 0.9188638499625252, "rpe_16m_trans": 0.9724337594425436, "rpe_16m_rot": 0.9934236334303229, "rpe_24m_trans": 1.20454150240939, "rpe_24m_rot": 1.0089382538470337, "rpe_32m_trans": 1.4172431063690714, "rpe_32m_rot": 1.07245452745951, "rpe_40m_trans": 1.674560947031832, "rpe_40m_rot": 0.817145718975021, "rpe_48m_trans": 1.705127779993967, "rpe_48m_rot": 0.7447065300323746}