{"rmse": 6.160850960832671, "mean": 6.023428311210212, "median": 6.10715355983067, "std": 1.293984521276878, "min": 0.23154959342127707, "max": 7.87317732684714, "sse": 29264.141196988083}