{"ape_trans": 0.14938027239502547, "ape_rot_deg": 1.5490041388413347, "rpe_8m_trans": 0.20841717737019355, "rpe_8m_rot": 0.5108237928363585, "rpe_16m_trans": 0.27788134368583656, "rpe_16m_rot": 0.5261769796614294, "rpe_24m_trans": 0.23887212862826224, "rpe_24m_rot": 0.5639990519411788, "rpe_32m_trans": 0.25592783487839943, "rpe_32m_rot": 0.5960253711033875, "rpe_40m_trans": 0.2366016129782854, "rpe_40m_rot": 0.6348268850415296, "rpe_48m_trans": 0.2174542622031975, "rpe_48m_rot": 0.48012740399334136}