{"rmse": 0.07429080658917214, "mean": 0.06362556195740948, "median": 0.05157978915312861, "std": 0.03835246809885425, "min": 0.006488821617562661, "max": 0.18877854903792918, "sse": 7.528085059165585}