{"rmse": 0.06759314738655904, "mean": 0.06285074464272446, "median": 0.05788133539442946, "std": 0.02487202186144375, "min": 0.00411378472953479, "max": 0.1604027998002691, "sse": 11.613974944144818}