{"ape_trans": 0.32510929293502155, "ape_rot_deg": 3.844358141836535, "rpe_8m_trans": 0.2204343637378674, "rpe_8m_rot": 1.9868043488555092, "rpe_16m_trans": 0.37312134828208643, "rpe_16m_rot": 2.6550884648156567, "rpe_24m_trans": 0.48872212166913487, "rpe_24m_rot": 3.533457500445408, "rpe_32m_trans": 0.5672968494428907, "rpe_32m_rot": 4.265117344338331, "rpe_40m_trans": 0.5404469325880631, "rpe_40m_rot": 4.949922446805989, "rpe_48m_trans": 0.5961678996674048, "rpe_48m_rot": 6.034942890008725}