{"ape_trans": 0.06801259417903797, "ape_rot_deg": 0.7992901269563994, "rpe_8m_trans": 0.028931910522586247, "rpe_8m_rot": 0.7920091647930951, "rpe_16m_trans": 0.043939029528085635, "rpe_16m_rot": 0.9630678313567039, "rpe_24m_trans": 0.0559737367579087, "rpe_24m_rot": 0.9890960072866721, "rpe_32m_trans": 0.0675575859687863, "rpe_32m_rot": 1.0059089374519956, "rpe_40m_trans": 0.07773608585907817, "rpe_40m_rot": 1.057942083555194, "rpe_48m_trans": 0.085751915809941, "rpe_48m_rot": 1.0609904457143589}