{"rmse": 0.08173894855981678, "mean": 0.07184011573459213, "median": 0.07013459595850059, "std": 0.038990428093376724, "min": 0.005647692332819241, "max": 0.16070620359259427, "sse": 8.451788475255434}