{"ape_trans": 0.08715793798933165, "ape_rot_deg": 1.8212578951431018, "rpe_8m_trans": 0.12550609390171374, "rpe_8m_rot": 1.555345430088281, "rpe_16m_trans": 0.16604491046067177, "rpe_16m_rot": 2.511422814370864, "rpe_24m_trans": 0.25430786492918206, "rpe_24m_rot": 3.7055719063764196, "rpe_32m_trans": 0.21983792202001784, "rpe_32m_rot": 5.48823360841768, "rpe_40m_trans": 0.13071169958509307, "rpe_40m_rot": 6.68577668461597, "rpe_48m_trans": NaN, "rpe_48m_rot": NaN}