{"ape_trans": 0.9375655274606979, "ape_rot_deg": 8.427790572067297, "rpe_8m_trans": 0.6998913271367261, "rpe_8m_rot": 1.9871878512099552, "rpe_16m_trans": 0.9460246779614515, "rpe_16m_rot": 2.6908436266492135, "rpe_24m_trans": 1.1651564130938874, "rpe_24m_rot": 3.3597428113461274, "rpe_32m_trans": 1.3806395590965526, "rpe_32m_rot": 4.0368831664840945, "rpe_40m_trans": 1.6073053642783581, "rpe_40m_rot": 4.778475341901659, "rpe_48m_trans": 1.8493412249513004, "rpe_48m_rot": 5.4966552825504635}