{"std": 0.15862582017069377, "rmse": 0.4406331980545649, "sse": 59.60638787493259, "max": 0.8240099428708978, "min": 0.07652619881618901, "median": 0.38495417186243247, "mean": 0.41109057931673426}