{"std": 0.033014528776736767, "rmse": 0.07196037188271814, "sse": 7.1978302188837375, "max": 0.15125097805136137, "min": 0.008581331848720897, "median": 0.06085006921298343, "mean": 0.06394009705301605}