{"std": 0.18075122298472027, "rmse": 0.9506256674915184, "sse": 619.027074390181, "max": 1.5394735444009078, "min": 0.5579294537645914, "median": 0.9464985901724989, "mean": 0.9332835341327002}