{"std": 0.01693927528798082, "rmse": 0.07196028953734494, "sse": 4.090843783535828, "max": 0.11441282724643839, "min": 0.019599611273856277, "median": 0.07033174689229549, "mean": 0.06993814569329472}