{"rmse": 0.2649658695804424, "mean": 0.23808412152208108, "median": 0.22529320656019947, "std": 0.11628784597531663, "min": 0.041915250329548674, "max": 0.582646181410471, "sse": 88.81174373378782}