{"ape_trans": 0.05816201193433627, "ape_rot_deg": 1.4615383417393983, "rpe_8m_trans": 0.03337659505241512, "rpe_8m_rot": 0.7165936646552715, "rpe_16m_trans": 0.04656706859384081, "rpe_16m_rot": 0.9917680472110482, "rpe_24m_trans": 0.05318062792876955, "rpe_24m_rot": 1.2056748061734568, "rpe_32m_trans": 0.06058655364586885, "rpe_32m_rot": 1.2908730674126148, "rpe_40m_trans": 0.07226132314165226, "rpe_40m_rot": 1.4688212514207761, "rpe_48m_trans": 0.08065409742942856, "rpe_48m_rot": 1.6419876918544811}