{"ape_trans": 0.07886178546552017, "ape_rot_deg": 2.492956293583312, "rpe_8m_trans": 0.14357602845010098, "rpe_8m_rot": 0.8406881339180811, "rpe_16m_trans": 0.12608504478093685, "rpe_16m_rot": 1.0909630882504202, "rpe_24m_trans": 0.1513044755141224, "rpe_24m_rot": 1.1046531337676873, "rpe_32m_trans": 0.1641603858080674, "rpe_32m_rot": 1.162627228699351, "rpe_40m_trans": 0.17330908733940772, "rpe_40m_rot": 1.125435260954817, "rpe_48m_trans": 0.17431420442136392, "rpe_48m_rot": 1.4504422834203716}