{"ape_trans": 0.10097152173130844, "ape_rot_deg": 1.0100855418645664, "rpe_8m_trans": 0.06584839942407376, "rpe_8m_rot": 0.7056670241957409, "rpe_16m_trans": 0.0874474779818545, "rpe_16m_rot": 0.8652402045478382, "rpe_24m_trans": 0.1259727776303434, "rpe_24m_rot": 0.9424135162224276, "rpe_32m_trans": 0.15994518229511553, "rpe_32m_rot": 1.0105302816859585, "rpe_40m_trans": 0.19337647323403276, "rpe_40m_rot": 1.064726210653172, "rpe_48m_trans": 0.21905599146549326, "rpe_48m_rot": 1.2540987773599088}