{"ape_trans": 0.220292854272417, "ape_rot_deg": 7.52562497615179, "rpe_8m_trans": 0.09208737016564082, "rpe_8m_rot": 0.7774924442693674, "rpe_16m_trans": 0.1340347806895203, "rpe_16m_rot": 0.8940296981501217, "rpe_24m_trans": 0.1729101547325667, "rpe_24m_rot": 1.0549642358731888, "rpe_32m_trans": 0.21837131400927484, "rpe_32m_rot": 1.2993976037722719, "rpe_40m_trans": 0.27352857360552274, "rpe_40m_rot": 1.4687476314102104, "rpe_48m_trans": 0.33600768828841804, "rpe_48m_rot": 1.64813543278561}