{"rmse": 0.0785520470203801, "mean": 0.06812841741011652, "median": 0.0600595937958869, "std": 0.0391016985856745, "min": 0.010428962619439246, "max": 0.1831173382669, "sse": 8.576889486617887}