{"rmse_8m_trans": 0.04301766812366333, "rmse_8m_rot": 0.8506415518822754, "rmse_16m_trans": 0.057948324656850174, "rmse_16m_rot": 1.1053707050048298, "rmse_24m_trans": 0.07286286321216921, "rmse_24m_rot": 1.3680591669501865, "rmse_32m_trans": 0.08625977657664777, "rmse_32m_rot": 1.6317518097850212, "rmse_40m_trans": 0.10202319851991007, "rmse_40m_rot": 1.9198634486319743, "rmse_48m_trans": 0.112130635449879, "rmse_48m_rot": 2.1628112750441866}