{"rmse_8m_trans": 1.322314914874443, "rmse_8m_rot": 5.626173809005846, "rmse_16m_trans": 1.250328045154417, "rmse_16m_rot": 7.781271310127039, "rmse_24m_trans": 1.646562726937138, "rmse_24m_rot": 11.115151635517824, "rmse_32m_trans": 1.838567934262054, "rmse_32m_rot": 14.39456271382538, "rmse_40m_trans": 1.9333682698805525, "rmse_40m_rot": 17.209118354135025, "rmse_48m_trans": 2.1510594140241217, "rmse_48m_rot": 20.049951286855315}