{"rmse": 23.200141975329302, "mean": 23.096485428927135, "median": 21.36045682381211, "std": 2.1906502474820533, "min": 20.536330339202927, "max": 25.849259279054852, "sse": 1955988.0996125366}