{"rmse": 0.15457851591903002, "mean": 0.1375617197749026, "median": 0.1331640675815723, "std": 0.0705073814313153, "min": 0.024894412939893806, "max": 0.28185765383936956, "sse": 24.30072438265322}