{"rmse": 0.33071112712322365, "mean": 0.31818968186617413, "median": 0.3300723676412235, "std": 0.09013975791522788, "min": 0.12762338263444065, "max": 0.5528249758498335, "sse": 397.8875128561251}