{"rmse": 0.5542105995744601, "mean": 0.4519153578625381, "median": 0.3435880116881205, "std": 0.3208144292401084, "min": 0.0565947395664673, "max": 1.8372222775333338, "sse": 367.04351947341553}