{"rmse": 0.3078609329959847, "mean": 0.30115884056480924, "median": 0.28975000091868647, "std": 0.06388823690491068, "min": 0.1749193434791975, "max": 0.5378762165916623, "sse": 101.7919522659799}