{"rmse": 4.3398157822829315, "mean": 2.9834060105346687, "median": 1.9550404682927243, "std": 3.151712169671848, "min": 0.24051123696488513, "max": 13.722102628142949, "sse": 21188.251152171015}