{"rmse": 0.06008130829065167, "mean": 0.05225488473595657, "median": 0.046507568144458555, "std": 0.029651148833531246, "min": 0.0022663667257747794, "max": 0.19843152588044716, "sse": 9.176019086239307}