{"rmse": 0.048243436956815954, "mean": 0.04263742174782481, "median": 0.0351629235923325, "std": 0.022571652046414137, "min": 0.002868215957435716, "max": 0.10560519431418497, "sse": 2.8767025028261566}