{"rmse": 0.06972812313585654, "mean": 0.06416853722676318, "median": 0.06123090727258233, "std": 0.02728387777106983, "min": 0.0068439809924904435, "max": 0.136968823858384, "sse": 6.130996067778005}