{"std": 0.06912269856558796, "rmse": 0.22032353467943577, "sse": 47.377440895233164, "max": 0.35186286055471233, "min": 0.023398311268252005, "median": 0.23417468773768943, "mean": 0.20919969521165993}