{"rmse": 0.1176335024574746, "mean": 0.10707469131845948, "median": 0.10291953455444312, "std": 0.04870986942570571, "min": 0.02386786647543952, "max": 0.23068351818885205, "sse": 17.18634999831255}