{"ape_trans": 0.11759284360798049, "ape_rot_deg": 3.1580463478856324, "rpe_8m_trans": 0.11555849931055484, "rpe_8m_rot": 2.2250276822022457, "rpe_16m_trans": 0.1661823626201602, "rpe_16m_rot": 3.9020989277546008, "rpe_24m_trans": 0.3091772575159989, "rpe_24m_rot": 6.010368960409713, "rpe_32m_trans": 0.3446294457054676, "rpe_32m_rot": 8.349465620247928, "rpe_40m_trans": NaN, "rpe_40m_rot": NaN, "rpe_48m_trans": NaN, "rpe_48m_rot": NaN}