{"rmse_8m_trans": 0.06670537403402513, "rmse_8m_rot": 0.8070937719285863, "rmse_16m_trans": 0.08956883954963359, "rmse_16m_rot": 1.0093615588212084, "rmse_24m_trans": 0.10826653264780586, "rmse_24m_rot": 1.1479177017774755, "rmse_32m_trans": 0.12850585393863484, "rmse_32m_rot": 1.2960150158481687, "rmse_40m_trans": 0.15340905278507191, "rmse_40m_rot": 1.459395870827015, "rmse_48m_trans": 0.1830784902351125, "rmse_48m_rot": 1.6211061778001281}