{"rmse": 0.12225586938432517, "mean": 0.09856217119973643, "median": 0.07559694721924377, "std": 0.07233253768056962, "min": 0.014304407771624294, "max": 0.32901283360592626, "sse": 18.757854486641055}