{"rmse": 0.6989592631907926, "mean": 0.6921905132194108, "median": 0.6924236505148764, "std": 0.09703785348648387, "min": 0.48380885866270573, "max": 1.04900803613887, "sse": 1017.1487154316491}