{"ape_trans": 2.7360836146122023, "ape_rot_deg": 30.123760512892424, "rpe_8m_trans": 1.3874204033323811, "rpe_8m_rot": 1.3767084814866222, "rpe_16m_trans": 2.7229723975786184, "rpe_16m_rot": 2.9736546708089207, "rpe_24m_trans": 3.513868159056744, "rpe_24m_rot": 3.773562084529292, "rpe_32m_trans": 4.201768937711683, "rpe_32m_rot": 4.544861136457631, "rpe_40m_trans": 5.004437185826232, "rpe_40m_rot": 5.330769070088705, "rpe_48m_trans": 5.485062296477856, "rpe_48m_rot": 6.078037705353228}