{"rmse": 0.7234563421002753, "mean": 0.4711208576613031, "median": 0.2660803256442422, "std": 0.5490302508984262, "min": 0.12316897826669418, "max": 2.153052700292448, "sse": 207.2620752543438}