{"rmse": 129.96496231611403, "mean": 85.42243316132448, "median": 66.09552962631153, "std": 97.94845247694316, "min": 0.44542785609668156, "max": 548.3184967878085, "sse": 23005394.12742702}