{"ape_trans": 1.110588694490115, "ape_rot_deg": 12.085579527672369, "rpe_8m_trans": 0.9337755608589478, "rpe_8m_rot": 1.4591009085505782, "rpe_16m_trans": 1.2020742403804165, "rpe_16m_rot": 1.908981318835328, "rpe_24m_trans": 1.4444514915195275, "rpe_24m_rot": 2.3784700877138096, "rpe_32m_trans": 1.6812946975363283, "rpe_32m_rot": 2.859214935712596, "rpe_40m_trans": 1.9327469163333875, "rpe_40m_rot": 3.3598646415563067, "rpe_48m_trans": 2.1999113961938326, "rpe_48m_rot": 3.904003178538984}