{"ape_trans": 0.08895318480615654, "ape_rot_deg": 6.337780783159749, "rpe_8m_trans": 0.3158974252887915, "rpe_8m_rot": 3.676144988582546, "rpe_16m_trans": 0.2697295938082368, "rpe_16m_rot": 3.026353930827056, "rpe_24m_trans": 0.32073792675082097, "rpe_24m_rot": 2.925582334148824, "rpe_32m_trans": 0.28695259916138083, "rpe_32m_rot": 3.209309073842283, "rpe_40m_trans": 0.2973264243802879, "rpe_40m_rot": 3.159452925569677, "rpe_48m_trans": 0.41180259706354744, "rpe_48m_rot": 3.4472786973515834}