{"ape_trans": 129.81590100645525, "ape_rot_deg": 60.160637833302694, "rpe_8m_trans": 4.29413992034216, "rpe_8m_rot": 1.5650397833352645, "rpe_16m_trans": 9.800061869945342, "rpe_16m_rot": 1.9762828237416925, "rpe_24m_trans": 15.517043409995292, "rpe_24m_rot": 2.385591411850816, "rpe_32m_trans": 22.488050123634977, "rpe_32m_rot": 9.144342272875015, "rpe_40m_trans": 28.03036118602551, "rpe_40m_rot": 10.883017156286998, "rpe_48m_trans": 34.02268244285399, "rpe_48m_rot": 12.214273095268481}