{"rmse": 0.996306176800298, "mean": 0.8742928658695798, "median": 0.8407196095023777, "std": 0.47774259033498745, "min": 0.1335342536927449, "max": 2.1732600996126066, "sse": 1219.9373514564943}