{"std": 0.08212182517732818, "rmse": 0.2133468484415106, "sse": 47.79272162692115, "max": 0.6412951620756713, "min": 0.04778381737119519, "median": 0.1988919243393033, "mean": 0.19690831259616556}