{"std": 0.086323989159672, "rmse": 0.41598078407930084, "sse": 181.6920133593914, "max": 0.8179232095597956, "min": 0.24898901704279916, "median": 0.4033241244622936, "mean": 0.40692527768472525}