{"rmse": 3.541259374783831, "mean": 3.023873686691912, "median": 2.314102226195135, "std": 1.8430154330408184, "min": 0.5716211971001147, "max": 8.501586789320028, "sse": 12452.73433377791}