{"rmse": 0.2136585622535556, "mean": 0.18894314784932142, "median": 0.17323769514066167, "std": 0.09975203308728076, "min": 0.02018612964425144, "max": 0.4336663325230758, "sse": 95.5910606835931}