{"ape_trans": 0.27715812627609615, "ape_rot_deg": 3.2170410343772855, "rpe_8m_trans": 0.2125370421028613, "rpe_8m_rot": 1.7644621352890903, "rpe_16m_trans": 0.3160639348144092, "rpe_16m_rot": 2.469647219701661, "rpe_24m_trans": 0.39875786130968915, "rpe_24m_rot": 3.3935593532023787, "rpe_32m_trans": 0.43477053780921104, "rpe_32m_rot": 4.091390130773487, "rpe_40m_trans": 0.4333957388364483, "rpe_40m_rot": 4.576216712724354, "rpe_48m_trans": 0.49129119829346496, "rpe_48m_rot": 5.677252564683517}