{"ape_trans": 0.14796759829895018, "ape_rot_deg": 3.838282927917431, "rpe_8m_trans": 0.15412613089487712, "rpe_8m_rot": 1.7765208391545095, "rpe_16m_trans": 0.18457617846398303, "rpe_16m_rot": 2.3390113611083123, "rpe_24m_trans": 0.21106833200308486, "rpe_24m_rot": 2.701523251507399, "rpe_32m_trans": 0.24276306421671537, "rpe_32m_rot": 2.4708302919835345, "rpe_40m_trans": 0.2987872398556215, "rpe_40m_rot": 1.4923425108509447, "rpe_48m_trans": 0.3340619610352036, "rpe_48m_rot": 1.6268262700491927}