{"std": 0.49150886768894364, "rmse": 0.8569491126816206, "sse": 998.7320231471108, "max": 2.193950604378123, "min": 0.07584152503616613, "median": 0.5491364391023905, "mean": 0.7019834860656974}