{"rmse": 1.584637730959183, "mean": 1.5394288661994304, "median": 1.3231476401559354, "std": 0.3758131241606703, "min": 1.0878756716199414, "max": 2.2543147918904953, "sse": 1396.158666538984}