{"ape_trans": 0.07516019869323745, "ape_rot_deg": 6.1485825914566945, "rpe_8m_trans": 0.31595393723984316, "rpe_8m_rot": 3.6388337202903993, "rpe_16m_trans": 0.2655064987602004, "rpe_16m_rot": 3.0082802069726555, "rpe_24m_trans": 0.3132696941140703, "rpe_24m_rot": 2.9034364549462293, "rpe_32m_trans": 0.2775022173733294, "rpe_32m_rot": 3.1282623564458114, "rpe_40m_trans": 0.2699990388612398, "rpe_40m_rot": 2.9894464238896212, "rpe_48m_trans": 0.38935865324272345, "rpe_48m_rot": 3.25300829935249}