{"ape_trans": 5.4342568465183625, "ape_rot_deg": 11.905259066262431, "rpe_8m_trans": 3.712137692490224, "rpe_8m_rot": 2.6866609132335006, "rpe_16m_trans": 6.689521352423855, "rpe_16m_rot": 3.327287376346214, "rpe_24m_trans": 8.163343389290366, "rpe_24m_rot": 4.828926346119263, "rpe_32m_trans": 7.3098466998603415, "rpe_32m_rot": 5.8024874894630445, "rpe_40m_trans": 7.244413340045436, "rpe_40m_rot": 7.298221727164521, "rpe_48m_trans": 7.347866364221516, "rpe_48m_rot": 8.359254560813898}