{"ape_trans": 2.3197615803914102, "ape_rot_deg": 19.648397481468834, "rpe_8m_trans": 1.2416426718552802, "rpe_8m_rot": 1.2923911373258656, "rpe_16m_trans": 2.6910278286994767, "rpe_16m_rot": 1.6432890037110528, "rpe_24m_trans": 3.4511433264750915, "rpe_24m_rot": 1.9185699903325641, "rpe_32m_trans": 4.415886539362359, "rpe_32m_rot": 2.379623514677159, "rpe_40m_trans": 4.689501969243546, "rpe_40m_rot": 2.6810354024694742, "rpe_48m_trans": 4.66831569760621, "rpe_48m_rot": 2.673345429034585}