{"std": 0.050428586066157605, "rmse": 0.10432764469375592, "sse": 13.746817155998727, "max": 0.23643804448706415, "min": 0.017243152859715494, "median": 0.08104492708353928, "mean": 0.09133025322813199}