{"ape_trans": 0.27720164666473457, "ape_rot_deg": 3.2170974708936884, "rpe_8m_trans": 0.2125379537645826, "rpe_8m_rot": 1.7644855361070722, "rpe_16m_trans": 0.3160614762689224, "rpe_16m_rot": 2.4697973377722753, "rpe_24m_trans": 0.3987477818201888, "rpe_24m_rot": 3.3936796588791056, "rpe_32m_trans": 0.4347673485031141, "rpe_32m_rot": 4.0915434440952065, "rpe_40m_trans": 0.43341940668824275, "rpe_40m_rot": 4.576371972297304, "rpe_48m_trans": 0.4913436657352527, "rpe_48m_rot": 5.677453769965945}