{"rmse_8m_trans": 0.19201135778866682, "rmse_8m_rot": 1.6613099368147481, "rmse_16m_trans": 0.26732069735141173, "rmse_16m_rot": 1.8018622535265596, "rmse_24m_trans": 0.31337694908137015, "rmse_24m_rot": 2.065327538463677, "rmse_32m_trans": 0.36060031474127757, "rmse_32m_rot": 2.268703143642553, "rmse_40m_trans": 0.40288135402941266, "rmse_40m_rot": 2.2038270283853554, "rmse_48m_trans": 0.49785141921592146, "rmse_48m_rot": 2.4665141945996614}