{"ape_trans": 0.19137477088082286, "ape_rot_deg": 4.125204410277722, "rpe_8m_trans": 0.1668916300472, "rpe_8m_rot": 1.780383699526007, "rpe_16m_trans": 0.20078186471855303, "rpe_16m_rot": 2.372433793766712, "rpe_24m_trans": 0.24750934396929414, "rpe_24m_rot": 2.88082684363965, "rpe_32m_trans": 0.30980586451010567, "rpe_32m_rot": 2.881150269824998, "rpe_40m_trans": 0.3787710858959595, "rpe_40m_rot": 2.078514975681597, "rpe_48m_trans": 0.43200327897080204, "rpe_48m_rot": 1.9751876483950106}