{"rmse": 0.9506306962823039, "mean": 0.9332886061693603, "median": 0.9465031700762176, "std": 0.18075148217547324, "min": 0.5579310661091862, "max": 1.5394819062414744, "sse": 619.0336236892118}