{"rmse": 0.4728380809224325, "mean": 0.39558177874424066, "median": 0.31439412807287265, "std": 0.2590191249617516, "min": 0.07695939842787536, "max": 1.501532896899257, "sse": 267.17314167063853}