{"rmse": 0.32915633298921176, "mean": 0.3246721173843397, "median": 0.325459063615718, "std": 0.05414709355149534, "min": 0.18361553676400158, "max": 0.5040232169754763, "sse": 116.3613395213758}