{"rmse": 21.82168018223593, "mean": 21.685881512911838, "median": 19.930330825986758, "std": 2.430693107682842, "min": 19.02341769396325, "max": 25.579733948048737, "sse": 857134.3067564189}