{"ape_trans": 0.14728599380545723, "ape_rot_deg": 1.5227975457487268, "rpe_8m_trans": 0.2057514066688773, "rpe_8m_rot": 0.5106301175523449, "rpe_16m_trans": 0.2697219070788647, "rpe_16m_rot": 0.5275957966042009, "rpe_24m_trans": 0.2336304579954123, "rpe_24m_rot": 0.5629426280435914, "rpe_32m_trans": 0.2513902305317342, "rpe_32m_rot": 0.591462023833555, "rpe_40m_trans": 0.23092866405428364, "rpe_40m_rot": 0.6274990636851532, "rpe_48m_trans": 0.21417976243262596, "rpe_48m_rot": 0.4794596663307514}