{"ape_trans": 1.1866602060956435, "ape_rot_deg": 160.02501826398003, "rpe_8m_trans": 1.2110338248144705, "rpe_8m_rot": 2.6635007270750406, "rpe_16m_trans": 2.289493805173845, "rpe_16m_rot": 5.031759051008514, "rpe_24m_trans": 3.155906360762668, "rpe_24m_rot": 7.108634428700624, "rpe_32m_trans": 3.156437933568943, "rpe_32m_rot": 7.296604948965484, "rpe_40m_trans": 3.1672959699854544, "rpe_40m_rot": 7.4045596924163775, "rpe_48m_trans": NaN, "rpe_48m_rot": NaN}