{"ape_trans": 21.8412860559872, "ape_rot_deg": 51.5917452073982, "rpe_8m_trans": 0.15306704605521612, "rpe_8m_rot": 1.4928738492085156, "rpe_16m_trans": 0.24807835798101108, "rpe_16m_rot": 1.374952554734744, "rpe_24m_trans": 0.33507173306169646, "rpe_24m_rot": 1.115399842516882, "rpe_32m_trans": 0.4574344050230774, "rpe_32m_rot": 1.0521182687656123, "rpe_40m_trans": 32.00279985629001, "rpe_40m_rot": 38.36153639046309, "rpe_48m_trans": 42.99262752318981, "rpe_48m_rot": 50.234387547400175}