{"rmse": 0.10151457498064498, "mean": 0.08279296236017321, "median": 0.0687421468622325, "std": 0.05874124885570558, "min": 0.005888175669465979, "max": 0.26836826722293916, "sse": 11.078099603513566}