{"ape_trans": 0.1466148124605327, "ape_rot_deg": 4.09391929885663, "rpe_8m_trans": 0.14967314503319895, "rpe_8m_rot": 1.702982582149022, "rpe_16m_trans": 0.18735617815261432, "rpe_16m_rot": 2.068167575802216, "rpe_24m_trans": 0.2212890556313353, "rpe_24m_rot": 2.4914602306993427, "rpe_32m_trans": 0.26161409055676826, "rpe_32m_rot": 2.4717526399435537, "rpe_40m_trans": 0.3129738569566424, "rpe_40m_rot": 1.681005189911613, "rpe_48m_trans": 0.34638806883141815, "rpe_48m_rot": 1.7937527459952}