{"rmse": 0.38509585569258215, "mean": 0.37080239774751755, "median": 0.3880343942946902, "std": 0.10394421530943324, "min": 0.15299468656215723, "max": 0.8248814752131324, "sse": 78.15347712373429}