{"ape_trans": 0.2731679058895056, "ape_rot_deg": 6.973307247519562, "rpe_8m_trans": 0.20280371641897477, "rpe_8m_rot": 2.3724121173315944, "rpe_16m_trans": 0.21265298031762261, "rpe_16m_rot": 3.2445082112616985, "rpe_24m_trans": 0.2373570364131036, "rpe_24m_rot": 4.167243663030316, "rpe_32m_trans": 0.29994331341072555, "rpe_32m_rot": 5.0951513568844495, "rpe_40m_trans": 0.3199948638452745, "rpe_40m_rot": 6.107146510808942, "rpe_48m_trans": 0.3348182359872441, "rpe_48m_rot": 7.024790411867601}