{"rmse": 11.893895965404019, "mean": 11.885099102655587, "median": 11.978094864218557, "std": 0.45736260877921725, "min": 10.694227524432597, "max": 12.787029421050514, "sse": 276563.60821609455}