{"ape_trans": 0.29863691580629, "ape_rot_deg": 1.5628494306500846, "rpe_8m_trans": 0.23682410007561705, "rpe_8m_rot": 0.5417112954245251, "rpe_16m_trans": 0.35622467581320844, "rpe_16m_rot": 0.6272857111716419, "rpe_24m_trans": 0.42994177313348814, "rpe_24m_rot": 0.6067258492270378, "rpe_32m_trans": 0.4887942150420801, "rpe_32m_rot": 0.6563687722594295, "rpe_40m_trans": 0.5220507464956959, "rpe_40m_rot": 0.8636225803967044, "rpe_48m_trans": 0.5209726092086671, "rpe_48m_rot": 0.9890018202028302}