{"ape_trans": 0.2513819730308842, "ape_rot_deg": 5.832229639832691, "rpe_8m_trans": 0.16619581172139064, "rpe_8m_rot": 1.003258953616376, "rpe_16m_trans": 0.2910823618682454, "rpe_16m_rot": 1.3849833152659115, "rpe_24m_trans": 0.3313486806728486, "rpe_24m_rot": 1.9586218621615354, "rpe_32m_trans": 0.4306798966532323, "rpe_32m_rot": 2.5719480428442028, "rpe_40m_trans": 0.40623173501375, "rpe_40m_rot": 3.217586424715541, "rpe_48m_trans": 0.5146426756736864, "rpe_48m_rot": 3.7420257413179363}