{"std": 0.01921512253894607, "rmse": 0.07534611469512605, "sse": 4.479182192724709, "max": 0.1254979771749844, "min": 0.026576866346083985, "median": 0.07212721178786646, "mean": 0.07285476007416657}