{"ape_trans": 12385520.875479037, "ape_rot_deg": 114.80236856124816, "rpe_8m_trans": 0.1234292713004461, "rpe_8m_rot": 2.1477648422953943, "rpe_16m_trans": 0.1266866378172183, "rpe_16m_rot": 2.2107406586569076, "rpe_24m_trans": 0.13812559801474997, "rpe_24m_rot": 2.421844002563277, "rpe_32m_trans": 0.1588539113667185, "rpe_32m_rot": 2.596154014405581, "rpe_40m_trans": 0.1656690248644021, "rpe_40m_rot": 2.6135024083566676, "rpe_48m_trans": 0.19255029916143315, "rpe_48m_rot": 3.221595122771939}