{"ape_trans": 0.10793547485421916, "ape_rot_deg": 2.3221249048019104, "rpe_8m_trans": 0.11609708635715779, "rpe_8m_rot": 1.383734650294652, "rpe_16m_trans": 0.1473190938523906, "rpe_16m_rot": 1.5799333450013557, "rpe_24m_trans": 0.16446466665844073, "rpe_24m_rot": 1.9823702615977552, "rpe_32m_trans": 0.19055154808461255, "rpe_32m_rot": 2.474619217555284, "rpe_40m_trans": 0.19987564151870751, "rpe_40m_rot": 2.8778053844713516, "rpe_48m_trans": 0.21129706109867794, "rpe_48m_rot": 3.4315694605618057}