{"ape_trans": 0.9505165221153804, "ape_rot_deg": 26.153007918916053, "rpe_8m_trans": 0.9294809185659335, "rpe_8m_rot": 1.9020063988666436, "rpe_16m_trans": 1.3878068047675092, "rpe_16m_rot": 2.7776739932617285, "rpe_24m_trans": 1.7479606807271764, "rpe_24m_rot": 3.600104627207231, "rpe_32m_trans": 1.860219088958177, "rpe_32m_rot": 4.136306441517927, "rpe_40m_trans": 1.9484792194430876, "rpe_40m_rot": 4.465185838712167, "rpe_48m_trans": 1.9462133375146509, "rpe_48m_rot": 4.668777482873419}