{"rmse": 10.869341060478696, "mean": 7.060976027019328, "median": 3.9808057916338995, "std": 8.26348550158264, "min": 3.4747695285143636, "max": 31.732162702882825, "sse": 46902.60231033623}