{"rmse_8m_trans": 0.23112681395434048, "rmse_8m_rot": 1.73847581887036, "rmse_16m_trans": 0.388455344750047, "rmse_16m_rot": 2.308240841932777, "rmse_24m_trans": 0.507064917917638, "rmse_24m_rot": 3.130538983933754, "rmse_32m_trans": 0.5916624984378679, "rmse_32m_rot": 3.757653797506641, "rmse_40m_trans": 0.5967638760057334, "rmse_40m_rot": 4.353397378623593, "rmse_48m_trans": 0.6798223525819055, "rmse_48m_rot": 5.357962526652685}