{"rmse": 11.68508915800042, "mean": 11.553242885000596, "median": 10.941949620297299, "std": 1.7503963752824874, "min": 6.143601405203829, "max": 15.70558771868376, "sse": 748792.5365292176}