{"ape_trans": 12.52680397274735, "ape_rot_deg": 119.16390595521399, "rpe_8m_trans": 0.0660218577285034, "rpe_8m_rot": 1.3748941864131003, "rpe_16m_trans": 0.07674110863965286, "rpe_16m_rot": 1.485818511836246, "rpe_24m_trans": 5.14124017290366, "rpe_24m_rot": 2.6448442293986463, "rpe_32m_trans": 14.767071200213472, "rpe_32m_rot": 6.468861899677223, "rpe_40m_trans": 17.521166301534723, "rpe_40m_rot": 7.583387029995963, "rpe_48m_trans": 20.84916271071064, "rpe_48m_rot": 8.805684102765888}