{"ape_trans": 1.129838018991281, "ape_rot_deg": 10.148913345159889, "rpe_8m_trans": 1.8440213851439624, "rpe_8m_rot": 5.766208077355118, "rpe_16m_trans": 2.2520572212584766, "rpe_16m_rot": 7.735378291416993, "rpe_24m_trans": 3.255865623153754, "rpe_24m_rot": 10.976902936111367, "rpe_32m_trans": NaN, "rpe_32m_rot": NaN, "rpe_40m_trans": NaN, "rpe_40m_rot": NaN, "rpe_48m_trans": NaN, "rpe_48m_rot": NaN}