{"std": 0.8869545540708303, "rmse": 2.1525402238866396, "sse": 2126.7441016915245, "max": 3.8575482199257034, "min": 0.3111932342612409, "median": 2.0608148450987698, "mean": 1.961311049900795}