{"ape_trans": 0.14944828064840307, "ape_rot_deg": 4.290600426256558, "rpe_8m_trans": 0.16411354849591456, "rpe_8m_rot": 1.8417961619951437, "rpe_16m_trans": 0.18959706064719753, "rpe_16m_rot": 2.492089745652868, "rpe_24m_trans": 0.20970940082939862, "rpe_24m_rot": 2.9776738184580718, "rpe_32m_trans": 0.2489267639073218, "rpe_32m_rot": 2.964523827587259, "rpe_40m_trans": 0.302565228826609, "rpe_40m_rot": 2.1849196220769382, "rpe_48m_trans": 0.33327965222221123, "rpe_48m_rot": 2.1053771555568415}