{"rmse": 4.290292032972243, "mean": 4.244972467021448, "median": 4.242266331839896, "std": 0.6219441151863532, "min": 3.0423037749700526, "max": 7.432819143124704, "sse": 27112.930237616652}