{"ape_trans": 16.507035303427497, "ape_rot_deg": 123.14768401343152, "rpe_8m_trans": 3.605239171462002, "rpe_8m_rot": 1.540644221307727, "rpe_16m_trans": 7.777382874949834, "rpe_16m_rot": 1.9394055957149539, "rpe_24m_trans": 13.69998366981254, "rpe_24m_rot": 3.8382710355655862, "rpe_32m_trans": 18.41450931535781, "rpe_32m_rot": 5.147797409701532, "rpe_40m_trans": 22.58813290459241, "rpe_40m_rot": 5.757195349417781, "rpe_48m_trans": 26.93109538136593, "rpe_48m_rot": 6.318529581284735}