{"rmse": 0.12686825349661848, "mean": 0.11444825284896182, "median": 0.10139680926233059, "std": 0.05474624338803859, "min": 0.013790023726000241, "max": 0.39739571326088796, "sse": 18.123593517187814}