{"rmse": 0.04826320738789569, "mean": 0.042655261472783736, "median": 0.03522038162335532, "std": 0.02258020938909736, "min": 0.002950404358776863, "max": 0.10565030279306473, "sse": 2.879060763585648}