{"rmse": 0.1701353242490333, "mean": 0.12978406580807395, "median": 0.09127930567068411, "std": 0.11000965784716012, "min": 0.02731845985593148, "max": 0.4911021078148815, "sse": 43.27431269319893}