{"ape_trans": 21.82880107339311, "ape_rot_deg": 51.57422996022889, "rpe_8m_trans": 0.153060485705193, "rpe_8m_rot": 1.492847586207287, "rpe_16m_trans": 0.24806199953494235, "rpe_16m_rot": 1.3748897914587106, "rpe_24m_trans": 0.3350513662289631, "rpe_24m_rot": 1.1152206263479805, "rpe_32m_trans": 0.45741075859752095, "rpe_32m_rot": 1.0517268119574001, "rpe_40m_trans": 32.35318618978929, "rpe_40m_rot": 38.76406548207001, "rpe_48m_trans": 42.96917675496302, "rpe_48m_rot": 50.222606194504344}