{"rmse": 0.2771756129607525, "mean": 0.2419791692730067, "median": 0.22017418297370972, "std": 0.13517544916927204, "min": 0.03203546738851363, "max": 0.6081586439891457, "sse": 83.74068925798407}