{"rmse": 1.5951562707929239, "mean": 1.5821980205142774, "median": 1.6310509627381373, "std": 0.2029111927191038, "min": 1.1538125633121272, "max": 1.9173720454754293, "sse": 1340.9638993877434}