{"rmse": 5.82057587512692, "mean": 5.701266897834402, "median": 5.065964544209448, "std": 1.1724586465062183, "min": 4.2763787318755, "max": 7.31184865802451, "sse": 196058.37205929973}