{"rmse": 4.523570425755972, "mean": 4.0393249209256386, "median": 3.588941010498382, "std": 2.0363063570993303, "min": 0.6732905155093473, "max": 9.754176794461214, "sse": 20319.45057099665}