{"ape_trans": 0.06055453037424458, "ape_rot_deg": 1.0453774422780167, "rpe_8m_trans": 0.05753292631446085, "rpe_8m_rot": 0.834340159059669, "rpe_16m_trans": 0.0723018213325044, "rpe_16m_rot": 1.087337346189165, "rpe_24m_trans": 0.08257615055110573, "rpe_24m_rot": 1.3629839862223243, "rpe_32m_trans": 0.08875122887704424, "rpe_32m_rot": 1.6159584617401317, "rpe_40m_trans": 0.11088554308733023, "rpe_40m_rot": 1.8425837408652728, "rpe_48m_trans": 0.14198382063674633, "rpe_48m_rot": 2.061010313188141}