{"ape_trans": 4.3398157822829315, "ape_rot_deg": 24.89712838335476, "rpe_8m_trans": 2.858941707711261, "rpe_8m_rot": 5.265155670666493, "rpe_16m_trans": 4.734064320341044, "rpe_16m_rot": 8.61656953640133, "rpe_24m_trans": 6.102528681650923, "rpe_24m_rot": 11.977059974323762, "rpe_32m_trans": 6.7696979428202795, "rpe_32m_rot": 14.164497648859385, "rpe_40m_trans": 7.3519574726195875, "rpe_40m_rot": 17.186039939300425, "rpe_48m_trans": 8.014323176716962, "rpe_48m_rot": 20.598809469466932}