{"rmse": 2.5435069422642425, "mean": 2.542572816900293, "median": 2.531874390102989, "std": 0.06892776005430967, "min": 2.3426826509042304, "max": 2.9441600399629433, "sse": 12440.709208161119}