{"rmse": 0.18360811399798493, "mean": 0.16773647498472877, "median": 0.15927162536901343, "std": 0.07467539411074103, "min": 0.015778867000397344, "max": 0.37535040912275747, "sse": 77.84086836529625}