{"ape_trans": 0.3078609329959847, "ape_rot_deg": 0.8191078441243195, "rpe_8m_trans": 0.2389893579536793, "rpe_8m_rot": 0.6012106136325692, "rpe_16m_trans": 0.37333679136658987, "rpe_16m_rot": 0.673229516933288, "rpe_24m_trans": 0.4145897441960122, "rpe_24m_rot": 0.7949964983459439, "rpe_32m_trans": 0.4457625136323568, "rpe_32m_rot": 0.8135593742406549, "rpe_40m_trans": 0.5166700563340552, "rpe_40m_rot": 0.869298108851584, "rpe_48m_trans": 0.6700235526116888, "rpe_48m_rot": 0.9615206977295484}