{"ape_trans": 0.08936570799131664, "ape_rot_deg": 5.742124156607565, "rpe_8m_trans": 0.27997189093056013, "rpe_8m_rot": 3.665020375336375, "rpe_16m_trans": 0.28615690868408833, "rpe_16m_rot": 3.1813591133451586, "rpe_24m_trans": 0.3188951025540439, "rpe_24m_rot": 2.872590405270323, "rpe_32m_trans": 0.28717559415141336, "rpe_32m_rot": 3.097197021542496, "rpe_40m_trans": 0.3112011876118755, "rpe_40m_rot": 3.036533516375599, "rpe_48m_trans": 0.37385839185574554, "rpe_48m_rot": 3.299734762035581}