{"ape_trans": 2.3214229609717902, "ape_rot_deg": 19.642673336587958, "rpe_8m_trans": 1.24248720903747, "rpe_8m_rot": 1.2931262123284197, "rpe_16m_trans": 2.6929129149997104, "rpe_16m_rot": 1.6445558453967535, "rpe_24m_trans": 3.4535870671307864, "rpe_24m_rot": 1.918915536087201, "rpe_32m_trans": 4.418969871785859, "rpe_32m_rot": 2.379950554951627, "rpe_40m_trans": 4.692875168890628, "rpe_40m_rot": 2.687123526721942, "rpe_48m_trans": 4.671687794365809, "rpe_48m_rot": 2.670661971069186}