{"rmse": 5084423.463969358, "mean": 5053612.509190089, "median": 4970185.906346321, "std": 558894.0578675176, "min": 3786621.456803272, "max": 6511150.880831562, "sse": 1.4675818185238224e+17}