{"rmse_8m_trans": 0.16296335311140814, "rmse_8m_rot": 1.0141511911913115, "rmse_16m_trans": 0.28198768589766715, "rmse_16m_rot": 1.3907973923759185, "rmse_24m_trans": 0.3236089530900887, "rmse_24m_rot": 1.9289724916574522, "rmse_32m_trans": 0.42680287187726185, "rmse_32m_rot": 2.525209417181336, "rmse_40m_trans": 0.38611945864944663, "rmse_40m_rot": 3.1267377835308503, "rmse_48m_trans": 0.482755274662698, "rmse_48m_rot": 3.6897906340256705}