{"ape_trans": 0.12257917979871297, "ape_rot_deg": 1.3301236849886522, "rpe_8m_trans": 0.071461878141411, "rpe_8m_rot": 0.6930279997476202, "rpe_16m_trans": 0.12067755693603253, "rpe_16m_rot": 0.8233934884283208, "rpe_24m_trans": 0.16440179755562967, "rpe_24m_rot": 0.9592575220714489, "rpe_32m_trans": 0.20146557272579627, "rpe_32m_rot": 1.0755456598714088, "rpe_40m_trans": 0.24006046111106524, "rpe_40m_rot": 1.1630612304525547, "rpe_48m_trans": 0.268718701481489, "rpe_48m_rot": 1.3374341829589456}