{"rmse": 0.05807613737680496, "mean": 0.04961213994379983, "median": 0.041736978465872675, "std": 0.03019061613823646, "min": 0.0020229690217415507, "max": 0.14215464514528287, "sse": 8.573753516293406}