{"ape_trans": 0.13031945876992987, "ape_rot_deg": 5.631202811725965, "rpe_8m_trans": 0.058628215673734975, "rpe_8m_rot": 0.8998233147636359, "rpe_16m_trans": 0.08493509428536547, "rpe_16m_rot": 1.2651507403978974, "rpe_24m_trans": 0.11314152892307157, "rpe_24m_rot": 1.7303427696702907, "rpe_32m_trans": 0.1392083883043727, "rpe_32m_rot": 2.2228653209888622, "rpe_40m_trans": 0.17051518835393228, "rpe_40m_rot": 2.749446784969682, "rpe_48m_trans": 0.2092924176757547, "rpe_48m_rot": 3.2386158987383777}