{"rmse": 0.18911239555538809, "mean": 0.17166995887114594, "median": 0.16526480039447575, "std": 0.07932794825202923, "min": 0.016045981565889773, "max": 0.347823428802202, "sse": 82.57791723457868}