{"ape_trans": 5.3568497519595955, "ape_rot_deg": 29.455016701362666, "rpe_8m_trans": 0.035683066909311896, "rpe_8m_rot": 1.0135252976813136, "rpe_16m_trans": 5.058095536387556, "rpe_16m_rot": 8.673844878065271, "rpe_24m_trans": 6.204547293254768, "rpe_24m_rot": 11.61872164017816, "rpe_32m_trans": 7.431192567271846, "rpe_32m_rot": 13.761632780532583, "rpe_40m_trans": 8.823808711472747, "rpe_40m_rot": 16.479400891652414, "rpe_48m_trans": 10.273194066457524, "rpe_48m_rot": 19.432953754117168}