{"rmse": 0.06557170163798752, "mean": 0.06252789939266507, "median": 0.062270687923419166, "std": 0.019746135146960116, "min": 0.0013544545717510395, "max": 0.1199182730698152, "sse": 5.8690195960322145}