{"std": 148.68459380643063, "rmse": 361.68123244097006, "sse": 146380098.25412127, "max": 713.6238824628025, "min": 180.347743613894, "median": 281.6982932794332, "mean": 329.7062411672484}