{"std": 0.08747727669893464, "rmse": 0.17750772346537788, "sse": 41.21376139193828, "max": 0.41323882993073824, "min": 0.010998139607099186, "median": 0.15010287331453726, "mean": 0.1544562007534793}