{"rmse": 0.18697795451140642, "mean": 0.1663513103323202, "median": 0.14448804533003257, "std": 0.0853697664515353, "min": 0.014021328196528259, "max": 0.3747548597158905, "sse": 34.681069429483415}