{"rmse": 0.21898959528094195, "mean": 0.21110891782270708, "median": 0.20792605523609836, "std": 0.05821913480150896, "min": 0.09461496438930257, "max": 0.519752223066377, "sse": 50.35426498337629}