{"rmse": 11375820.227103362, "mean": 11308159.357609808, "median": 11101073.465585947, "std": 1238877.6300650954, "min": 8701257.896477178, "max": 14715779.70736932, "sse": 7.346565157101261e+17}