{"rmse": 0.11816300042754105, "mean": 0.10595336780358691, "median": 0.08500926829118788, "std": 0.05231040547651007, "min": 0.01327253954666323, "max": 0.27833120982205345, "sse": 15.721768998463986}