{"rmse": 2.92482285478249, "mean": 2.8421822499153504, "median": 2.3446324672919454, "std": 0.6903541048795996, "min": 2.192700365226577, "max": 4.1255125777322625, "sse": 4747.796746181188}