{"ape_trans": 0.15386824890110598, "ape_rot_deg": 3.9918835672802375, "rpe_8m_trans": 0.15595178045085906, "rpe_8m_rot": 1.772546577616294, "rpe_16m_trans": 0.18046050238209985, "rpe_16m_rot": 2.3711340939351024, "rpe_24m_trans": 0.20508620298847588, "rpe_24m_rot": 2.9173097075221204, "rpe_32m_trans": 0.24658043959505374, "rpe_32m_rot": 2.925486705840374, "rpe_40m_trans": 0.3016899349562327, "rpe_40m_rot": 2.156752390707185, "rpe_48m_trans": 0.3402227997467983, "rpe_48m_rot": 1.847099787587568}