{"ape_trans": 0.12225593539764851, "ape_rot_deg": 1.0495881234354025, "rpe_8m_trans": 0.09300625171239364, "rpe_8m_rot": 1.0273510994471373, "rpe_16m_trans": 0.10221523457411474, "rpe_16m_rot": 1.1961535448395773, "rpe_24m_trans": 0.11971090268604155, "rpe_24m_rot": 1.3810797934308658, "rpe_32m_trans": 0.1412000996822694, "rpe_32m_rot": 1.6178456328965374, "rpe_40m_trans": 0.14776731870294066, "rpe_40m_rot": 1.8164326306962593, "rpe_48m_trans": 0.14161422705873694, "rpe_48m_rot": 1.9271786724355495}