{"ape_trans": 1.6261437229122775, "ape_rot_deg": 16.661106596763275, "rpe_8m_trans": 1.209428206500223, "rpe_8m_rot": 3.3349297008079746, "rpe_16m_trans": 1.8970665635907658, "rpe_16m_rot": 4.798373843200541, "rpe_24m_trans": 2.5578342138723023, "rpe_24m_rot": 6.562940019635229, "rpe_32m_trans": 3.0065273739890794, "rpe_32m_rot": 7.367922556425366, "rpe_40m_trans": 3.135860048141569, "rpe_40m_rot": 7.199559619084627, "rpe_48m_trans": 3.375025657344916, "rpe_48m_rot": 6.56324137228914}