{"rmse": 0.1021287773926158, "mean": 0.08958626476128526, "median": 0.07103831394947184, "std": 0.04903660202166718, "min": 0.016773111474130277, "max": 0.23901027784080267, "sse": 11.744503355345993}