{"rmse": 39197748.694918044, "mean": 39070968.72774509, "median": 38418688.813783415, "std": 3150064.3525989316, "min": 32172953.635567885, "max": 47368299.54431679, "sse": 8.722503305111462e+18}