{"std": 0.6277853434534874, "rmse": 1.3744281092739457, "sse": 2761.7949414961604, "max": 2.7881253236728596, "min": 0.16527946142653777, "median": 1.2077532482412559, "mean": 1.2226766498577375}