{"ape_trans": 0.09063107011629738, "ape_rot_deg": 0.6159208163348147, "rpe_8m_trans": 0.06625058931365808, "rpe_8m_rot": 0.6722904441071926, "rpe_16m_trans": 0.09085173127257137, "rpe_16m_rot": 0.7737149847496092, "rpe_24m_trans": 0.1140299934659897, "rpe_24m_rot": 0.780779822330956, "rpe_32m_trans": 0.14329735764495496, "rpe_32m_rot": 0.7735706951320351, "rpe_40m_trans": 0.16450935424935995, "rpe_40m_rot": 0.6882972863789317, "rpe_48m_trans": 0.19150885372895832, "rpe_48m_rot": 0.7402388288208626}