{"rmse": 0.12225584065013467, "mean": 0.09856215887255518, "median": 0.07559768613865338, "std": 0.0723325059116046, "min": 0.014304260361276746, "max": 0.32901262018781874, "sse": 18.757845669204258}