{"rmse": 2.3191775473975746, "mean": 2.3066230566547263, "median": 2.342011411361291, "std": 0.24098666116994202, "min": 1.8212189322367776, "max": 2.844602686759378, "sse": 4152.267231184538}