{"ape_trans": 0.06751506225773073, "ape_rot_deg": 1.621167272123066, "rpe_8m_trans": 0.09489709192638751, "rpe_8m_rot": 1.4188364014783321, "rpe_16m_trans": 0.1273417638471273, "rpe_16m_rot": 2.209097789298726, "rpe_24m_trans": 0.1906061172894984, "rpe_24m_rot": 3.2553241394384944, "rpe_32m_trans": 0.18028394885106888, "rpe_32m_rot": 4.863865600572213, "rpe_40m_trans": NaN, "rpe_40m_rot": NaN, "rpe_48m_trans": NaN, "rpe_48m_rot": NaN}