{"ape_trans": 0.0637490259951659, "ape_rot_deg": 1.623906661444758, "rpe_8m_trans": 0.042395967566097724, "rpe_8m_rot": 0.997941700705747, "rpe_16m_trans": 0.06496937045446954, "rpe_16m_rot": 1.229931563454814, "rpe_24m_trans": 0.0772517024955163, "rpe_24m_rot": 1.4518367477343577, "rpe_32m_trans": 0.08377071410650601, "rpe_32m_rot": 1.7180497486092043, "rpe_40m_trans": 0.0896792452507313, "rpe_40m_rot": 1.9888638638324418, "rpe_48m_trans": 0.09231641201204709, "rpe_48m_rot": 2.1548812138362843}