{"rmse": 7.942331433174025, "mean": 7.68863438020659, "median": 6.625133134686136, "std": 1.9913638446776536, "min": 4.642099206135602, "max": 11.452140021949896, "sse": 302471.614110072}