{"rmse": 21.82880107339311, "mean": 21.69296356979677, "median": 19.936479077462014, "std": 2.4314374063993895, "min": 19.029796752365407, "max": 25.587669562463194, "sse": 857693.8013431827}