{"std": 0.1052565003168106, "rmse": 0.34711168225662264, "sse": 117.594843480006, "max": 0.4835090980874769, "min": 0.11427913988453127, "median": 0.37754458322763135, "mean": 0.3307681803016726}