{"rmse": 0.1607518209587946, "mean": 0.1433890346079109, "median": 0.1261063451800193, "std": 0.07266865002034706, "min": 0.034200012739540396, "max": 0.31634175126345515, "sse": 25.531054166269534}