{"ape_trans": 0.195145577425819, "ape_rot_deg": 1.6275842281223964, "rpe_8m_trans": 0.1890601816987774, "rpe_8m_rot": 0.573105871569852, "rpe_16m_trans": 0.25634919509038867, "rpe_16m_rot": 0.636410060931414, "rpe_24m_trans": 0.25279005684964934, "rpe_24m_rot": 0.6366766695058733, "rpe_32m_trans": 0.28770093003297675, "rpe_32m_rot": 0.6242753042625977, "rpe_40m_trans": 0.25467302424760707, "rpe_40m_rot": 0.62481431484769, "rpe_48m_trans": 0.2661648878118019, "rpe_48m_rot": 0.6516327580007153}