{"rmse": 6.384022288001658, "mean": 6.253819072481291, "median": 6.574569779245663, "std": 1.2827655991533151, "min": 0.31942207665627986, "max": 8.123142718553835, "sse": 32319.30227494563}