{"rmse": 0.2530722505278744, "mean": 0.2191565686935524, "median": 0.1776042244597839, "std": 0.12655418754711942, "min": 0.045260269621371696, "max": 0.8012927177837019, "sse": 134.11141098928732}