{"ape_trans": 0.06800127453147863, "ape_rot_deg": 1.7852552044407137, "rpe_8m_trans": 0.0497925971137451, "rpe_8m_rot": 0.9862567937888224, "rpe_16m_trans": 0.06746070721126937, "rpe_16m_rot": 1.2239296419368029, "rpe_24m_trans": 0.07823713909233816, "rpe_24m_rot": 1.469522983061793, "rpe_32m_trans": 0.08615092209866212, "rpe_32m_rot": 1.754011587992317, "rpe_40m_trans": 0.095154601144664, "rpe_40m_rot": 2.05437285008075, "rpe_48m_trans": 0.09586689720562297, "rpe_48m_rot": 2.266165495550556}