{"ape_trans": 0.22925117386111948, "ape_rot_deg": 14.934677431726852, "rpe_8m_trans": 0.2815441783114689, "rpe_8m_rot": 1.1337275397899664, "rpe_16m_trans": 0.44848801656819415, "rpe_16m_rot": 1.879520056677569, "rpe_24m_trans": 0.5038861841072972, "rpe_24m_rot": 2.4751473572636895, "rpe_32m_trans": 0.5184285979360597, "rpe_32m_rot": 2.767947562070695, "rpe_40m_trans": 0.5356364925290054, "rpe_40m_rot": 4.339142155438726, "rpe_48m_trans": NaN, "rpe_48m_rot": NaN}