{"ape_trans": 1.0490511360138268, "ape_rot_deg": 26.30784137507105, "rpe_8m_trans": 0.911174106236818, "rpe_8m_rot": 1.9780896175534899, "rpe_16m_trans": 1.3840973346064278, "rpe_16m_rot": 2.8443564266024084, "rpe_24m_trans": 1.8791789833617658, "rpe_24m_rot": 3.9183825624956636, "rpe_32m_trans": 2.0848375677980084, "rpe_32m_rot": 4.354299371544013, "rpe_40m_trans": 2.215423450438429, "rpe_40m_rot": 4.776362017785379, "rpe_48m_trans": 2.2089980336314885, "rpe_48m_rot": 5.042532149257725}