{"rmse": 2.7855788637639636, "mean": 2.70691949553215, "median": 2.2360576607507596, "std": 0.6572947976034061, "min": 2.073014562938193, "max": 3.923879478964298, "sse": 4306.494531467937}