{"ape_trans": 0.589263974468135, "ape_rot_deg": 80.3142220940075, "rpe_8m_trans": 0.7383865500737076, "rpe_8m_rot": 0.7142523333923531, "rpe_16m_trans": 1.258666544675627, "rpe_16m_rot": 0.6511226470946384, "rpe_24m_trans": 1.6268554755475837, "rpe_24m_rot": 0.7000431802943422, "rpe_32m_trans": 1.6424949088611984, "rpe_32m_rot": 0.8149360706387032, "rpe_40m_trans": 1.6488857898020852, "rpe_40m_rot": 0.4593972026102385, "rpe_48m_trans": NaN, "rpe_48m_rot": NaN}