{"rmse": 0.14952875074807698, "mean": 0.12150687494055659, "median": 0.09682923590985439, "std": 0.08714887631209293, "min": 0.026066581393053234, "max": 0.6619670725102041, "sse": 25.04190897631419}