{"ape_trans": 0.12214697870552488, "ape_rot_deg": 2.2580442157653424, "rpe_8m_trans": 0.11909111250106659, "rpe_8m_rot": 1.456199428044041, "rpe_16m_trans": 0.1486577910111087, "rpe_16m_rot": 1.5116050398344363, "rpe_24m_trans": 0.1621214467879706, "rpe_24m_rot": 1.8013716772886232, "rpe_32m_trans": 0.1968979329690616, "rpe_32m_rot": 2.1819194622076825, "rpe_40m_trans": 0.20113779453234384, "rpe_40m_rot": 2.481534452882196, "rpe_48m_trans": 0.2075998705576773, "rpe_48m_rot": 2.885776739794096}