{"std": 0.06869253242519242, "rmse": 0.27534159586255474, "sse": 81.2715300098124, "max": 0.3887691904670555, "min": 0.10165455698689577, "median": 0.2627758917701617, "mean": 0.2666352009790761}