{"rmse": 0.4927322881849757, "mean": 0.46857274402086535, "median": 0.44544565224705046, "std": 0.15239649399103172, "min": 0.18027397068359577, "max": 1.0540140248014847, "sse": 289.8854187370823}