{"ape_trans": 0.36200324157455255, "ape_rot_deg": 2.546463506669675, "rpe_8m_trans": 0.28848977180805946, "rpe_8m_rot": 0.686890181022599, "rpe_16m_trans": 0.4626731486048594, "rpe_16m_rot": 0.8683498898282026, "rpe_24m_trans": 0.5475541913616444, "rpe_24m_rot": 1.0742559810829553, "rpe_32m_trans": 0.6449332001779712, "rpe_32m_rot": 1.082986476215379, "rpe_40m_trans": 0.6820113362807327, "rpe_40m_rot": 1.1389112204860536, "rpe_48m_trans": 0.6268831105099014, "rpe_48m_rot": 1.187646872828571}