{"rmse": 136.28139006084348, "mean": 101.11137997609688, "median": 74.80634500066527, "std": 91.37344316728534, "min": 15.16561928469872, "max": 470.4027160577808, "sse": 16121031.796362886}