{"ape_trans": 0.07778521616267274, "ape_rot_deg": 1.5318914955288492, "rpe_8m_trans": 0.07402070591192474, "rpe_8m_rot": 1.1709278955253155, "rpe_16m_trans": 0.11360315656911904, "rpe_16m_rot": 1.839346642030253, "rpe_24m_trans": 0.13315008451434268, "rpe_24m_rot": 2.4314440268187876, "rpe_32m_trans": 0.15537777129962382, "rpe_32m_rot": 2.799843192809592, "rpe_40m_trans": 0.15043386888661642, "rpe_40m_rot": 2.774304482876346, "rpe_48m_trans": 0.14273880698906502, "rpe_48m_rot": 2.74912467146212}