{"rmse": 0.1947709693977808, "mean": 0.18042363525989977, "median": 0.1616262585088824, "std": 0.07336921942990758, "min": 0.04244458529770464, "max": 0.39770671412801734, "sse": 68.8912866245947}