{"ape_trans": 0.4296870277727053, "ape_rot_deg": 11.85738933113592, "rpe_8m_trans": 0.875481411948419, "rpe_8m_rot": 1.535143176012107, "rpe_16m_trans": 0.953368958622575, "rpe_16m_rot": 1.706321292612063, "rpe_24m_trans": 1.3585364975419, "rpe_24m_rot": 1.755532430099717, "rpe_32m_trans": NaN, "rpe_32m_rot": NaN, "rpe_40m_trans": NaN, "rpe_40m_rot": NaN, "rpe_48m_trans": NaN, "rpe_48m_rot": NaN}