{"rmse": 0.3187214198178226, "mean": 0.312864035227992, "median": 0.3163413413927729, "std": 0.060823013009440145, "min": 0.17281159565823606, "max": 0.5295998704078017, "sse": 103.20867694589975}