{"ape_trans": 0.07205968748562358, "ape_rot_deg": 6.34583070780452, "rpe_8m_trans": 0.3107270290239898, "rpe_8m_rot": 3.721545852771983, "rpe_16m_trans": 0.25812007475500925, "rpe_16m_rot": 3.0524802013927794, "rpe_24m_trans": 0.30373160052086695, "rpe_24m_rot": 2.988759170309159, "rpe_32m_trans": 0.2629932891696242, "rpe_32m_rot": 3.2838146307181586, "rpe_40m_trans": 0.27429921431668314, "rpe_40m_rot": 3.326102340308778, "rpe_48m_trans": 0.3679440421030476, "rpe_48m_rot": 3.5931640675352052}