{"rmse": 0.8614259880849797, "mean": 0.8595838358958342, "median": 0.8643088421138501, "std": 0.05630596784344693, "min": 0.6984186739230139, "max": 0.9836728182754405, "sse": 741.3126782152356}