{"rmse": 3.7081581097627345, "mean": 3.213867515493078, "median": 2.458829865799966, "std": 1.849727590716397, "min": 0.8369803424735912, "max": 8.844198465592076, "sse": 13654.183511030142}