{"rmse": 1.8350526291380351, "mean": 1.1789972650438254, "median": 0.6751953993283877, "std": 1.406194723616041, "min": 0.34266221087558874, "max": 5.648029937351878, "sse": 1336.8650062274467}