{"std": 0.041183137868876764, "rmse": 0.08899989438168264, "sse": 11.018084849131377, "max": 0.20210179830633693, "min": 0.01120417405688679, "median": 0.07217912264627874, "mean": 0.07889822783322675}