{"rmse": 0.2782668628209147, "mean": 0.2660689537166736, "median": 0.285530567420997, "std": 0.0814847152066469, "min": 0.09858320453428807, "max": 0.5640924012353957, "sse": 40.806899539590106}