{"rmse": 0.25509987476794865, "mean": 0.23187229756018962, "median": 0.25738878432156115, "std": 0.10635404896280139, "min": 0.016918168206266522, "max": 0.43474788940309217, "sse": 171.21481420652535}