{"ape_trans": 0.44264831501921353, "ape_rot_deg": 9.749873146689147, "rpe_8m_trans": 0.2314621680217706, "rpe_8m_rot": 2.5666179734100236, "rpe_16m_trans": 0.3268244481763442, "rpe_16m_rot": 3.922809888133038, "rpe_24m_trans": 0.38283764532875353, "rpe_24m_rot": 5.133088070450344, "rpe_32m_trans": 0.4563315138081289, "rpe_32m_rot": 6.389232577207434, "rpe_40m_trans": 0.5058579991057596, "rpe_40m_rot": 7.530319998466003, "rpe_48m_trans": 0.5261566593509212, "rpe_48m_rot": 8.78064843216131}