{"rmse": 0.13155369250409776, "mean": 0.12206883805799429, "median": 0.12655956798546414, "std": 0.04904663889232244, "min": 0.010993160451154142, "max": 0.2468733163051975, "sse": 44.754283193642564}