{"std": 0.4471015699187538, "rmse": 1.1528946646441358, "sse": 1181.628669803009, "max": 2.257501769324748, "min": 0.0621280176311413, "median": 1.0390677289958212, "mean": 1.0626694189356822}