{"rmse": 0.30269672422345295, "mean": 0.2963421618590441, "median": 0.2980410603718409, "std": 0.06169789267322858, "min": 0.12505932421298568, "max": 0.4296892514167567, "sse": 98.4055795629242}