{"ape_trans": 0.08269954564974974, "ape_rot_deg": 2.506657119788676, "rpe_8m_trans": 0.14191366695466853, "rpe_8m_rot": 0.8681918945322341, "rpe_16m_trans": 0.12635017622893635, "rpe_16m_rot": 1.1370627185794686, "rpe_24m_trans": 0.15749598796138803, "rpe_24m_rot": 1.1924387823195384, "rpe_32m_trans": 0.16623276389405392, "rpe_32m_rot": 1.313738533055485, "rpe_40m_trans": 0.17330533888596106, "rpe_40m_rot": 1.2850864446868084, "rpe_48m_trans": 0.1719410659103268, "rpe_48m_rot": 1.6738068393830696}