{"std": 0.057661212841277946, "rmse": 1.7889124655402737, "sse": 6157.199825218992, "max": 1.9474409417570169, "min": 1.4914807908876384, "median": 1.7843197431814934, "mean": 1.7879829400469833}