{"std": 0.09285010455705389, "rmse": 3.3285826490610395, "sse": 21305.806294484886, "max": 3.698612158377495, "min": 3.0934638387920126, "median": 3.3349369534256965, "mean": 3.327287380091168}