{"rmse": 1.6191609833848353, "mean": 1.567460185597086, "median": 1.3781263531246428, "std": 0.40589513015518597, "min": 1.0450070266345004, "max": 2.413454745677, "sse": 1449.790306434008}