{"ape_trans": 14008520.780994825, "ape_rot_deg": 134.97457833176188, "rpe_8m_trans": 0.06518462154049107, "rpe_8m_rot": 2.11516484834016, "rpe_16m_trans": 0.06774257159740497, "rpe_16m_rot": 2.115504654444886, "rpe_24m_trans": 0.07323672844473125, "rpe_24m_rot": 2.3420219915388927, "rpe_32m_trans": 0.08416592473437988, "rpe_32m_rot": 2.317642458445913, "rpe_40m_trans": 0.09699982472857167, "rpe_40m_rot": 2.2388337447306905, "rpe_48m_trans": 0.1140390598310861, "rpe_48m_rot": 2.3462137007617407}