{"rmse": 131.5677656326453, "mean": 130.72146128167762, "median": 118.05034036935692, "std": 14.898876264656376, "min": 115.73046559726146, "max": 161.69335464704713, "sse": 18227511.032105714}