{"rmse": 0.11599734564298532, "mean": 0.10508582933585461, "median": 0.0985777998964224, "std": 0.049115706948122485, "min": 0.004839537555334953, "max": 0.24154133134331776, "sse": 34.20358662678668}