{"rmse": 22.321775199388348, "mean": 21.96903122293393, "median": 19.291714802321117, "std": 3.952633954438847, "min": 17.35098012482383, "max": 28.12921687368133, "sse": 1270567.2025326733}