{"ape_trans": 0.3249108887556656, "ape_rot_deg": 3.423418014774991, "rpe_8m_trans": 0.2901678974016488, "rpe_8m_rot": 1.7740709366656848, "rpe_16m_trans": 0.42236076954914004, "rpe_16m_rot": 2.4726252898573855, "rpe_24m_trans": 0.47075488996237874, "rpe_24m_rot": 2.7318331140727317, "rpe_32m_trans": 0.562184843902422, "rpe_32m_rot": 3.0502480179334572, "rpe_40m_trans": 0.6023656516703553, "rpe_40m_rot": 3.7616853937770567, "rpe_48m_trans": 0.6139142545839537, "rpe_48m_rot": 4.325867669303573}