{"rmse_8m_trans": 0.07021197693882258, "rmse_8m_rot": 0.8080740053830371, "rmse_16m_trans": 0.09621940873490224, "rmse_16m_rot": 0.999510597340691, "rmse_24m_trans": 0.12042879451127794, "rmse_24m_rot": 1.1453669485931575, "rmse_32m_trans": 0.1455540009849581, "rmse_32m_rot": 1.2833810825618381, "rmse_40m_trans": 0.17415232764294566, "rmse_40m_rot": 1.4323780037379146, "rmse_48m_trans": 0.21008239821637323, "rmse_48m_rot": 1.5622561490298472}