{"std": 0.12256749225241906, "rmse": 0.26811118189210864, "sse": 78.35313038258587, "max": 0.5499719781167717, "min": 0.05219151643861495, "median": 0.20550054589198324, "mean": 0.23845506012357248}