{"rmse_8m_trans": 0.18298167908233165, "rmse_8m_rot": 1.6531263613857712, "rmse_16m_trans": 0.24249965735158918, "rmse_16m_rot": 1.7607911674446135, "rmse_24m_trans": 0.28790621518024917, "rmse_24m_rot": 2.0340010900817234, "rmse_32m_trans": 0.3303098610670243, "rmse_32m_rot": 2.260707630219042, "rmse_40m_trans": 0.36864191747312913, "rmse_40m_rot": 2.305723743431569, "rmse_48m_trans": 0.4623300906650949, "rmse_48m_rot": 2.601202796080065}