{"rmse": 25.999103529806675, "mean": 25.736050550427045, "median": 23.418207373748146, "std": 3.6890495279230695, "min": 18.056851576028027, "max": 32.81196690387817, "sse": 3708280.2665638817}