{"ape_trans": 3.0133562367683058, "ape_rot_deg": 15.572309159153015, "rpe_8m_trans": 3.8006142497348248, "rpe_8m_rot": 3.202335277332085, "rpe_16m_trans": 6.0579945026723125, "rpe_16m_rot": 4.1273460998309695, "rpe_24m_trans": 4.773689198702927, "rpe_24m_rot": 5.4981223181873835, "rpe_32m_trans": 4.083483614420823, "rpe_32m_rot": 6.736341421523013, "rpe_40m_trans": 3.883350348308247, "rpe_40m_rot": 8.63156040566779, "rpe_48m_trans": 3.6837684258089975, "rpe_48m_rot": 9.75368475445905}