{"rmse_8m_trans": 0.06890945188716234, "rmse_8m_rot": 0.7953898323011432, "rmse_16m_trans": 0.09218085061743962, "rmse_16m_rot": 0.9952785725494209, "rmse_24m_trans": 0.11261407597467761, "rmse_24m_rot": 1.1546294047951395, "rmse_32m_trans": 0.1360312588210591, "rmse_32m_rot": 1.3021643961219231, "rmse_40m_trans": 0.16336935325301555, "rmse_40m_rot": 1.475141838540171, "rmse_48m_trans": 0.1976302016122943, "rmse_48m_rot": 1.630683617287589}