{"std": 0.05300575704274336, "rmse": 0.12778359803399306, "sse": 16.230676038954037, "max": 0.4230592799282955, "min": 0.029742251091377965, "median": 0.10484342733593223, "mean": 0.11627139651194862}