{"rmse": 0.42956993031169016, "mean": 0.28094005638598135, "median": 0.17141064064519013, "std": 0.324966167078716, "min": 0.03416037387969632, "max": 1.265150021670797, "sse": 73.44306936114015}