{"ape_trans": 0.03142650286588623, "ape_rot_deg": 0.7920706644973794, "rpe_8m_trans": 0.03869533033123756, "rpe_8m_rot": 0.8238488867212674, "rpe_16m_trans": 0.040340287340115424, "rpe_16m_rot": 0.8807419086911412, "rpe_24m_trans": 0.048565727427642105, "rpe_24m_rot": 0.9899060203411649, "rpe_32m_trans": 0.059378042320440715, "rpe_32m_rot": 1.0368012075382385, "rpe_40m_trans": 0.05419725370252337, "rpe_40m_rot": 1.2053832316379496, "rpe_48m_trans": 0.06247751636312299, "rpe_48m_rot": 1.3747678494028124}