{"rmse": 131.56118810293782, "mean": 130.71498909691428, "median": 118.04477286785497, "std": 14.89757834180365, "min": 115.72430529507714, "max": 161.65494531088603, "sse": 18225688.56445459}