{"rmse": 0.08886927540794065, "mean": 0.07878131352194273, "median": 0.07215204258332436, "std": 0.04112484348042883, "min": 0.011191239072755509, "max": 0.20180403035749184, "sse": 10.985767623141575}