{"rmse": 1.729415388053281, "mean": 1.7123885206900307, "median": 1.7063532371468835, "std": 0.24208085146183744, "min": 0.9581149665472506, "max": 2.682402438167629, "sse": 6227.00713079467}