{"ape_trans": 0.07781963439843674, "ape_rot_deg": 0.6910124080862156, "rpe_8m_trans": 0.060579218172390675, "rpe_8m_rot": 0.6808919365973256, "rpe_16m_trans": 0.08345923927524368, "rpe_16m_rot": 0.7849123049754672, "rpe_24m_trans": 0.0912442848209074, "rpe_24m_rot": 0.8022822741696002, "rpe_32m_trans": 0.10598508997698389, "rpe_32m_rot": 0.7796060471277241, "rpe_40m_trans": 0.13315446135526196, "rpe_40m_rot": 0.6832839741304861, "rpe_48m_trans": 0.16238828926069965, "rpe_48m_rot": 0.6141716240367698}