{"ape_trans": 0.18697795451140642, "ape_rot_deg": 6.214929918065216, "rpe_8m_trans": 0.17516406662757467, "rpe_8m_rot": 2.2264197466786126, "rpe_16m_trans": 0.2101655831863801, "rpe_16m_rot": 3.1169309310838336, "rpe_24m_trans": 0.25341379950629517, "rpe_24m_rot": 4.000842771590739, "rpe_32m_trans": 0.3101872821953776, "rpe_32m_rot": 4.704966940255696, "rpe_40m_trans": 0.34928206399550427, "rpe_40m_rot": 4.865966777144718, "rpe_48m_trans": 0.3925891676249215, "rpe_48m_rot": 5.550379000499313}