{"ape_trans": 0.23774879089806683, "ape_rot_deg": 1.8606268759980464, "rpe_8m_trans": 0.17438073082020872, "rpe_8m_rot": 0.8983554009535124, "rpe_16m_trans": 0.28201640601171635, "rpe_16m_rot": 1.3955713064901134, "rpe_24m_trans": 0.3423811730145655, "rpe_24m_rot": 1.7500375309418221, "rpe_32m_trans": 0.43234974970030415, "rpe_32m_rot": 2.2939903394326273, "rpe_40m_trans": 0.40319681485791004, "rpe_40m_rot": 2.7374231503056285, "rpe_48m_trans": 0.5085399536461858, "rpe_48m_rot": 3.117734639572308}