{"ape_trans": 0.14787068698448727, "ape_rot_deg": 6.607897528083503, "rpe_8m_trans": 0.3463747362926908, "rpe_8m_rot": 3.6825994582019046, "rpe_16m_trans": 0.3739518731743659, "rpe_16m_rot": 3.193704220313327, "rpe_24m_trans": 0.40552743985964734, "rpe_24m_rot": 2.9300901929818592, "rpe_32m_trans": 0.3333426753250879, "rpe_32m_rot": 3.158873184418191, "rpe_40m_trans": 0.43408944571284375, "rpe_40m_rot": 3.1663403443749565, "rpe_48m_trans": 0.4368359772906906, "rpe_48m_rot": 3.4065157485289603}