{"std": 0.33307608337121736, "rmse": 0.9166708420404495, "sse": 356.28102344239016, "max": 1.9738276496060925, "min": 0.061772588764904574, "median": 0.8868811087621599, "mean": 0.8540174209776031}