{"ape_trans": 74.4087126928025, "ape_rot_deg": 164.80895156403872, "rpe_8m_trans": 0.1655593610120255, "rpe_8m_rot": 1.5856683797903486, "rpe_16m_trans": 0.1749214197084641, "rpe_16m_rot": 1.8523478602785288, "rpe_24m_trans": 0.21291085861449321, "rpe_24m_rot": 2.1543873932518007, "rpe_32m_trans": 0.24283353048289422, "rpe_32m_rot": 2.4078837321578543, "rpe_40m_trans": 0.2919107391228491, "rpe_40m_rot": 2.656656287599764, "rpe_48m_trans": 0.3742806503043623, "rpe_48m_rot": 2.4690056915356524}