{"ape_trans": 0.2483972640306873, "ape_rot_deg": 3.2608443671029526, "rpe_8m_trans": 0.19278358612499624, "rpe_8m_rot": 1.764197639177162, "rpe_16m_trans": 0.3118828686119279, "rpe_16m_rot": 2.3102186719350244, "rpe_24m_trans": 0.42540685765716185, "rpe_24m_rot": 3.168511583114033, "rpe_32m_trans": 0.4684263531115335, "rpe_32m_rot": 3.8005774849728797, "rpe_40m_trans": 0.42410655068654124, "rpe_40m_rot": 4.466784876154644, "rpe_48m_trans": 0.42233043795413505, "rpe_48m_rot": 5.5040344875951925}