{"ape_trans": 0.1378025777326746, "ape_rot_deg": 3.747071462188388, "rpe_8m_trans": 0.15154543140640458, "rpe_8m_rot": 1.9550336140754068, "rpe_16m_trans": 0.1784637121824684, "rpe_16m_rot": 2.2091247677621895, "rpe_24m_trans": 0.202093003584954, "rpe_24m_rot": 2.5596834957667176, "rpe_32m_trans": 0.23727913463620925, "rpe_32m_rot": 2.5664793330015505, "rpe_40m_trans": 0.2915170436196608, "rpe_40m_rot": 1.4537316229519888, "rpe_48m_trans": 0.3175564376154304, "rpe_48m_rot": 1.3416156735415619}