{"std": 0.29316463732254516, "rmse": 0.9706990515945654, "sse": 371.249119614036, "max": 1.639185592979075, "min": 0.2746442755726491, "median": 0.967231809887381, "mean": 0.9253708144252926}