{"ape_trans": 0.32033051606740387, "ape_rot_deg": 1.5416007091497186, "rpe_8m_trans": 0.22705300128805497, "rpe_8m_rot": 0.5083489513936034, "rpe_16m_trans": 0.3316279537583379, "rpe_16m_rot": 0.6329132633455503, "rpe_24m_trans": 0.37847677192072327, "rpe_24m_rot": 0.6900128121119062, "rpe_32m_trans": 0.4241442779499882, "rpe_32m_rot": 0.7773651435049695, "rpe_40m_trans": 0.5387018770924799, "rpe_40m_rot": 1.0198033237370911, "rpe_48m_trans": 0.5452316777122743, "rpe_48m_rot": 1.1997449737430914}