{"rmse": 0.7706818441049097, "mean": 0.7613545286073718, "median": 0.7492016491226201, "std": 0.11953989544077304, "min": 0.5086937925958702, "max": 1.2818755779646958, "sse": 841.6278653482822}