{"ape_trans": 0.14871074669099035, "ape_rot_deg": 2.7458337715180106, "rpe_8m_trans": 0.14185599211385524, "rpe_8m_rot": 0.6646159487443245, "rpe_16m_trans": 0.2748621244549158, "rpe_16m_rot": 0.75041518575857, "rpe_24m_trans": 0.2726963538217456, "rpe_24m_rot": 0.5363869797706606, "rpe_32m_trans": 0.3286035764804891, "rpe_32m_rot": 0.5788838687078489, "rpe_40m_trans": 0.361068108031117, "rpe_40m_rot": 0.655624880496913, "rpe_48m_trans": 0.40831233857681, "rpe_48m_rot": 0.5607122310597582}