{"rmse": 3.033686474893053, "mean": 2.793578656088898, "median": 2.9256344410875705, "std": 1.182865977274513, "min": 0.47808537866348627, "max": 5.073537713285426, "sse": 8181.6924752466975}