{"rmse_8m_trans": 0.07332000434034587, "rmse_8m_rot": 0.7985902708999224, "rmse_16m_trans": 0.09700022288816418, "rmse_16m_rot": 0.9853283936652453, "rmse_24m_trans": 0.11796177887480659, "rmse_24m_rot": 1.1608604225525512, "rmse_32m_trans": 0.14095165105693444, "rmse_32m_rot": 1.318263328434865, "rmse_40m_trans": 0.16440501556970988, "rmse_40m_rot": 1.4748698150029413, "rmse_48m_trans": 0.19188409875313575, "rmse_48m_rot": 1.6232155801938943}