{"rmse": 4.692342917199242, "mean": 3.338013415288462, "median": 2.2274128462435168, "std": 3.2978399736712745, "min": 0.4991706153415696, "max": 12.262261805243352, "sse": 19970.400421699032}