{"rmse": 0.133850909243677, "mean": 0.12233713240089399, "median": 0.12733812185535456, "std": 0.05431106647162428, "min": 0.010804442250113403, "max": 0.24777562514445953, "sse": 45.66805199276024}