{"ape_trans": 0.07307548789653487, "ape_rot_deg": 1.03824125590776, "rpe_8m_trans": 0.06325139659266794, "rpe_8m_rot": 0.8116956802320224, "rpe_16m_trans": 0.08586216195820584, "rpe_16m_rot": 1.0202327407261678, "rpe_24m_trans": 0.10546071878280133, "rpe_24m_rot": 1.2202044925891118, "rpe_32m_trans": 0.11966961106397993, "rpe_32m_rot": 1.3492554912374641, "rpe_40m_trans": 0.13846048162115487, "rpe_40m_rot": 1.411605541876933, "rpe_48m_trans": 0.16846205451984878, "rpe_48m_rot": 1.478982996557047}