{"ape_trans": 0.4458737469024748, "ape_rot_deg": 3.4301781339126123, "rpe_8m_trans": 0.2251756857031373, "rpe_8m_rot": 0.39719589735645844, "rpe_16m_trans": 0.4282031136939335, "rpe_16m_rot": 0.5112175889819979, "rpe_24m_trans": 0.5656065998442326, "rpe_24m_rot": 0.6523606101216588, "rpe_32m_trans": 0.6747812020023999, "rpe_32m_rot": 0.7804568040614038, "rpe_40m_trans": 0.7621901437969121, "rpe_40m_rot": 0.8459494466409145, "rpe_48m_trans": 0.8599121358842189, "rpe_48m_rot": 0.8973724371312906}