{"ape_trans": 7426072.959369346, "ape_rot_deg": 123.42886159542219, "rpe_8m_trans": 0.10074447099315616, "rpe_8m_rot": 2.133862655311999, "rpe_16m_trans": 0.11103430872239757, "rpe_16m_rot": 2.1266167192876115, "rpe_24m_trans": 0.12037547317839811, "rpe_24m_rot": 2.223690579353072, "rpe_32m_trans": 0.13769823459877517, "rpe_32m_rot": 2.1653943068385963, "rpe_40m_trans": 0.14286847734822905, "rpe_40m_rot": 1.8920426939402573, "rpe_48m_trans": 0.17150426038980834, "rpe_48m_rot": 2.3608930886012836}