{"ape_trans": 0.04746655746500763, "ape_rot_deg": 0.690309388188794, "rpe_8m_trans": 0.04239208906349922, "rpe_8m_rot": 0.745804802370833, "rpe_16m_trans": 0.057606312075736556, "rpe_16m_rot": 0.9364072666880057, "rpe_24m_trans": 0.061649729719254434, "rpe_24m_rot": 0.9386848405181767, "rpe_32m_trans": 0.06532664955748195, "rpe_32m_rot": 0.8975296764561316, "rpe_40m_trans": 0.07216411697040977, "rpe_40m_rot": 0.8854366451477019, "rpe_48m_trans": 0.07884856111639697, "rpe_48m_rot": 0.8576048416690628}