{"ape_trans": 0.19504394836907332, "ape_rot_deg": 1.6297054397719837, "rpe_8m_trans": 0.18915711249635211, "rpe_8m_rot": 0.5718075633250901, "rpe_16m_trans": 0.256662831691414, "rpe_16m_rot": 0.6353638034799913, "rpe_24m_trans": 0.2529568579813511, "rpe_24m_rot": 0.6361525112964767, "rpe_32m_trans": 0.28779804026848227, "rpe_32m_rot": 0.624343254238262, "rpe_40m_trans": 0.25474959700480587, "rpe_40m_rot": 0.6254756920759237, "rpe_48m_trans": 0.265976105280783, "rpe_48m_rot": 0.6520845928409524}