{"rmse": 0.06061291593419396, "mean": 0.05207908949776534, "median": 0.04360853260291806, "std": 0.031011191772155593, "min": 0.008660905553210689, "max": 0.19000578332144324, "sse": 4.70262473989845}