{"ape_trans": 0.20065843790404922, "ape_rot_deg": 1.7131303181907311, "rpe_8m_trans": 0.17880000044099373, "rpe_8m_rot": 0.8355606274005157, "rpe_16m_trans": 0.28935681039273004, "rpe_16m_rot": 1.239579980464542, "rpe_24m_trans": 0.33865231076968416, "rpe_24m_rot": 1.5552267966789717, "rpe_32m_trans": 0.4255932176563501, "rpe_32m_rot": 2.0329032569931305, "rpe_40m_trans": 0.3868159557569373, "rpe_40m_rot": 2.4788212607061166, "rpe_48m_trans": 0.4821691313970003, "rpe_48m_rot": 2.8020121924786743}