{"ape_trans": 0.0861917014748718, "ape_rot_deg": 2.760427856287923, "rpe_8m_trans": 0.14577137736460605, "rpe_8m_rot": 0.8314136448131719, "rpe_16m_trans": 0.13009010009824476, "rpe_16m_rot": 1.081353957346829, "rpe_24m_trans": 0.15002126762364282, "rpe_24m_rot": 1.1899449009435001, "rpe_32m_trans": 0.1631117518038347, "rpe_32m_rot": 1.3618945450264686, "rpe_40m_trans": 0.17388653964253756, "rpe_40m_rot": 1.3531084850165784, "rpe_48m_trans": 0.18018011244952087, "rpe_48m_rot": 1.7991924269963488}