{"rmse": 0.398637739158276, "mean": 0.2754915661412573, "median": 0.16906407757349887, "std": 0.28812574349797165, "min": 0.05595230723019094, "max": 1.0981532111953922, "sse": 270.62721617932056}