{"rmse_8m_trans": 0.2343650480144363, "rmse_8m_rot": 1.4858669317888233, "rmse_16m_trans": 0.34771883694003686, "rmse_16m_rot": 1.6688050873264906, "rmse_24m_trans": 0.4146934362634663, "rmse_24m_rot": 2.0481822692876768, "rmse_32m_trans": 0.4790655832783853, "rmse_32m_rot": 2.502793212907678, "rmse_40m_trans": 0.5203517273693444, "rmse_40m_rot": 2.961308854659196, "rmse_48m_trans": 0.5753720120294147, "rmse_48m_rot": 3.511907250679053}