{"rmse_8m_trans": 0.16273739257637473, "rmse_8m_rot": 1.2737432980759689, "rmse_16m_trans": 0.22517530994141957, "rmse_16m_rot": 1.686546196646018, "rmse_24m_trans": 0.2534386276252175, "rmse_24m_rot": 2.020060855049051, "rmse_32m_trans": 0.3267787472091127, "rmse_32m_rot": 2.1651471802686344, "rmse_40m_trans": 0.2980319964666669, "rmse_40m_rot": 2.0184327196149714, "rmse_48m_trans": 0.3485636856134315, "rmse_48m_rot": 2.2232062209714454}