{"ape_trans": 10.888603120527666, "ape_rot_deg": 42.00883021199187, "rpe_8m_trans": 0.06415688636033222, "rpe_8m_rot": 0.9065776427865664, "rpe_16m_trans": 0.07706714192139927, "rpe_16m_rot": 0.9793170341496474, "rpe_24m_trans": 7.759282717617778, "rpe_24m_rot": 1.5251956703858696, "rpe_32m_trans": 12.406057785542192, "rpe_32m_rot": 1.850766090472702, "rpe_40m_trans": 14.780396241914803, "rpe_40m_rot": 2.0407035852792172, "rpe_48m_trans": 17.074191087377162, "rpe_48m_rot": 2.2086356901906936}