{"rmse": 0.5505020031525992, "mean": 0.35698760067049773, "median": 0.21179887326627864, "std": 0.41906122278558017, "min": 0.06543131319255863, "max": 1.6370269611862434, "sse": 120.31182482358467}