{"rmse": 0.052053805713699754, "mean": 0.045009334428746745, "median": 0.03708509401451845, "std": 0.026148776330085402, "min": 0.0024568293391156936, "max": 0.1634153832865079, "sse": 6.887799868148747}