{"rmse": 0.099784032078894, "mean": 0.08666233479197756, "median": 0.07712976349249971, "std": 0.04946203378678383, "min": 0.014497405362595639, "max": 0.2876448752953854, "sse": 12.744771914139836}