{"rmse": 1.6261437229122775, "mean": 1.5368493087328159, "median": 1.4457298838651969, "std": 0.5314485956463405, "min": 0.32924365338351774, "max": 2.8637106484893047, "sse": 3953.2933943126677}