{"rmse": 0.06972182453785795, "mean": 0.06416029844854318, "median": 0.06121319520890459, "std": 0.027287156683716948, "min": 0.00684907515638611, "max": 0.13698437577284586, "sse": 6.129888482095581}