{"rmse": 0.10022749651072277, "mean": 0.08912919100332603, "median": 0.08019808921523458, "std": 0.04584253884657317, "min": 0.01720773970951039, "max": 0.22431378073438138, "sse": 13.963315968961654}