{"ape_trans": 0.1783300653884642, "ape_rot_deg": 2.30839263740544, "rpe_8m_trans": 0.13716958867030526, "rpe_8m_rot": 0.6075389985830455, "rpe_16m_trans": 0.2532990064619596, "rpe_16m_rot": 0.6509626984169563, "rpe_24m_trans": 0.2735402259676715, "rpe_24m_rot": 0.5092556443852533, "rpe_32m_trans": 0.3282384593311058, "rpe_32m_rot": 0.6999115994396097, "rpe_40m_trans": 0.35115714563203687, "rpe_40m_rot": 0.7316939383712344, "rpe_48m_trans": 0.41268676271805294, "rpe_48m_rot": 0.5859104922868069}