{"ape_trans": 0.03962484561815631, "ape_rot_deg": 0.6795974301368822, "rpe_8m_trans": 0.04977923726666812, "rpe_8m_rot": 0.7892279328123752, "rpe_16m_trans": 0.057111942298218865, "rpe_16m_rot": 0.9146087570916717, "rpe_24m_trans": 0.06338858229852028, "rpe_24m_rot": 1.04337007542182, "rpe_32m_trans": 0.06835083241740096, "rpe_32m_rot": 1.0273610163942615, "rpe_40m_trans": 0.07054659252965946, "rpe_40m_rot": 0.9002663718006294, "rpe_48m_trans": 0.08814885162387427, "rpe_48m_rot": 0.7131709103296168}