{"std": 0.05630412271882242, "rmse": 0.1567839458656997, "sse": 44.639469517093076, "max": 0.35089929543562387, "min": 0.03658728105189096, "median": 0.14148282396428757, "mean": 0.14632515657289566}