{"ape_trans": 0.05881123724529535, "ape_rot_deg": 1.8040514076810525, "rpe_8m_trans": 0.03575072811840729, "rpe_8m_rot": 0.7825123325015396, "rpe_16m_trans": 0.04995651734048579, "rpe_16m_rot": 1.110223461731861, "rpe_24m_trans": 0.06027951457214742, "rpe_24m_rot": 1.3370089858005596, "rpe_32m_trans": 0.07089798730263051, "rpe_32m_rot": 1.46493878896569, "rpe_40m_trans": 0.07965695557674193, "rpe_40m_rot": 1.6901648163737581, "rpe_48m_trans": 0.08548417678884848, "rpe_48m_rot": 1.9288309965677046}