{"ape_trans": 0.08891570599097055, "ape_rot_deg": 6.337651261992606, "rpe_8m_trans": 0.31591004128163297, "rpe_8m_rot": 3.675938252255263, "rpe_16m_trans": 0.26972676920578526, "rpe_16m_rot": 3.0261298432459496, "rpe_24m_trans": 0.32076333875639035, "rpe_24m_rot": 2.92505791206, "rpe_32m_trans": 0.28697002247502984, "rpe_32m_rot": 3.2084716277690597, "rpe_40m_trans": 0.29735026972575757, "rpe_40m_rot": 3.1581084460704716, "rpe_48m_trans": 0.41183387463628957, "rpe_48m_rot": 3.4455125584024753}