{"rmse": 1.6711963308802824, "mean": 1.4631070656447647, "median": 1.2165252181489903, "std": 0.8075982236286083, "min": 0.2139850336245985, "max": 3.7017145518158774, "sse": 2829.204839640239}