{"rmse": 0.19137477088082286, "mean": 0.16661296567463452, "median": 0.15674363548267278, "std": 0.09415106265353836, "min": 0.023392536857388836, "max": 0.37195331184405733, "sse": 34.35359614804682}