{"ape_trans": 0.7234693540514207, "ape_rot_deg": 9.52869866284616, "rpe_8m_trans": 1.406916351780728, "rpe_8m_rot": 3.1368351453103576, "rpe_16m_trans": 1.5633144749651526, "rpe_16m_rot": 3.6634307719459325, "rpe_24m_trans": 2.2516540216477776, "rpe_24m_rot": 4.846061284499703, "rpe_32m_trans": NaN, "rpe_32m_rot": NaN, "rpe_40m_trans": NaN, "rpe_40m_rot": NaN, "rpe_48m_trans": NaN, "rpe_48m_rot": NaN}