{"ape_trans": 0.05813362151537944, "ape_rot_deg": 1.4614064136683969, "rpe_8m_trans": 0.033375368249475935, "rpe_8m_rot": 0.716595257185805, "rpe_16m_trans": 0.04655943195731247, "rpe_16m_rot": 0.9917425399404116, "rpe_24m_trans": 0.05316988063370146, "rpe_24m_rot": 1.2056877937716803, "rpe_32m_trans": 0.06057051921164582, "rpe_32m_rot": 1.2907478516596838, "rpe_40m_trans": 0.07223830672446205, "rpe_40m_rot": 1.4686588572432355, "rpe_48m_trans": 0.08062189992470445, "rpe_48m_rot": 1.641365237651637}