{"rmse": 0.2499965612611431, "mean": 0.2236040000868699, "median": 0.2121791334231643, "std": 0.11180130494563811, "min": 0.02690006978520845, "max": 0.5700336981005332, "sse": 81.7477510802546}