{"rmse": 2.249481456383643, "mean": 2.2480082035441433, "median": 2.284141233353689, "std": 0.0813998735386511, "min": 2.014955445307136, "max": 2.4114409668345878, "sse": 9897.686305032741}