{"ape_trans": 3.7081581097627345, "ape_rot_deg": 12.871311489950008, "rpe_8m_trans": 2.735865700113176, "rpe_8m_rot": 5.13050249952638, "rpe_16m_trans": 4.005882825837414, "rpe_16m_rot": 7.5051289997247785, "rpe_24m_trans": 4.7431173010675565, "rpe_24m_rot": 8.23303131362677, "rpe_32m_trans": 5.262425065945646, "rpe_32m_rot": 9.401762503675569, "rpe_40m_trans": 5.546057349345098, "rpe_40m_rot": 10.306552932413483, "rpe_48m_trans": 5.831267068493027, "rpe_48m_rot": 8.51078619823776}