{"rmse": 0.04118171875491775, "mean": 0.03849460581576886, "median": 0.03821517351867441, "std": 0.01463213185758379, "min": 0.0015680456204212184, "max": 0.10762251187012838, "sse": 2.3166457888260914}