{"std": 0.17498210760172195, "rmse": 0.4138973706875863, "sse": 185.01591613906504, "max": 0.7297822136549931, "min": 0.08812693206108035, "median": 0.3707407254448334, "mean": 0.37508971657639006}