{"ape_trans": 0.1239824906408698, "ape_rot_deg": 1.2656018216361975, "rpe_8m_trans": 0.08612374022619093, "rpe_8m_rot": 0.9938207107542494, "rpe_16m_trans": 0.09463020794303761, "rpe_16m_rot": 1.195769612614246, "rpe_24m_trans": 0.11185284809391384, "rpe_24m_rot": 1.392879356373402, "rpe_32m_trans": 0.12860782130981388, "rpe_32m_rot": 1.6161623371568319, "rpe_40m_trans": 0.13107020642607403, "rpe_40m_rot": 1.8641254508426113, "rpe_48m_trans": 0.13488379748545945, "rpe_48m_rot": 1.9130409156169248}