{"ape_trans": 0.49564634767134397, "ape_rot_deg": 6.357719909706725, "rpe_8m_trans": 0.40417434902972177, "rpe_8m_rot": 1.315691974573822, "rpe_16m_trans": 0.557291232304517, "rpe_16m_rot": 1.7482723432136729, "rpe_24m_trans": 0.6765687905875057, "rpe_24m_rot": 2.1680156902023966, "rpe_32m_trans": 0.7827119981570327, "rpe_32m_rot": 2.617783591885638, "rpe_40m_trans": 0.9124206019265404, "rpe_40m_rot": 3.121027175811282, "rpe_48m_trans": 0.9774355466704583, "rpe_48m_rot": 3.5518348728645592}