{"ape_trans": 0.05807613737680496, "ape_rot_deg": 0.7498962925931476, "rpe_8m_trans": 0.06209063944731895, "rpe_8m_rot": 0.7651303527789943, "rpe_16m_trans": 0.08099604185468072, "rpe_16m_rot": 0.908346104732925, "rpe_24m_trans": 0.09613722887429382, "rpe_24m_rot": 0.890631968770305, "rpe_32m_trans": 0.10160104510066188, "rpe_32m_rot": 0.8890409858625453, "rpe_40m_trans": 0.09600070276303427, "rpe_40m_rot": 0.7610210837405522, "rpe_48m_trans": 0.08356678293140121, "rpe_48m_rot": 0.7416308698190253}