{"std": 0.09423216177812584, "rmse": 0.14650204219555527, "sse": 32.08695830936504, "max": 0.43439382385302483, "min": 0.029500654262899904, "median": 0.07421019038117244, "mean": 0.11217463195432992}