{"ape_trans": 0.10340278028847834, "ape_rot_deg": 0.7304218412629362, "rpe_8m_trans": 0.04067262111045016, "rpe_8m_rot": 0.7861557293721277, "rpe_16m_trans": 0.05905441757652496, "rpe_16m_rot": 0.9405777177704268, "rpe_24m_trans": 0.07553083836586048, "rpe_24m_rot": 1.056813558032234, "rpe_32m_trans": 0.09340217272751901, "rpe_32m_rot": 0.9873851221626039, "rpe_40m_trans": 0.11380704994127337, "rpe_40m_rot": 1.0423671816716438, "rpe_48m_trans": 0.13372694528888493, "rpe_48m_rot": 1.0532126247795477}