{"ape_trans": 1.4736328556521778, "ape_rot_deg": 8.358353521446704, "rpe_8m_trans": 1.1097248538888314, "rpe_8m_rot": 1.231357242896698, "rpe_16m_trans": 1.6075837512745041, "rpe_16m_rot": 1.7004757484414088, "rpe_24m_trans": 2.029918495356533, "rpe_24m_rot": 2.0983386820820953, "rpe_32m_trans": 2.4517163197481113, "rpe_32m_rot": 2.58426234598928, "rpe_40m_trans": 2.906556178179772, "rpe_40m_rot": 3.0768168382490817, "rpe_48m_trans": 2.9195930094477793, "rpe_48m_rot": 3.160023336704227}