{"ape_trans": 1.3553959134892948, "ape_rot_deg": 15.391081817021602, "rpe_8m_trans": 1.1631444596203002, "rpe_8m_rot": 3.3410488740084765, "rpe_16m_trans": 1.5436730589825267, "rpe_16m_rot": 5.565128732844174, "rpe_24m_trans": 1.7809585235063061, "rpe_24m_rot": 7.980904786711762, "rpe_32m_trans": 2.1076613016265315, "rpe_32m_rot": 8.146726874379066, "rpe_40m_trans": 2.7747343877564927, "rpe_40m_rot": 8.806841577007617, "rpe_48m_trans": 2.557835005192612, "rpe_48m_rot": 7.515873998676752}