{"std": 0.196993275892913, "rmse": 0.44958206374769094, "sse": 184.13499319174952, "max": 0.8380629969027676, "min": 0.11555852679399363, "median": 0.3057708932609681, "mean": 0.40412582359533966}