{"ape_trans": 22.321775199388348, "ape_rot_deg": 167.23246114793218, "rpe_8m_trans": 0.06231513742298355, "rpe_8m_rot": 1.366587790068975, "rpe_16m_trans": 0.065061306252899, "rpe_16m_rot": 1.406547516761134, "rpe_24m_trans": 0.08085446671475752, "rpe_24m_rot": 1.4159056038587188, "rpe_32m_trans": 0.09659321512301232, "rpe_32m_rot": 1.5967786399668158, "rpe_40m_trans": 0.11134879610325193, "rpe_40m_rot": 1.8147982417706274, "rpe_48m_trans": 25.558640272223496, "rpe_48m_rot": 14.463110392118944}