{"ape_trans": 0.12226015036654655, "ape_rot_deg": 1.0495152143139652, "rpe_8m_trans": 0.09300977559001045, "rpe_8m_rot": 1.027214769521979, "rpe_16m_trans": 0.10222346917805751, "rpe_16m_rot": 1.1949890671229788, "rpe_24m_trans": 0.11971658734188423, "rpe_24m_rot": 1.3809595011791187, "rpe_32m_trans": 0.14119772949833168, "rpe_32m_rot": 1.6178309094841283, "rpe_40m_trans": 0.14776272656703865, "rpe_40m_rot": 1.8163393607472187, "rpe_48m_trans": 0.14159949681395034, "rpe_48m_rot": 1.927260655746659}