{"ape_trans": 22.427458931949246, "ape_rot_deg": 18.956993820484232, "rpe_8m_trans": 0.04907452015673851, "rpe_8m_rot": 1.5046461955446662, "rpe_16m_trans": 0.05529731817564284, "rpe_16m_rot": 1.3963852396394547, "rpe_24m_trans": 0.0617473320507333, "rpe_24m_rot": 1.1913333681681144, "rpe_32m_trans": 0.08139179054098801, "rpe_32m_rot": 1.3141434238192047, "rpe_40m_trans": 28.943595220982573, "rpe_40m_rot": 24.23621214694011, "rpe_48m_trans": 43.92513864151434, "rpe_48m_rot": 36.02708868212778}