{"rmse": 0.07429339641856267, "mean": 0.06362808269602231, "median": 0.051579251338095135, "std": 0.03835330290644921, "min": 0.006488862043890823, "max": 0.18878200673098305, "sse": 7.528609936917375}