{"ape_trans": 0.036140396284189205, "ape_rot_deg": 0.7381251487872003, "rpe_8m_trans": 0.04482468036506892, "rpe_8m_rot": 0.7337848055551941, "rpe_16m_trans": 0.056471329854169326, "rpe_16m_rot": 0.7981312920892915, "rpe_24m_trans": 0.06379727313426362, "rpe_24m_rot": 0.8897383753519484, "rpe_32m_trans": 0.06562748524413302, "rpe_32m_rot": 0.936840976357458, "rpe_40m_trans": 0.060269567250543714, "rpe_40m_rot": 0.9400019508408056, "rpe_48m_trans": 0.06370874023599528, "rpe_48m_rot": 0.9323727254268181}