{"ape_trans": 0.21770192989715406, "ape_rot_deg": 2.2943077915297687, "rpe_8m_trans": 0.17189074616755226, "rpe_8m_rot": 1.418249888628968, "rpe_16m_trans": 0.24822806405196457, "rpe_16m_rot": 1.9122577848209905, "rpe_24m_trans": 0.28144475729411855, "rpe_24m_rot": 2.502571768421255, "rpe_32m_trans": 0.33569997540343854, "rpe_32m_rot": 2.91029573416595, "rpe_40m_trans": 0.3742940561323113, "rpe_40m_rot": 3.084419988746988, "rpe_48m_trans": 0.4307828703976778, "rpe_48m_rot": 3.3111769028284144}