{"rmse": 21.84097930825937, "mean": 21.705080699729415, "median": 19.94685380775934, "std": 2.4326629363822114, "min": 19.041743751846898, "max": 25.6008653686532, "sse": 858651.0788588652}