{"ape_trans": 31.975693490580632, "ape_rot_deg": 105.54638593556767, "rpe_8m_trans": 0.06144405354290249, "rpe_8m_rot": 1.585500142413953, "rpe_16m_trans": 0.07762587596703886, "rpe_16m_rot": 2.100296816679453, "rpe_24m_trans": 0.09632943408141516, "rpe_24m_rot": 2.618124805301414, "rpe_32m_trans": 0.11022887976252771, "rpe_32m_rot": 3.3029757695356774, "rpe_40m_trans": 0.14117150935350062, "rpe_40m_rot": 4.186043626728378, "rpe_48m_trans": 0.17614804012306995, "rpe_48m_rot": 6.041039358035135}