{"ape_trans": 0.8610246368583591, "ape_rot_deg": 4.887303238387513, "rpe_8m_trans": 0.7104703311183291, "rpe_8m_rot": 0.9188352824499727, "rpe_16m_trans": 0.9721085195620922, "rpe_16m_rot": 0.9933783787584978, "rpe_24m_trans": 1.2041247719210697, "rpe_24m_rot": 1.008851162324255, "rpe_32m_trans": 1.416742942595266, "rpe_32m_rot": 1.0723583615298644, "rpe_40m_trans": 1.6739724617527207, "rpe_40m_rot": 0.817292225317985, "rpe_48m_trans": 1.704515070993893, "rpe_48m_rot": 0.7456418426441814}