{"ape_trans": 0.26825117335628446, "ape_rot_deg": 3.564035239049546, "rpe_8m_trans": 0.17554035172469115, "rpe_8m_rot": 1.9947834498512302, "rpe_16m_trans": 0.2731485732445671, "rpe_16m_rot": 2.7228940620563975, "rpe_24m_trans": 0.3802578005187853, "rpe_24m_rot": 3.628759365011713, "rpe_32m_trans": 0.4426079313774438, "rpe_32m_rot": 4.379329527813977, "rpe_40m_trans": 0.46642309141263716, "rpe_40m_rot": 5.006977050967971, "rpe_48m_trans": 0.5271250099330501, "rpe_48m_rot": 6.159101017190698}