{"ape_trans": 0.27811886115916373, "ape_rot_deg": 3.083805186224309, "rpe_8m_trans": 0.195968555733459, "rpe_8m_rot": 1.9103284552893796, "rpe_16m_trans": 0.3146082740732686, "rpe_16m_rot": 2.3902477813655945, "rpe_24m_trans": 0.41251472176043624, "rpe_24m_rot": 3.0983897828588813, "rpe_32m_trans": 0.4752656775803816, "rpe_32m_rot": 3.6664638034752524, "rpe_40m_trans": 0.4401706383466648, "rpe_40m_rot": 4.246676708036491, "rpe_48m_trans": 0.48446522620917126, "rpe_48m_rot": 5.215986237382155}