{"ape_trans": 0.35806780733601157, "ape_rot_deg": 15.086177010013582, "rpe_8m_trans": 0.4100770167791269, "rpe_8m_rot": 1.6899066797127058, "rpe_16m_trans": 0.6597448193727667, "rpe_16m_rot": 2.9690079795289157, "rpe_24m_trans": 0.7550595695709624, "rpe_24m_rot": 3.6694257226473543, "rpe_32m_trans": 0.7587462276190515, "rpe_32m_rot": 3.8291892813691915, "rpe_40m_trans": NaN, "rpe_40m_rot": NaN, "rpe_48m_trans": NaN, "rpe_48m_rot": NaN}