{"rmse": 0.09293417619029179, "mean": 0.07885013712822096, "median": 0.07155405458846888, "std": 0.049187569354756155, "min": 0.009486664846196478, "max": 0.1925184631420416, "sse": 10.925502796772768}