{"rmse": 0.5580018766891671, "mean": 0.5247927881993604, "median": 0.5714476223142283, "std": 0.18962759251378417, "min": 0.11040270901081227, "max": 1.0934907256342004, "sse": 405.7100209883881}