{"rmse": 0.2515174318344398, "mean": 0.2301357503967429, "median": 0.22646027424170134, "std": 0.10148179593365561, "min": 0.07296106993417684, "max": 0.5384336723152215, "sse": 114.88200962613118}