{"std": 0.11808502407354005, "rmse": 0.1786264148825853, "sse": 47.701557160239204, "max": 0.5346138128351668, "min": 0.0325466464460467, "median": 0.0895212932278021, "mean": 0.13402732252550953}