{"rmse": 36.84344758482373, "mean": 34.00077407040962, "median": 29.41997945715176, "std": 14.191088490620247, "min": 24.918143485035262, "max": 128.45820214219245, "sse": 1605851.0822138782}