{"rmse": 0.195145577425819, "mean": 0.17082273696371553, "median": 0.15491677680589006, "std": 0.09434717232159948, "min": 0.02470576640262347, "max": 0.44806866371449333, "sse": 49.810989676624075}