{"rmse": 0.07434997026785245, "mean": 0.0680370868225063, "median": 0.06540845330071168, "std": 0.029981209040618868, "min": 0.006646240389533917, "max": 0.20209381407415336, "sse": 15.876180722401324}