{"ape_trans": 0.9506316296513293, "ape_rot_deg": 26.594445465173248, "rpe_8m_trans": 0.8645027351605132, "rpe_8m_rot": 1.5234102920001433, "rpe_16m_trans": 1.2734481569317184, "rpe_16m_rot": 2.167658195143244, "rpe_24m_trans": 1.7103121786552868, "rpe_24m_rot": 2.8667289200228336, "rpe_32m_trans": 1.8926737462477277, "rpe_32m_rot": 3.2982104793504967, "rpe_40m_trans": 2.014935853112645, "rpe_40m_rot": 3.6593323577523216, "rpe_48m_trans": 2.02117635087709, "rpe_48m_rot": 3.8157983604213244}