{"rmse_8m_trans": 0.04847789586444241, "rmse_8m_rot": 0.7866049259466399, "rmse_16m_trans": 0.06777285891473239, "rmse_16m_rot": 0.9590667815997469, "rmse_24m_trans": 0.0822067081046369, "rmse_24m_rot": 1.115989115037298, "rmse_32m_trans": 0.09855241121627097, "rmse_32m_rot": 1.2705398835771216, "rmse_40m_trans": 0.11694531348052947, "rmse_40m_rot": 1.4431601342091223, "rmse_48m_trans": 0.1365826503711853, "rmse_48m_rot": 1.5727299237053038}