{"rmse": 0.2516248956723901, "mean": 0.23023357703531755, "median": 0.22662560665664772, "std": 0.10152629278991582, "min": 0.07297241480713108, "max": 0.5385774364904105, "sse": 114.98020002980843}