{"std": 0.018979379840053726, "rmse": 0.0747766502914935, "sse": 4.411730921336072, "max": 0.12411253285302745, "min": 0.02653206912375184, "median": 0.07166605445823081, "mean": 0.07232793768457163}