{"ape_trans": 0.3241209615744807, "ape_rot_deg": 1.5542920246949594, "rpe_8m_trans": 0.19822837042354563, "rpe_8m_rot": 1.1740543524648692, "rpe_16m_trans": 0.32360858960268685, "rpe_16m_rot": 1.48021218857704, "rpe_24m_trans": 0.4234187642806224, "rpe_24m_rot": 1.6300860441640372, "rpe_32m_trans": 0.46801454352963123, "rpe_32m_rot": 1.826025519862919, "rpe_40m_trans": 0.6341104241011687, "rpe_40m_rot": 2.3352908366243574, "rpe_48m_trans": 0.805919794779654, "rpe_48m_rot": 2.552259219681937}