{"ape_trans": 0.2516248956723901, "ape_rot_deg": 5.831919805172041, "rpe_8m_trans": 0.16627886269546147, "rpe_8m_rot": 1.0035475295681826, "rpe_16m_trans": 0.29131427453115766, "rpe_16m_rot": 1.385816874679122, "rpe_24m_trans": 0.33164474361133617, "rpe_24m_rot": 1.9593631951183186, "rpe_32m_trans": 0.4310081379547963, "rpe_32m_rot": 2.5722888998685947, "rpe_40m_trans": 0.4066408668244246, "rpe_40m_rot": 3.218334318286337, "rpe_48m_trans": 0.5150946493015782, "rpe_48m_rot": 3.74256381022576}