{"ape_trans": 0.2679381442377659, "ape_rot_deg": 3.5575607889875447, "rpe_8m_trans": 0.17535528603013573, "rpe_8m_rot": 1.9854567197447746, "rpe_16m_trans": 0.2728168939689108, "rpe_16m_rot": 2.715710748807865, "rpe_24m_trans": 0.37949707493644874, "rpe_24m_rot": 3.6224926353725766, "rpe_32m_trans": 0.4418752676276785, "rpe_32m_rot": 4.37141592525388, "rpe_40m_trans": 0.4659672004277607, "rpe_40m_rot": 4.998196430456235, "rpe_48m_trans": 0.5261019551150707, "rpe_48m_rot": 6.14980632328467}