{"rmse": 0.34692151178942415, "mean": 0.3305926547883333, "median": 0.3773835877894025, "std": 0.10518094857083897, "min": 0.11428304015265647, "max": 0.48332457921558175, "sse": 117.46602649404534}