{"ape_trans": 0.19326765119565523, "ape_rot_deg": 1.5317539958931423, "rpe_8m_trans": 0.1788300279325759, "rpe_8m_rot": 0.7615502959365946, "rpe_16m_trans": 0.28904160650140276, "rpe_16m_rot": 1.082094818366188, "rpe_24m_trans": 0.32942398673839335, "rpe_24m_rot": 1.3232478053703693, "rpe_32m_trans": 0.42206590433034347, "rpe_32m_rot": 1.6902610182212545, "rpe_40m_trans": 0.3667236816722539, "rpe_40m_rot": 1.935388334899235, "rpe_48m_trans": 0.4294305167667792, "rpe_48m_rot": 2.2122794307519467}