{"rmse": 0.11759823683116796, "mean": 0.10705499759829618, "median": 0.10112959406297206, "std": 0.048667985319183565, "min": 0.012315612463478681, "max": 0.24784086974760042, "sse": 19.112155212614866}