{"rmse": 0.9739837817385205, "mean": 0.8625759519513027, "median": 0.9320200235972894, "std": 0.45233520115614917, "min": 0.11420426385172974, "max": 1.9900598403305911, "sse": 1316.7184370404618}