{"rmse": 0.9035789481713854, "mean": 0.8868857985234089, "median": 0.869211553108113, "std": 0.1728828966555184, "min": 0.536587645326841, "max": 1.2919429104513052, "sse": 662.9613914497479}