{"ape_trans": 0.8614259880849797, "ape_rot_deg": 4.887653023757949, "rpe_8m_trans": 0.7107840324809731, "rpe_8m_rot": 0.9188447267000505, "rpe_16m_trans": 0.9725361776227914, "rpe_16m_rot": 0.9933890867286942, "rpe_24m_trans": 1.2046699974016932, "rpe_24m_rot": 1.0088826185641446, "rpe_32m_trans": 1.4173938429407962, "rpe_32m_rot": 1.0723985677826748, "rpe_40m_trans": 1.6747383285159827, "rpe_40m_rot": 0.8170934605392002, "rpe_48m_trans": 1.7053226374591097, "rpe_48m_rot": 0.744661663551821}