{"ape_trans": 0.11485986779033751, "ape_rot_deg": 2.470410748303196, "rpe_8m_trans": 0.13047340859538925, "rpe_8m_rot": 0.6294198230052189, "rpe_16m_trans": 0.2587742490028394, "rpe_16m_rot": 0.7264787948640178, "rpe_24m_trans": 0.24684553628167813, "rpe_24m_rot": 0.5618535876241367, "rpe_32m_trans": 0.3015177233083617, "rpe_32m_rot": 0.5853448490314501, "rpe_40m_trans": 0.3194499107976439, "rpe_40m_rot": 0.6743148807430337, "rpe_48m_trans": 0.35232950329340545, "rpe_48m_rot": 0.5584233539848193}