{"ape_trans": 1.473232243378521, "ape_rot_deg": 8.355000858571316, "rpe_8m_trans": 1.1094328241438356, "rpe_8m_rot": 1.2311909466197593, "rpe_16m_trans": 1.607152000110497, "rpe_16m_rot": 1.7005676717623495, "rpe_24m_trans": 2.029374210658698, "rpe_24m_rot": 2.0984343788740025, "rpe_32m_trans": 2.4510759430992657, "rpe_32m_rot": 2.5842096498485843, "rpe_40m_trans": 2.9057331095202596, "rpe_40m_rot": 3.0738565053580325, "rpe_48m_trans": 2.918799159396353, "rpe_48m_rot": 3.159328727294358}