{"rmse": 1.0070643412757794, "mean": 0.9025001315170901, "median": 0.9108118672633818, "std": 0.4468468418606701, "min": 0.13200326358896466, "max": 1.9465163411696251, "sse": 1399.5664507075228}