{"std": 0.06446088395504612, "rmse": 0.12809865306665422, "sse": 18.460423032177417, "max": 0.27495471988376907, "min": 0.0217477613912548, "median": 0.08555994314303937, "mean": 0.11069805489359384}