{"std": 0.06881537489699967, "rmse": 0.27496086685037957, "sse": 81.04692873664823, "max": 0.3886101376487576, "min": 0.10130722377710939, "median": 0.262211935242165, "mean": 0.2662102974659274}