{"ape_trans": 1143800.1563594725, "ape_rot_deg": 154.86714943561984, "rpe_8m_trans": 0.4607823827375175, "rpe_8m_rot": 7.833479290315229, "rpe_16m_trans": 1.0180716210054297, "rpe_16m_rot": 3.7895767131745735, "rpe_24m_trans": 4.752142693975278, "rpe_24m_rot": 12.130046946167067, "rpe_32m_trans": 6.870742965688466, "rpe_32m_rot": 19.760772418595348, "rpe_40m_trans": 8.73031438560629, "rpe_40m_rot": 66.18114825103271, "rpe_48m_trans": 9.819260511813694, "rpe_48m_rot": 77.74008096517639}