{"ape_trans": 70269005.2795983, "ape_rot_deg": 162.7892018273308, "rpe_8m_trans": 0.06543808176974321, "rpe_8m_rot": 2.093887800970854, "rpe_16m_trans": 0.06388070790025027, "rpe_16m_rot": 2.1228452108608185, "rpe_24m_trans": 0.06882375486802608, "rpe_24m_rot": 2.2511610950383267, "rpe_32m_trans": 0.06719565241939031, "rpe_32m_rot": 2.196235810916386, "rpe_40m_trans": 0.07459237737203896, "rpe_40m_rot": 2.0163974687793265, "rpe_48m_trans": 0.08820974500417414, "rpe_48m_rot": 2.025966651284443}