{"std": 0.02321158476556107, "rmse": 0.06519383678065299, "sse": 4.4967500627250026, "max": 0.1251514440398025, "min": 0.012694942413633217, "median": 0.055778815177921146, "mean": 0.060921742316299494}