{"rmse": 0.3347535955412042, "mean": 0.32747429241213705, "median": 0.31455062953783847, "std": 0.06943023503441617, "min": 0.20815934297109728, "max": 0.5895832606867862, "sse": 118.33532803251893}