{"rmse": 10.20948529151272, "mean": 10.195046038119889, "median": 10.298925663299878, "std": 0.5427948030614537, "min": 8.867695256212514, "max": 11.363915049296027, "sse": 306967.9223073749}