{"ape_trans": 0.08095216148861722, "ape_rot_deg": 0.6259752082221871, "rpe_8m_trans": 0.05999401409511019, "rpe_8m_rot": 0.6674796178730051, "rpe_16m_trans": 0.07845614995959739, "rpe_16m_rot": 0.7779495196375218, "rpe_24m_trans": 0.09261929012904727, "rpe_24m_rot": 0.8109688279053419, "rpe_32m_trans": 0.11615759972190866, "rpe_32m_rot": 0.8009841789447233, "rpe_40m_trans": 0.14111843913089744, "rpe_40m_rot": 0.7100755433889419, "rpe_48m_trans": 0.1702866813615771, "rpe_48m_rot": 0.6336795561330467}