{"ape_trans": 3.5311233019280475, "ape_rot_deg": 15.968054977366155, "rpe_8m_trans": 2.293323301309872, "rpe_8m_rot": 5.999363631048834, "rpe_16m_trans": 4.431046438304475, "rpe_16m_rot": 9.787031892607134, "rpe_24m_trans": 5.269024412331549, "rpe_24m_rot": 13.3893569064964, "rpe_32m_trans": 6.081480549604352, "rpe_32m_rot": 18.297119939119092, "rpe_40m_trans": 8.618540546711095, "rpe_40m_rot": 21.72747824727003, "rpe_48m_trans": 11.951954022997363, "rpe_48m_rot": 24.42107568035232}