{"ape_trans": 0.9034440477546416, "ape_rot_deg": 12.814935675247972, "rpe_8m_trans": 0.6802538663951038, "rpe_8m_rot": 0.6051003866119097, "rpe_16m_trans": 1.0721733302724736, "rpe_16m_rot": 0.7273655890515514, "rpe_24m_trans": 1.3698984394454867, "rpe_24m_rot": 0.8048598522467578, "rpe_32m_trans": 1.684960986044628, "rpe_32m_rot": 0.8571176181178297, "rpe_40m_trans": 1.868526341420618, "rpe_40m_rot": 0.9406082110990592, "rpe_48m_trans": 1.8718623076510372, "rpe_48m_rot": 0.8738796176131014}