{"ape_trans": 0.055663076328284385, "ape_rot_deg": 1.498356196334815, "rpe_8m_trans": 0.034868856939790444, "rpe_8m_rot": 0.7968391881280303, "rpe_16m_trans": 0.046623008604107716, "rpe_16m_rot": 0.9019056874496586, "rpe_24m_trans": 0.06047737350874033, "rpe_24m_rot": 0.965154561410534, "rpe_32m_trans": 0.06792633749572644, "rpe_32m_rot": 1.05448089510767, "rpe_40m_trans": 0.08095817093157094, "rpe_40m_rot": 1.130068015714805, "rpe_48m_trans": 0.09229509697235265, "rpe_48m_rot": 1.172921269149804}