{"ape_trans": 0.15386861456149084, "ape_rot_deg": 2.7575538165475284, "rpe_8m_trans": 0.1476692824618521, "rpe_8m_rot": 0.8189372699887718, "rpe_16m_trans": 0.15679282419900994, "rpe_16m_rot": 1.5009828288838238, "rpe_24m_trans": 0.18937076818989504, "rpe_24m_rot": 2.0908565661683114, "rpe_32m_trans": 0.22787562520633833, "rpe_32m_rot": 2.6810093538998743, "rpe_40m_trans": 0.27159327885782447, "rpe_40m_rot": 3.2876020729581104, "rpe_48m_trans": 0.2876954004836806, "rpe_48m_rot": 3.966556871559039}