{"std": 1.4436779034186, "rmse": 2.80042006847276, "sse": 156.8470511980995, "max": 5.223535334474699, "min": 0.6865924733350273, "median": 1.6597147685215263, "mean": 2.3996138587459965}