{"ape_trans": 0.3338040430316813, "ape_rot_deg": 3.5938516074393565, "rpe_8m_trans": 0.23713123341064177, "rpe_8m_rot": 1.9765103781005233, "rpe_16m_trans": 0.37882247278101366, "rpe_16m_rot": 2.680734556451479, "rpe_24m_trans": 0.511786108909765, "rpe_24m_rot": 3.560118589804025, "rpe_32m_trans": 0.5850119627675463, "rpe_32m_rot": 4.285766063201809, "rpe_40m_trans": 0.5747622542139333, "rpe_40m_rot": 4.973093481575835, "rpe_48m_trans": 0.6335551141260872, "rpe_48m_rot": 6.02143079206298}