{"ape_trans": 0.2395465606189896, "ape_rot_deg": 1.6498254566014028, "rpe_8m_trans": 0.2018315046379561, "rpe_8m_rot": 1.131828402034731, "rpe_16m_trans": 0.2830868550058854, "rpe_16m_rot": 1.5014528440255241, "rpe_24m_trans": 0.30937452796301423, "rpe_24m_rot": 1.6754903185150238, "rpe_32m_trans": 0.35472124348571116, "rpe_32m_rot": 1.8497232334271374, "rpe_40m_trans": 0.40573816043041844, "rpe_40m_rot": 1.8689865365114657, "rpe_48m_trans": 0.48905796231497195, "rpe_48m_rot": 1.8636539357138981}