{"ape_trans": 0.11781215130114478, "ape_rot_deg": 0.8129904177486481, "rpe_8m_trans": 0.17024370716279363, "rpe_8m_rot": 0.6434577063552265, "rpe_16m_trans": 0.2003404640911033, "rpe_16m_rot": 0.7466640561566528, "rpe_24m_trans": 0.2078485218876456, "rpe_24m_rot": 1.0014420214697939, "rpe_32m_trans": 0.13785944997620245, "rpe_32m_rot": 1.17713325288862, "rpe_40m_trans": 0.16467262726063678, "rpe_40m_rot": 1.5349104212645468, "rpe_48m_trans": NaN, "rpe_48m_rot": NaN}