{"ape_trans": 0.15649603053229263, "ape_rot_deg": 1.5065611928052989, "rpe_8m_trans": 0.1658985559006614, "rpe_8m_rot": 0.732068986348896, "rpe_16m_trans": 0.24704823203043094, "rpe_16m_rot": 1.0307582030187938, "rpe_24m_trans": 0.2807957750929272, "rpe_24m_rot": 1.1984183695314166, "rpe_32m_trans": 0.3656550035429512, "rpe_32m_rot": 1.4858294038359394, "rpe_40m_trans": 0.3035186452648047, "rpe_40m_rot": 1.7103550502051446, "rpe_48m_trans": 0.3549303545532423, "rpe_48m_rot": 1.9569462039590877}