{"ape_trans": 0.2515174318344398, "ape_rot_deg": 5.832055377836319, "rpe_8m_trans": 0.16624874843298684, "rpe_8m_rot": 1.0033928754807906, "rpe_16m_trans": 0.2912179701999393, "rpe_16m_rot": 1.3854242228784808, "rpe_24m_trans": 0.3315278040902685, "rpe_24m_rot": 1.9591915632526617, "rpe_32m_trans": 0.43088426957241316, "rpe_32m_rot": 2.5721216818660646, "rpe_40m_trans": 0.406464006882827, "rpe_40m_rot": 3.21796043684843, "rpe_48m_trans": 0.514915015966433, "rpe_48m_rot": 3.7421706040151363}