{"ape_trans": 0.6675196935335512, "ape_rot_deg": 30.332446569011736, "rpe_8m_trans": 0.6997605301751778, "rpe_8m_rot": 1.4634994231348055, "rpe_16m_trans": 0.9922650192212932, "rpe_16m_rot": 1.9472234277831288, "rpe_24m_trans": 1.266870739367426, "rpe_24m_rot": 2.5154004311875005, "rpe_32m_trans": 1.3874371301360877, "rpe_32m_rot": 2.867734109515476, "rpe_40m_trans": 1.486927959393882, "rpe_40m_rot": 3.163337438276423, "rpe_48m_trans": 1.485350866843201, "rpe_48m_rot": 3.2468890232824186}