{"ape_trans": 0.2652191245059375, "ape_rot_deg": 3.3483754933746925, "rpe_8m_trans": 0.2023688943383152, "rpe_8m_rot": 1.9200132060625468, "rpe_16m_trans": 0.3351927051132033, "rpe_16m_rot": 2.4726702187391263, "rpe_24m_trans": 0.4508077727485109, "rpe_24m_rot": 3.312484279950122, "rpe_32m_trans": 0.507389964151125, "rpe_32m_rot": 3.9598172460440217, "rpe_40m_trans": 0.46845827703566467, "rpe_40m_rot": 4.58761718279326, "rpe_48m_trans": 0.4895756140658388, "rpe_48m_rot": 5.646089057940163}