{"rmse": 74.4087126928025, "mean": 72.8213289581745, "median": 61.3688890393885, "std": 15.287595408217813, "min": 58.192382285112984, "max": 93.51429945316451, "sse": 6505571.4164050305}