{"ape_trans": 0.14291922905796248, "ape_rot_deg": 5.5137773546175675, "rpe_8m_trans": 0.07202610652515373, "rpe_8m_rot": 0.7637823325264987, "rpe_16m_trans": 0.10828538229138074, "rpe_16m_rot": 0.935667740895495, "rpe_24m_trans": 0.13543721242272644, "rpe_24m_rot": 1.1616165657353084, "rpe_32m_trans": 0.16308638784199705, "rpe_32m_rot": 1.4408141009099729, "rpe_40m_trans": 0.1954712297116818, "rpe_40m_rot": 1.7239282021214624, "rpe_48m_trans": 0.23161113309978762, "rpe_48m_rot": 1.9811156984727254}