{"std": 0.06795554823884642, "rmse": 0.14479728501530043, "sse": 20.651759941585112, "max": 0.32200296807430406, "min": 0.027186363103999987, "median": 0.1043454627950913, "mean": 0.12786045992158782}