{"rmse": 0.3208620241554794, "mean": 0.19348576921987637, "median": 0.17095434868315848, "std": 0.2559603400031813, "min": 0.048054457822792336, "max": 3.7898392743476115, "sse": 100.27567514297749}