{"rmse": 1.0490511360138268, "mean": 1.0429430475135713, "median": 1.034057631353272, "std": 0.11304019468757705, "min": 0.7662559081043426, "max": 1.4229256842028424, "sse": 1559.420241222183}