{"ape_trans": 0.49851136536440577, "ape_rot_deg": 11.14739025190159, "rpe_8m_trans": 0.5663687305607898, "rpe_8m_rot": 1.4409663278265628, "rpe_16m_trans": 0.9116262731662507, "rpe_16m_rot": 2.5280481931696146, "rpe_24m_trans": 1.013301210670471, "rpe_24m_rot": 3.2743363371598075, "rpe_32m_trans": 0.9932303846306427, "rpe_32m_rot": 3.725710478402912, "rpe_40m_trans": NaN, "rpe_40m_rot": NaN, "rpe_48m_trans": NaN, "rpe_48m_rot": NaN}