{"rmse": 0.9610222995723899, "mean": 0.9391855846397343, "median": 0.9196340340835638, "std": 0.20370149209155222, "min": 0.371243319777808, "max": 2.443306066255852, "sse": 464.5526217185285}