{"std": 0.12248112786348361, "rmse": 0.2679381442377659, "sse": 78.25202555995986, "max": 0.5496757307141854, "min": 0.05236485221941731, "median": 0.20531348376809483, "mean": 0.23830489389617418}