{"std": 0.1743518748273086, "rmse": 3.1347732290403814, "sse": 9620.440330360585, "max": 3.6062601368232676, "min": 2.7760168754113477, "median": 3.114215984193935, "mean": 3.1299208650143955}