{"rmse": 0.15594729757318607, "mean": 0.14550091745318913, "median": 0.14119001178870347, "std": 0.05611633131861068, "min": 0.03564713835897648, "max": 0.35009607592289765, "sse": 44.16432027060979}