{"rmse": 0.39177252887282055, "mean": 0.3722373937851008, "median": 0.3469653696447811, "std": 0.12216806885385735, "min": 0.13035472915235052, "max": 0.7109102540476737, "sse": 558.3810289122755}