{"std": 0.0942582436200665, "rmse": 0.14667055549333669, "sse": 32.16081651384232, "max": 0.43461008008716057, "min": 0.029550483397718243, "median": 0.07500595400583844, "mean": 0.112372751850189}