{"std": 0.7102873150216358, "rmse": 2.027867553820404, "sse": 5004.604374874296, "max": 3.269922771227024, "min": 0.25096872097285094, "median": 1.9280713799246543, "mean": 1.8994048399319465}