{"ape_trans": 0.19906248969550153, "ape_rot_deg": 3.2233335715776468, "rpe_8m_trans": 0.17534695575618978, "rpe_8m_rot": 1.1346171705469865, "rpe_16m_trans": 0.2525125588378815, "rpe_16m_rot": 1.3710408452809049, "rpe_24m_trans": 0.30713413580889976, "rpe_24m_rot": 1.7580723572986854, "rpe_32m_trans": 0.35645446341747966, "rpe_32m_rot": 2.1481007639760246, "rpe_40m_trans": 0.34994232259307995, "rpe_40m_rot": 2.499278575062815, "rpe_48m_trans": 0.31498852719631215, "rpe_48m_rot": 2.9179265064355873}