{"rmse": 0.7235143692620385, "mean": 0.47115913790117553, "median": 0.2660975665681258, "std": 0.5490738650681405, "min": 0.12319133664777573, "max": 2.153205354750437, "sse": 207.2953248413436}