{"ape_trans": 9742631.275716597, "ape_rot_deg": 144.7787704917696, "rpe_8m_trans": 0.03508143630721898, "rpe_8m_rot": 0.5542110866749392, "rpe_16m_trans": 0.03929025944566215, "rpe_16m_rot": 0.5654257172009737, "rpe_24m_trans": 0.04127185880251579, "rpe_24m_rot": 0.6461128766713751, "rpe_32m_trans": 0.04314368774304018, "rpe_32m_rot": 0.7649730588754657, "rpe_40m_trans": 0.05540904986651687, "rpe_40m_rot": 0.9449028978272732, "rpe_48m_trans": 0.07916474980709677, "rpe_48m_rot": 1.2006063920712566}