{"ape_trans": 5.189075401978186, "ape_rot_deg": 33.972249805122324, "rpe_8m_trans": 0.0257431193877293, "rpe_8m_rot": 0.585124775609457, "rpe_16m_trans": 4.5512228613012695, "rpe_16m_rot": 1.6928426934759706, "rpe_24m_trans": 6.957038569326082, "rpe_24m_rot": 2.4967249784733587, "rpe_32m_trans": 8.803436824091618, "rpe_32m_rot": 3.1138395912940298, "rpe_40m_trans": 10.605130838638797, "rpe_40m_rot": 3.9164670705990567, "rpe_48m_trans": 10.570066935378819, "rpe_48m_rot": 4.012793683232791}