{"ape_trans": 0.58911339866849, "ape_rot_deg": 80.30020496337937, "rpe_8m_trans": 0.7382232771552574, "rpe_8m_rot": 0.714314271086549, "rpe_16m_trans": 1.2583885045956917, "rpe_16m_rot": 0.65138501321485, "rpe_24m_trans": 1.6264956969561557, "rpe_24m_rot": 0.7004501532927713, "rpe_32m_trans": 1.6421355206571506, "rpe_32m_rot": 0.8153486146320835, "rpe_40m_trans": 1.64853304842831, "rpe_40m_rot": 0.4601493560845975, "rpe_48m_trans": NaN, "rpe_48m_rot": NaN}