{"ape_trans": 0.1580377790731778, "ape_rot_deg": 4.318976352349672, "rpe_8m_trans": 0.13082282843711093, "rpe_8m_rot": 2.2822588006094837, "rpe_16m_trans": 0.1771396361506535, "rpe_16m_rot": 2.8506294250173383, "rpe_24m_trans": 0.2269612883504712, "rpe_24m_rot": 3.766813485002325, "rpe_32m_trans": 0.22419786795088145, "rpe_32m_rot": 4.771739417807268, "rpe_40m_trans": 0.2734426921034618, "rpe_40m_rot": 5.8134298261160255, "rpe_48m_trans": 0.34028166462201265, "rpe_48m_rot": 7.057975739820424}