{"ape_trans": 1.3319423173361131, "ape_rot_deg": 8.237840621551374, "rpe_8m_trans": 1.1436815976538979, "rpe_8m_rot": 1.2929796734744274, "rpe_16m_trans": 1.4890226334397878, "rpe_16m_rot": 1.5494263707962217, "rpe_24m_trans": 1.832227658642119, "rpe_24m_rot": 1.747863119544697, "rpe_32m_trans": 2.160721183067852, "rpe_32m_rot": 2.041779737973983, "rpe_40m_trans": 2.4050339177934843, "rpe_40m_rot": 2.1986587243625073, "rpe_48m_trans": 2.5719542988313457, "rpe_48m_rot": 2.224537698056694}