{"ape_trans": 0.1248724187364861, "ape_rot_deg": 3.2865034232628916, "rpe_8m_trans": 0.1172365153701555, "rpe_8m_rot": 1.7363976108530508, "rpe_16m_trans": 0.15858112762008023, "rpe_16m_rot": 2.172018791645373, "rpe_24m_trans": 0.19014035273706598, "rpe_24m_rot": 2.8295802108932993, "rpe_32m_trans": 0.2031456431618712, "rpe_32m_rot": 3.6268080317124105, "rpe_40m_trans": 0.23608340914287962, "rpe_40m_rot": 4.401803345584727, "rpe_48m_trans": 0.27240820420983497, "rpe_48m_rot": 5.330916697718048}