{"ape_trans": 0.4397113034549343, "ape_rot_deg": 14.074775344551686, "rpe_8m_trans": 0.17458379247579933, "rpe_8m_rot": 3.3580308023992385, "rpe_16m_trans": 0.29755472264723043, "rpe_16m_rot": 5.739002232246864, "rpe_24m_trans": 0.3481776730541596, "rpe_24m_rot": 7.903917194707391, "rpe_32m_trans": 0.4038465456880796, "rpe_32m_rot": 10.340693393024269, "rpe_40m_trans": 0.4830636306593598, "rpe_40m_rot": 12.671758245411223, "rpe_48m_trans": 0.5793459554961123, "rpe_48m_rot": 15.016957769876036}