{"rmse": 0.220292854272417, "mean": 0.20954902835274986, "median": 0.208791406201664, "std": 0.06795694489827202, "min": 0.0293117569110999, "max": 0.3677807372227924, "sse": 67.30964205951834}