{"ape_trans": 1.1742029734664385, "ape_rot_deg": 20.362196645231208, "rpe_8m_trans": 1.0609394566538999, "rpe_8m_rot": 2.7658235429457863, "rpe_16m_trans": 1.6452639437445105, "rpe_16m_rot": 4.176190790893264, "rpe_24m_trans": 2.108757348271392, "rpe_24m_rot": 5.553084376591126, "rpe_32m_trans": 2.2423805493542988, "rpe_32m_rot": 6.298024501800567, "rpe_40m_trans": 2.3171980321252685, "rpe_40m_rot": 6.8592152498755885, "rpe_48m_trans": 2.315961202324883, "rpe_48m_rot": 7.07105795508599}