{"rmse": 0.18423769056794956, "mean": 0.16808526316054428, "median": 0.1558311591859435, "std": 0.07543786140965353, "min": 0.020748081410425424, "max": 0.33409195952845183, "sse": 78.37560297899881}