{"rmse": 13.741657992062603, "mean": 13.589664880987664, "median": 14.014144071140969, "std": 2.0381787932535587, "min": 10.031871822720914, "max": 17.054542239541288, "sse": 189210.83069955965}