{"rmse": 0.9830557020849611, "mean": 0.9717494301942251, "median": 0.9915327340504285, "std": 0.14866592857462235, "min": 0.6913325736374547, "max": 1.315171764640987, "sse": 663.9157787070061}