{"rmse": 0.1560105672820879, "mean": 0.14560669794372927, "median": 0.1411371961879544, "std": 0.05601773484890712, "min": 0.03632355346326383, "max": 0.34976078049201337, "sse": 44.20016354028084}