{"ape_trans": 0.18570153313255164, "ape_rot_deg": 6.915942635195669, "rpe_8m_trans": 0.08456866941871465, "rpe_8m_rot": 0.7838674012275426, "rpe_16m_trans": 0.12537187135543906, "rpe_16m_rot": 0.8884074386178024, "rpe_24m_trans": 0.16029584630459193, "rpe_24m_rot": 1.013318926063348, "rpe_32m_trans": 0.19884272247742302, "rpe_32m_rot": 1.2154256335935207, "rpe_40m_trans": 0.23727665645033283, "rpe_40m_rot": 1.3309359292722183, "rpe_48m_trans": 0.2866229413371919, "rpe_48m_rot": 1.4564913751870239}