{"rmse": 0.3379722423539154, "mean": 0.3056249592530774, "median": 0.27438553160904344, "std": 0.1442865928743503, "min": 0.070666309733198, "max": 0.6782482921904767, "sse": 101.43201010233955}