{"std": 0.050085862953861617, "rmse": 0.13836161379622613, "sse": 24.48509436436663, "max": 0.25319361674092533, "min": 0.02173328179998033, "median": 0.12074878709150584, "mean": 0.12897806985865087}