{"rmse": 6.572806547855109, "mean": 6.438732886597373, "median": 6.7298477950428595, "std": 1.3207970058174912, "min": 0.45412488617794927, "max": 8.368036806270402, "sse": 34259.01623101291}