{"rmse": 2.3191711800256676, "mean": 2.3066190483416795, "median": 2.341970638798567, "std": 0.24096374849543847, "min": 1.821333939249283, "max": 2.8444797903160906, "sse": 4152.244430865992}