{"ape_trans": 1.5951562707929239, "ape_rot_deg": 24.487812343429926, "rpe_8m_trans": 1.6196691601422675, "rpe_8m_rot": 5.941205425793352, "rpe_16m_trans": 2.6550453351356817, "rpe_16m_rot": 12.008029242983078, "rpe_24m_trans": 3.1742463590921703, "rpe_24m_rot": 15.99128387775334, "rpe_32m_trans": 3.0817449157510777, "rpe_32m_rot": 18.683618528193886, "rpe_40m_trans": 3.0493706542765886, "rpe_40m_rot": 21.32831714981318, "rpe_48m_trans": NaN, "rpe_48m_rot": NaN}