{"std": 1.0563668257991827, "rmse": 2.900367699636818, "sse": 7848.519895959096, "max": 4.768554213980771, "min": 0.35619745978507156, "median": 2.681075613851325, "mean": 2.701151962116816}