{"rmse": 0.32367298708639325, "mean": 0.28734360807879405, "median": 0.27741486905664964, "std": 0.1489894407858788, "min": 0.05014235395946649, "max": 0.7975882681699309, "sse": 190.25179186608216}