{"ape_trans": 0.8606492629569331, "ape_rot_deg": 19.608140119291992, "rpe_8m_trans": 0.7986361384290022, "rpe_8m_rot": 2.888864774854376, "rpe_16m_trans": 1.4203532471472444, "rpe_16m_rot": 4.907502854731811, "rpe_24m_trans": 1.8073942283429347, "rpe_24m_rot": 6.145235962161149, "rpe_32m_trans": 1.801086911590489, "rpe_32m_rot": 6.400868408830697, "rpe_40m_trans": 1.7585933311879365, "rpe_40m_rot": 6.668873975785854, "rpe_48m_trans": NaN, "rpe_48m_rot": NaN}