{"rmse": 2.469005490148426, "mean": 2.098425990182702, "median": 1.8091444279024997, "std": 1.3009982606094508, "min": 0.4076411960837034, "max": 8.185047220708155, "sse": 5748.516788091235}