{"rmse": 1.7394770354251763, "mean": 1.7337827093250633, "median": 1.679907080915671, "std": 0.14063382813890377, "min": 1.5242130377656173, "max": 2.1883771454646905, "sse": 1960.705671187971}