{"ape_trans": 0.11026966267625621, "ape_rot_deg": 3.2814783602490474, "rpe_8m_trans": 0.151284044062426, "rpe_8m_rot": 1.9902912129292165, "rpe_16m_trans": 0.15165525938237848, "rpe_16m_rot": 2.4330687060354554, "rpe_24m_trans": 0.16425267072217384, "rpe_24m_rot": 2.719634418705744, "rpe_32m_trans": 0.1792890544086438, "rpe_32m_rot": 3.0592330624587665, "rpe_40m_trans": 0.19713925314273456, "rpe_40m_rot": 3.30353386817007, "rpe_48m_trans": 0.21612809746490586, "rpe_48m_rot": 4.065723325544458}