{"rmse": 0.04746655746500763, "mean": 0.03990597024011204, "median": 0.03247434883370691, "std": 0.0257018990888643, "min": 0.006504216629767875, "max": 0.17595394769840977, "sse": 2.883934819300955}