{"rmse": 0.49545181373720354, "mean": 0.4897698841247842, "median": 0.4713312686792598, "std": 0.07481951844191498, "min": 0.2911636858464295, "max": 0.7026036300560015, "sse": 261.18273971855564}