{"rmse": 0.09555222191169241, "mean": 0.0891059152911728, "median": 0.09446371893565425, "std": 0.03450163724207369, "min": 0.00016484117442082917, "max": 0.21231324891413528, "sse": 25.208557056953477}