{"ape_trans": 0.18360811399798493, "ape_rot_deg": 3.1682218580096424, "rpe_8m_trans": 0.15955349651753636, "rpe_8m_rot": 1.0956115633441117, "rpe_16m_trans": 0.23328614928568558, "rpe_16m_rot": 1.2167334921946396, "rpe_24m_trans": 0.2923612235253649, "rpe_24m_rot": 1.4299885004798094, "rpe_32m_trans": 0.3315660244613934, "rpe_32m_rot": 1.7132194940328198, "rpe_40m_trans": 0.3179481785746618, "rpe_40m_rot": 1.8882435393227581, "rpe_48m_trans": 0.3059672503353691, "rpe_48m_rot": 2.058989353918217}