{"ape_trans": 0.33071112712322365, "ape_rot_deg": 2.93354850574703, "rpe_8m_trans": 0.2541025312136355, "rpe_8m_rot": 0.6961688837827296, "rpe_16m_trans": 0.39692389340420264, "rpe_16m_rot": 0.8976103099343745, "rpe_24m_trans": 0.4581793332704178, "rpe_24m_rot": 1.131373287337426, "rpe_32m_trans": 0.5377138378664554, "rpe_32m_rot": 1.1833934911635877, "rpe_40m_trans": 0.5799710054325262, "rpe_40m_rot": 1.2915657909519762, "rpe_48m_trans": 0.5408991949593882, "rpe_48m_rot": 1.3300748202956512}