{"ape_trans": 0.49542459594389987, "ape_rot_deg": 6.353136078325939, "rpe_8m_trans": 0.4040434803557657, "rpe_8m_rot": 1.315557853622362, "rpe_16m_trans": 0.5570957175845109, "rpe_16m_rot": 1.747880063994432, "rpe_24m_trans": 0.676301118782837, "rpe_24m_rot": 2.1671678517714277, "rpe_32m_trans": 0.7824085845552602, "rpe_32m_rot": 2.6173101439992563, "rpe_40m_trans": 0.9120492242775808, "rpe_40m_rot": 3.120504365727226, "rpe_48m_trans": 0.9769976745406586, "rpe_48m_rot": 3.5512354808069073}