{"ape_trans": 0.2771845213107677, "ape_rot_deg": 3.2171559053958765, "rpe_8m_trans": 0.21253977364199708, "rpe_8m_rot": 1.7644511632534325, "rpe_16m_trans": 0.3160639483181624, "rpe_16m_rot": 2.4697854892006923, "rpe_24m_trans": 0.398760605868268, "rpe_24m_rot": 3.3937299651334403, "rpe_32m_trans": 0.43478142550239507, "rpe_32m_rot": 4.091576143998532, "rpe_40m_trans": 0.4334254173407603, "rpe_40m_rot": 4.576399681572001, "rpe_48m_trans": 0.4913336413069566, "rpe_48m_rot": 5.677478383719786}