{"rmse": 3.3486241414657734, "mean": 3.347815328108086, "median": 3.344866403362878, "std": 0.07359463086351531, "min": 3.1504172091514033, "max": 3.56163338698218, "sse": 21596.784292195025}