{"ape_trans": 0.06784670611955036, "ape_rot_deg": 0.8002825149840821, "rpe_8m_trans": 0.028896446883421363, "rpe_8m_rot": 0.7918238140392594, "rpe_16m_trans": 0.043860336540123515, "rpe_16m_rot": 0.9558113829418241, "rpe_24m_trans": 0.05589787812680292, "rpe_24m_rot": 0.9898621159376636, "rpe_32m_trans": 0.06744599236095541, "rpe_32m_rot": 1.0123527044688883, "rpe_40m_trans": 0.07759693726320953, "rpe_40m_rot": 1.0609677713239565, "rpe_48m_trans": 0.08561047994809586, "rpe_48m_rot": 1.070115251496104}