{"ape_trans": 0.11655264351050532, "ape_rot_deg": 4.8404431268406505, "rpe_8m_trans": 0.05511223442127873, "rpe_8m_rot": 0.9148957404308483, "rpe_16m_trans": 0.08051210342983346, "rpe_16m_rot": 1.252013298334928, "rpe_24m_trans": 0.10589749149814515, "rpe_24m_rot": 1.6889798556631732, "rpe_32m_trans": 0.1314107673785573, "rpe_32m_rot": 2.162244892811573, "rpe_40m_trans": 0.15975850565396302, "rpe_40m_rot": 2.6430360786593385, "rpe_48m_trans": 0.18209615505534893, "rpe_48m_rot": 3.1242332181810255}