{"std": 0.4328706245483585, "rmse": 1.2448192703248375, "sse": 711.2549322393761, "max": 2.281026098807386, "min": 0.3948839637134234, "median": 1.0863205922767858, "mean": 1.1671323995910554}