{"ape_trans": 4.045000184322476, "ape_rot_deg": 27.510461880841284, "rpe_8m_trans": 1.0866829028084075, "rpe_8m_rot": 0.5846673128489562, "rpe_16m_trans": 4.1378495332209475, "rpe_16m_rot": 0.7265124444092957, "rpe_24m_trans": 5.5794315756583375, "rpe_24m_rot": 0.8558442312199402, "rpe_32m_trans": 6.922432302853333, "rpe_32m_rot": 0.762495714049281, "rpe_40m_trans": 8.247287218078162, "rpe_40m_rot": 0.7504033658418128, "rpe_48m_trans": 8.232672774720347, "rpe_48m_rot": 0.8808500891870671}