{"ape_trans": 0.1590934889372044, "ape_rot_deg": 4.3423228886191705, "rpe_8m_trans": 0.1323121446093448, "rpe_8m_rot": 2.2998201036131727, "rpe_16m_trans": 0.17936670828813736, "rpe_16m_rot": 2.8687233151691953, "rpe_24m_trans": 0.22806307386065983, "rpe_24m_rot": 3.7906158837187807, "rpe_32m_trans": 0.22493528938073437, "rpe_32m_rot": 4.801792753006704, "rpe_40m_trans": 0.274231110038669, "rpe_40m_rot": 5.849678244069357, "rpe_48m_trans": 0.3409598426590496, "rpe_48m_rot": 7.100040208858657}