{"std": 0.06244969794984744, "rmse": 0.1378025777326746, "sse": 18.837634026331664, "max": 0.29223581869494014, "min": 0.017365903801878725, "median": 0.11094133487901317, "mean": 0.1228396745996286}