{"rmse": 0.06551947918201152, "mean": 0.059928700421436956, "median": 0.059282487758597596, "std": 0.02648307040506636, "min": 0.009499629583276055, "max": 0.1150446202706985, "sse": 5.4261019204845}