{"ape_trans": 1.4739266938268165, "ape_rot_deg": 8.360128127363149, "rpe_8m_trans": 1.1099385097056849, "rpe_8m_rot": 1.2313081264257122, "rpe_16m_trans": 1.6048181421783705, "rpe_16m_rot": 1.6973209018742674, "rpe_24m_trans": 2.03035435304065, "rpe_24m_rot": 2.097864688607977, "rpe_32m_trans": 2.4522106420644487, "rpe_32m_rot": 2.5835130764377836, "rpe_40m_trans": 2.9071620639244538, "rpe_40m_rot": 3.077447296989386, "rpe_48m_trans": 2.920171480634879, "rpe_48m_rot": 3.1598367101626477}