{"std": 0.4036389307513015, "rmse": 1.2422764789441323, "sse": 464.5185058914872, "max": 2.113026066367952, "min": 0.5349309941475513, "median": 1.1795859609449733, "mean": 1.1748729564168958}