{"ape_trans": 0.9045103690484023, "ape_rot_deg": 12.830688745238444, "rpe_8m_trans": 0.6810831670175842, "rpe_8m_rot": 0.6070331853282084, "rpe_16m_trans": 1.0734613416861845, "rpe_16m_rot": 0.7272729012459932, "rpe_24m_trans": 1.3715503330841345, "rpe_24m_rot": 0.8049706828713217, "rpe_32m_trans": 1.686978177591491, "rpe_32m_rot": 0.8573225518264297, "rpe_40m_trans": 1.8707382912919934, "rpe_40m_rot": 0.9422181203983927, "rpe_48m_trans": 1.8740763669221916, "rpe_48m_rot": 0.8732006576219059}