{"rmse": 0.9506316296513293, "mean": 0.9466393067462795, "median": 0.9397546505472826, "std": 0.08703170810954744, "min": 0.7402491190390943, "max": 1.2289788985024694, "sse": 1280.5436018309492}