{"rmse": 0.10219558778639377, "mean": 0.09138142727886077, "median": 0.08991383295194001, "std": 0.045753392349472836, "min": 0.0019336323204296618, "max": 0.2008104732131179, "sse": 27.028911965860864}