{"ape_trans": 0.07880028766727963, "ape_rot_deg": 1.5720243546845447, "rpe_8m_trans": 0.0722214736855323, "rpe_8m_rot": 1.1648368692184883, "rpe_16m_trans": 0.1092539623985068, "rpe_16m_rot": 1.8014381097626615, "rpe_24m_trans": 0.13304222643762414, "rpe_24m_rot": 2.3542655245504545, "rpe_32m_trans": 0.15862962097699362, "rpe_32m_rot": 2.7243263346976123, "rpe_40m_trans": 0.15898092641730188, "rpe_40m_rot": 2.672199082704123, "rpe_48m_trans": 0.15154418831774383, "rpe_48m_rot": 2.6344455069758825}