{"rmse": 0.13675006309128904, "mean": 0.12099302877297163, "median": 0.10753535048315684, "std": 0.06372806872810749, "min": 0.007514357140919849, "max": 0.3852538971962921, "sse": 20.96334990588359}