{"ape_trans": 0.08605457680804152, "ape_rot_deg": 2.0335899184298976, "rpe_8m_trans": 0.11396128335720139, "rpe_8m_rot": 1.7506469792505739, "rpe_16m_trans": 0.17242748969387953, "rpe_16m_rot": 2.8611241400097613, "rpe_24m_trans": 0.26756361076546187, "rpe_24m_rot": 4.23664065672552, "rpe_32m_trans": 0.23073299660639804, "rpe_32m_rot": 6.232712563522953, "rpe_40m_trans": 0.17933187342247495, "rpe_40m_rot": 7.719606991953387, "rpe_48m_trans": NaN, "rpe_48m_rot": NaN}