{"rmse_8m_trans": 0.19276194427049004, "rmse_8m_rot": 2.2688356622390713, "rmse_16m_trans": 0.2737912540162472, "rmse_16m_rot": 3.580689355363115, "rmse_24m_trans": 0.327523204121274, "rmse_24m_rot": 4.830456833015544, "rmse_32m_trans": 0.3919489187110924, "rmse_32m_rot": 6.163327378652941, "rmse_40m_trans": 0.45430948813560695, "rmse_40m_rot": 7.4717324832392755, "rmse_48m_trans": 0.5256605830667337, "rmse_48m_rot": 8.811857865921572}