{"rmse": 6.3657063229794275, "mean": 6.226581036066105, "median": 6.429576558842996, "std": 1.3235957055393466, "min": 0.26083904943627323, "max": 8.264058060743558, "sse": 32053.07363942243}