{"ape_trans": 16.4996550203237, "ape_rot_deg": 123.1296310488096, "rpe_8m_trans": 3.6046223451841546, "rpe_8m_rot": 1.5402945959243708, "rpe_16m_trans": 7.77555817752216, "rpe_16m_rot": 1.9390164299053831, "rpe_24m_trans": 13.702200250505475, "rpe_24m_rot": 3.8388686347527323, "rpe_32m_trans": 18.411144942689965, "rpe_32m_rot": 5.146960896710495, "rpe_40m_trans": 22.593002538229577, "rpe_40m_rot": 5.757333841621251, "rpe_48m_trans": 26.9327351017011, "rpe_48m_rot": 6.317492015216543}