{"rmse": 0.1592907355650624, "mean": 0.13916891209518975, "median": 0.11808361289310748, "std": 0.07749549885703032, "min": 0.014846350386690502, "max": 0.5563697682819448, "sse": 28.342242433971094}