{"ape_trans": 0.08717073770399215, "ape_rot_deg": 0.9528666795207342, "rpe_8m_trans": 0.0703358938977728, "rpe_8m_rot": 0.9845072890674998, "rpe_16m_trans": 0.07484442957293175, "rpe_16m_rot": 1.1689298722749684, "rpe_24m_trans": 0.08591532708691038, "rpe_24m_rot": 1.3450668719653482, "rpe_32m_trans": 0.09625200745905531, "rpe_32m_rot": 1.5437099634469404, "rpe_40m_trans": 0.10030959169208294, "rpe_40m_rot": 1.7638896582370422, "rpe_48m_trans": 0.09589805324987848, "rpe_48m_rot": 1.8241619051509246}