{"ape_trans": 0.11085731545419118, "ape_rot_deg": 3.3048108526205233, "rpe_8m_trans": 0.15179997166688686, "rpe_8m_rot": 2.0299654275771357, "rpe_16m_trans": 0.15260582984647014, "rpe_16m_rot": 2.4748841954930216, "rpe_24m_trans": 0.16461609737866387, "rpe_24m_rot": 2.761084529688538, "rpe_32m_trans": 0.18016284809757102, "rpe_32m_rot": 3.1021284667925135, "rpe_40m_trans": 0.19719213982959, "rpe_40m_rot": 3.350867379136267, "rpe_48m_trans": 0.21666929960755318, "rpe_48m_rot": 4.116429581576744}