{"rmse": 0.06384104665314064, "mean": 0.052231529613836626, "median": 0.04165910435873102, "std": 0.036708943759898444, "min": 0.006272112808510494, "max": 0.22990381332896556, "sse": 5.216869424343654}