{"rmse": 131.56012932364143, "mean": 130.71355379927962, "median": 118.04248228927649, "std": 14.900821481250537, "min": 115.72194120740407, "max": 161.81605497957625, "sse": 18225395.211918883}