{"rmse": 0.36200324157455255, "mean": 0.3501266075749385, "median": 0.36985880258467974, "std": 0.09196578482538399, "min": 0.09805349501017371, "max": 0.6109789578083721, "sse": 476.74661006034023}