{"rmse": 0.14212630571641116, "mean": 0.12586725912786584, "median": 0.11434837600083339, "std": 0.06600999815356337, "min": 0.013179663801754376, "max": 0.3022279905576284, "sse": 19.068693117105465}