{"ape_trans": 9.195166460232503, "ape_rot_deg": 47.48092655712466, "rpe_8m_trans": 0.03529519774651366, "rpe_8m_rot": 1.056813538799915, "rpe_16m_trans": 0.04130970337125918, "rpe_16m_rot": 1.0870835390211657, "rpe_24m_trans": 8.120924513645807, "rpe_24m_rot": 4.708365928972878, "rpe_32m_trans": 11.451840206069814, "rpe_32m_rot": 6.469584963637379, "rpe_40m_trans": 15.016513002082258, "rpe_40m_rot": 8.402020635777008, "rpe_48m_trans": 17.876816030459977, "rpe_48m_rot": 9.788460426812216}