{"rmse": 0.08337844884115594, "mean": 0.07776765931215615, "median": 0.07537792241650546, "std": 0.030069201789633064, "min": 0.01727463852367999, "max": 0.15887002350845944, "sse": 7.30651598344628}