{"ape_trans": 0.4846756129157776, "ape_rot_deg": 1.8813902168456278, "rpe_8m_trans": 0.32253702703419923, "rpe_8m_rot": 1.4083326832355485, "rpe_16m_trans": 0.5154221747459617, "rpe_16m_rot": 1.5529972488136474, "rpe_24m_trans": 0.6303416565558604, "rpe_24m_rot": 1.6654956716453984, "rpe_32m_trans": 0.736326521365897, "rpe_32m_rot": 1.6994643954480442, "rpe_40m_trans": 0.8299093745191528, "rpe_40m_rot": 1.8016596951368944, "rpe_48m_trans": 1.0126053353284954, "rpe_48m_rot": 1.838730653297246}