{"rmse": 0.05608182286303058, "mean": 0.05245665574915141, "median": 0.052163017178587394, "std": 0.019836081348274397, "min": 0.0049794409144126115, "max": 0.10993652547874738, "sse": 8.017040511027226}