{"ape_trans": 0.08893233209908066, "ape_rot_deg": 6.3374218597152385, "rpe_8m_trans": 0.31588871737929386, "rpe_8m_rot": 3.6761989193807354, "rpe_16m_trans": 0.2696927921384005, "rpe_16m_rot": 3.026308461773384, "rpe_24m_trans": 0.3207085778169727, "rpe_24m_rot": 2.9253127447193803, "rpe_32m_trans": 0.2869599277582368, "rpe_32m_rot": 3.2089446460892455, "rpe_40m_trans": 0.2972981616212309, "rpe_40m_rot": 3.158970723915621, "rpe_48m_trans": 0.41175912633587963, "rpe_48m_rot": 3.4470631355687074}