{"rmse": 0.07781963439843674, "mean": 0.06478383695806812, "median": 0.06722108028388692, "std": 0.04311554205732319, "min": 0.005776462177469416, "max": 0.15815124880196757, "sse": 7.660707804851543}