{"rmse": 2.183951102156916, "mean": 2.178907926147853, "median": 2.15666420530372, "std": 0.148332956494731, "min": 1.8558881185284781, "max": 2.54334561324505, "sse": 5652.026263685702}