{"rmse": 11.237587576931904, "mean": 7.295848787416941, "median": 4.108066570372462, "std": 8.547161225831713, "min": 3.559615614271248, "max": 32.79190089460965, "sse": 50134.499696038074}