{"rmse": 1.6460142531037878, "mean": 1.4231102980395285, "median": 1.180616836849831, "std": 0.8271154701942555, "min": 0.13306496687584932, "max": 3.709921657618176, "sse": 2861.087245020386}