{"ape_trans": 0.8358159025765217, "ape_rot_deg": 154.74619135674595, "rpe_8m_trans": 0.9810156701382372, "rpe_8m_rot": 2.109496979725332, "rpe_16m_trans": 1.7546337521419613, "rpe_16m_rot": 3.6844096181853296, "rpe_24m_trans": 2.4074300239703925, "rpe_24m_rot": 5.259098213743632, "rpe_32m_trans": 2.40003339027821, "rpe_32m_rot": 5.485734965149524, "rpe_40m_trans": 2.3793204738878515, "rpe_40m_rot": 5.745978171320594, "rpe_48m_trans": NaN, "rpe_48m_rot": NaN}