{"std": 0.09397444412586965, "rmse": 0.14596353661221703, "sse": 31.8515042604173, "max": 0.4328945048438469, "min": 0.029399323764252742, "median": 0.07386500915096107, "mean": 0.11168776957026146}