{"ape_trans": 2.3186381413072525, "ape_rot_deg": 19.652671946876783, "rpe_8m_trans": 1.2410648388487546, "rpe_8m_rot": 1.2918769968259054, "rpe_16m_trans": 2.689762777508474, "rpe_16m_rot": 1.6433267741355178, "rpe_24m_trans": 3.4495172328927697, "rpe_24m_rot": 1.9190972137299138, "rpe_32m_trans": 4.41377359006926, "rpe_32m_rot": 2.381339392806895, "rpe_40m_trans": 4.687267439923703, "rpe_40m_rot": 2.67988960093547, "rpe_48m_trans": 4.666105890614083, "rpe_48m_rot": 2.6746134565030393}