{"std": 0.027287343258876617, "rmse": 0.06972180061552531, "sse": 6.129884275630615, "max": 0.1369791986746624, "min": 0.006846739735858882, "median": 0.06121119818964348, "mean": 0.06416019310244715}