{"rmse": 3.702993780504538, "mean": 3.237719871336239, "median": 2.633644749577822, "std": 1.7970344941624625, "min": 0.6616341272752987, "max": 8.703764881061456, "sse": 13616.177797886103}