{"ape_trans": 0.15601713677719808, "ape_rot_deg": 1.5020321450357563, "rpe_8m_trans": 0.1655167058252846, "rpe_8m_rot": 0.7336493484804617, "rpe_16m_trans": 0.2461102412883091, "rpe_16m_rot": 1.0300314314326366, "rpe_24m_trans": 0.2800846520153813, "rpe_24m_rot": 1.195705622855683, "rpe_32m_trans": 0.364777739259449, "rpe_32m_rot": 1.4841433634129937, "rpe_40m_trans": 0.3021719534515058, "rpe_40m_rot": 1.7070037940334706, "rpe_48m_trans": 0.3538223357337926, "rpe_48m_rot": 1.9537482987330665}