{"rmse": 0.161037405779828, "mean": 0.1283491136154726, "median": 0.1102270953806752, "std": 0.0972602235984448, "min": 0.012895396512548129, "max": 0.48737870391597343, "sse": 38.76990386014399}