{"ape_trans": 8.030016963923046, "ape_rot_deg": 35.7474865061853, "rpe_8m_trans": 0.034196170547320784, "rpe_8m_rot": 0.6494399187347282, "rpe_16m_trans": 1.993896018548534, "rpe_16m_rot": 0.8501258645954405, "rpe_24m_trans": 8.792342831029595, "rpe_24m_rot": 2.4063623683215822, "rpe_32m_trans": 11.966487171714046, "rpe_32m_rot": 3.0960983147849657, "rpe_40m_trans": 15.064123991785621, "rpe_40m_rot": 3.7420861966099612, "rpe_48m_trans": 16.111258574630313, "rpe_48m_rot": 3.949260165889214}