{"ape_trans": 0.3320332593876299, "ape_rot_deg": 0.9255862468564972, "rpe_8m_trans": 0.22661291333516628, "rpe_8m_rot": 0.6034180709756168, "rpe_16m_trans": 0.3475095597493336, "rpe_16m_rot": 0.7009392942674827, "rpe_24m_trans": 0.39695214954820673, "rpe_24m_rot": 0.8870888573932856, "rpe_32m_trans": 0.46031045591760483, "rpe_32m_rot": 0.995161385695484, "rpe_40m_trans": 0.573611465847634, "rpe_40m_rot": 1.187195725156566, "rpe_48m_trans": 0.7467548150129198, "rpe_48m_rot": 1.3136034368312324}