{"ape_trans": 0.6513325385869241, "ape_rot_deg": 32.62762944615999, "rpe_8m_trans": 0.6933153722462386, "rpe_8m_rot": 1.3576841426382424, "rpe_16m_trans": 1.1825847274714782, "rpe_16m_rot": 1.9147317275242963, "rpe_24m_trans": 1.4522761348978124, "rpe_24m_rot": 2.178466058019504, "rpe_32m_trans": 1.4459222405645409, "rpe_32m_rot": 2.423389195337653, "rpe_40m_trans": 1.4027232866602788, "rpe_40m_rot": 2.586368655944347, "rpe_48m_trans": NaN, "rpe_48m_rot": NaN}