{"ape_trans": 0.06972059786837066, "ape_rot_deg": 0.8649593541769173, "rpe_8m_trans": 0.06822817212468912, "rpe_8m_rot": 0.6679904669606437, "rpe_16m_trans": 0.08969044978869863, "rpe_16m_rot": 0.8464349388323911, "rpe_24m_trans": 0.10875440400533755, "rpe_24m_rot": 1.0678223728022476, "rpe_32m_trans": 0.12716762115112848, "rpe_32m_rot": 1.291906094344445, "rpe_40m_trans": 0.12076502626440594, "rpe_40m_rot": 1.4247376234431772, "rpe_48m_trans": 0.11793273804358337, "rpe_48m_rot": 1.5275455937537323}