{"std": 0.12349277834218003, "rmse": 0.4195615275529422, "sse": 528.0956262076747, "max": 0.6800230677675112, "min": 0.04530075697307481, "median": 0.41266584367153075, "mean": 0.4009755716996828}