{"ape_trans": 0.3332725099580947, "ape_rot_deg": 3.736713775130326, "rpe_8m_trans": 0.23861462079827883, "rpe_8m_rot": 0.7418463344017796, "rpe_16m_trans": 0.35520882361982337, "rpe_16m_rot": 0.9173235885508071, "rpe_24m_trans": 0.44910748466728057, "rpe_24m_rot": 1.2097207964117374, "rpe_32m_trans": 0.5083670433902033, "rpe_32m_rot": 1.2398207597342508, "rpe_40m_trans": 0.5763861121243373, "rpe_40m_rot": 1.3585762763102927, "rpe_48m_trans": 0.5315324042458307, "rpe_48m_rot": 1.4609105276600445}