{"ape_trans": 0.10480980921031322, "ape_rot_deg": 2.432433625954037, "rpe_8m_trans": 0.1004564105507706, "rpe_8m_rot": 1.4735972250157559, "rpe_16m_trans": 0.12713166259375105, "rpe_16m_rot": 1.6356535714940121, "rpe_24m_trans": 0.15215748589296094, "rpe_24m_rot": 2.0477525089150395, "rpe_32m_trans": 0.1811855892977274, "rpe_32m_rot": 2.467620681554889, "rpe_40m_trans": 0.19443185144516223, "rpe_40m_rot": 2.8332551300741264, "rpe_48m_trans": 0.22546584466050612, "rpe_48m_rot": 3.3823928911002303}