{"ape_trans": 0.10219558778639377, "ape_rot_deg": 1.1500400493444618, "rpe_8m_trans": 0.042998243392312605, "rpe_8m_rot": 0.7965550955293701, "rpe_16m_trans": 0.061432955642229246, "rpe_16m_rot": 0.9663305254298427, "rpe_24m_trans": 0.08075414663509022, "rpe_24m_rot": 1.1311422868426873, "rpe_32m_trans": 0.09657479960286693, "rpe_32m_rot": 1.1747861991981094, "rpe_40m_trans": 0.11180554195461369, "rpe_40m_rot": 1.2983436238671986, "rpe_48m_trans": 0.1274273549431082, "rpe_48m_rot": 1.4149432641108612}