{"rmse": 3.1112570603593936, "mean": 2.88904932054444, "median": 3.162882911548709, "std": 1.1546923915475853, "min": 0.47786461830242477, "max": 5.108422684178673, "sse": 8605.449320620559}