{"rmse": 0.10340278028847834, "mean": 0.09816209614072202, "median": 0.1041047968492122, "std": 0.03250135155108128, "min": 0.012743515188325968, "max": 0.20589034359984068, "sse": 27.64986103600762}