{"ape_trans": 3.5069778152028492, "ape_rot_deg": 18.29219547626549, "rpe_8m_trans": 2.1087235709291616, "rpe_8m_rot": 5.905132284681318, "rpe_16m_trans": 4.274921055272418, "rpe_16m_rot": 9.480911013153957, "rpe_24m_trans": 5.580872711824954, "rpe_24m_rot": 12.869084530975254, "rpe_32m_trans": 6.605884479974187, "rpe_32m_rot": 17.468054597676844, "rpe_40m_trans": 9.587940326513547, "rpe_40m_rot": 20.71122243349587, "rpe_48m_trans": 11.450722828045786, "rpe_48m_rot": 23.510289773864404}