{"std": 0.0348228740305724, "rmse": 0.06751506225773073, "sse": 4.895596620408485, "max": 0.1632989156532476, "min": 0.007266518466347987, "median": 0.051124984267188985, "mean": 0.05784160333113306}