{"ape_trans": 0.13495242218598288, "ape_rot_deg": 3.734505786754315, "rpe_8m_trans": 0.15053802356104237, "rpe_8m_rot": 1.9313666541222183, "rpe_16m_trans": 0.17734003644393828, "rpe_16m_rot": 2.1822418217300297, "rpe_24m_trans": 0.20036484364284596, "rpe_24m_rot": 2.5186842965142975, "rpe_32m_trans": 0.2353289084947058, "rpe_32m_rot": 2.51660157043842, "rpe_40m_trans": 0.28891190989367355, "rpe_40m_rot": 1.4211848573971415, "rpe_48m_trans": 0.3136722272327666, "rpe_48m_rot": 1.3611898413691443}