{"std": 0.029053067968422306, "rmse": 0.0656549470808889, "sse": 5.991695185910107, "max": 0.13026816321289458, "min": 0.010297024695566249, "median": 0.05921161461862752, "mean": 0.05887691668061903}