{"ape_trans": 0.10919035951404023, "ape_rot_deg": 2.647920154956236, "rpe_8m_trans": 0.05011555883109219, "rpe_8m_rot": 0.989182268311575, "rpe_16m_trans": 0.0784041212606287, "rpe_16m_rot": 1.4994666077085728, "rpe_24m_trans": 0.10185864201940809, "rpe_24m_rot": 1.8616942778957584, "rpe_32m_trans": 0.11428510110970296, "rpe_32m_rot": 2.207376923042112, "rpe_40m_trans": 0.1278100557418932, "rpe_40m_rot": 2.574442129821188, "rpe_48m_trans": 0.13461478042881467, "rpe_48m_rot": 2.9362427243287534}