{"rmse": 0.06263616176873496, "mean": 0.05844956362186375, "median": 0.057685185077658366, "std": 0.022515267565206405, "min": 0.01108281485013496, "max": 0.14117357311879894, "sse": 5.359212447688739}