{"std": 0.05086453581246139, "rmse": 0.1351155629900602, "sse": 18.073653208499714, "max": 0.2537446079227864, "min": 0.04136574402155855, "median": 0.12334511416143973, "mean": 0.12517593362425444}