{"rmse": 0.16696999049848077, "mean": 0.15622969555046887, "median": 0.15280543329296536, "std": 0.05891739942725377, "min": 0.03792156965245115, "max": 0.27332007503453243, "sse": 21.91287649347133}