{"rmse": 0.06783250328988076, "mean": 0.06152304840189151, "median": 0.0576520111777593, "std": 0.028568566955838013, "min": 0.0032015287590264727, "max": 0.12484640436943671, "sse": 5.9034018287994705}