{"std": 0.2732388846096709, "rmse": 0.6515021198728587, "sse": 311.97443396613915, "max": 1.52047934343452, "min": 0.05617103033942509, "median": 0.5594105947933409, "mean": 0.5914351394160577}