{"std": 0.4197047314762716, "rmse": 1.0568541241729865, "sse": 330.6144293753093, "max": 2.2672530812587746, "min": 0.04847469772319793, "median": 0.8772734267875977, "mean": 0.969942564360324}