{"std": 0.16887541332528636, "rmse": 0.3943154461221928, "sse": 280.02789256202965, "max": 0.6331675596331635, "min": 0.06289514031825277, "median": 0.3324478742619792, "mean": 0.35632255868069546}