{"ape_trans": 0.1950667741360509, "ape_rot_deg": 1.6302988215645304, "rpe_8m_trans": 0.18914649535170985, "rpe_8m_rot": 0.5722862274466878, "rpe_16m_trans": 0.256761145699278, "rpe_16m_rot": 0.635707257641091, "rpe_24m_trans": 0.253019828513573, "rpe_24m_rot": 0.6364576936983325, "rpe_32m_trans": 0.28788688564026654, "rpe_32m_rot": 0.6245031179951006, "rpe_40m_trans": 0.2548360929405907, "rpe_40m_rot": 0.6252973109864324, "rpe_48m_trans": 0.26601336814699283, "rpe_48m_rot": 0.652424231986984}