{"ape_trans": 0.3937520682576076, "ape_rot_deg": 10.626947205974394, "rpe_8m_trans": 0.4518517193998566, "rpe_8m_rot": 1.449916786996087, "rpe_16m_trans": 0.726047564972265, "rpe_16m_rot": 2.5214115326923765, "rpe_24m_trans": 0.7955670190053453, "rpe_24m_rot": 3.28815674700995, "rpe_32m_trans": 0.7782972506541729, "rpe_32m_rot": 3.6917982120426447, "rpe_40m_trans": NaN, "rpe_40m_rot": NaN, "rpe_48m_trans": NaN, "rpe_48m_rot": NaN}