{"ape_trans": 74.31558034271923, "ape_rot_deg": 164.72433063577378, "rpe_8m_trans": 0.16568310727273425, "rpe_8m_rot": 1.5856142176708907, "rpe_16m_trans": 0.17497600505804342, "rpe_16m_rot": 1.8522930945685818, "rpe_24m_trans": 0.21305723883948485, "rpe_24m_rot": 2.1535251665775816, "rpe_32m_trans": 0.24300590959008458, "rpe_32m_rot": 2.406110057005033, "rpe_40m_trans": 0.2920998691678714, "rpe_40m_rot": 2.657050866481472, "rpe_48m_trans": 0.3744470931939757, "rpe_48m_rot": 2.464396196437852}