{"ape_trans": 0.08855805449285535, "ape_rot_deg": 0.9826432438941584, "rpe_8m_trans": 0.06844942959982489, "rpe_8m_rot": 0.9692271723125391, "rpe_16m_trans": 0.07978206878282515, "rpe_16m_rot": 1.1574009698527261, "rpe_24m_trans": 0.09306528446292521, "rpe_24m_rot": 1.3301350565765386, "rpe_32m_trans": 0.10473035448916326, "rpe_32m_rot": 1.5367543518095288, "rpe_40m_trans": 0.1076483489089528, "rpe_40m_rot": 1.7443754388428252, "rpe_48m_trans": 0.10094525465221876, "rpe_48m_rot": 1.8039307324757974}