{"rmse": 0.18617132316269702, "mean": 0.1596468197124246, "median": 0.13739439241539653, "std": 0.09577397623497717, "min": 0.04422161384686887, "max": 0.4775015327019999, "sse": 36.53138869282944}