{"rmse": 0.11655264351050532, "mean": 0.10788631787897868, "median": 0.10709972189154116, "std": 0.04410284711674407, "min": 0.019367565960797063, "max": 0.23228005861559808, "sse": 18.624375150432392}