{"rmse": 0.03613211919926813, "mean": 0.03395526946322599, "median": 0.03219476401199371, "std": 0.012351911330228723, "min": 0.006790883001758412, "max": 0.06804388873302658, "sse": 1.381250780024267}