{"ape_trans": 2.1834161494802418, "ape_rot_deg": 10.802216068291543, "rpe_8m_trans": 1.2953032867917742, "rpe_8m_rot": 1.0708196989702332, "rpe_16m_trans": 2.1019056028037353, "rpe_16m_rot": 1.4992441825644307, "rpe_24m_trans": 2.4725000426723853, "rpe_24m_rot": 1.5766758769435476, "rpe_32m_trans": 2.9482417708602955, "rpe_32m_rot": 1.8140961349760354, "rpe_40m_trans": 3.494756224380656, "rpe_40m_rot": 2.0185285577972016, "rpe_48m_trans": 4.11350781843718, "rpe_48m_rot": 2.192239542326188}