{"rmse": 0.06608798542817279, "mean": 0.06210564323058546, "median": 0.06293733787842659, "std": 0.02259448819667339, "min": 0.005855002305724691, "max": 0.1844074935857238, "sse": 12.059003839372043}