{"std": 0.05175339483634655, "rmse": 0.2759711651084979, "sse": 82.40521085699184, "max": 0.3657129624022298, "min": 0.15011056340070042, "median": 0.2751199009535852, "mean": 0.2710750266886551}