{"ape_trans": 0.18243451505789335, "ape_rot_deg": 1.6363630178407875, "rpe_8m_trans": 0.16030299217903435, "rpe_8m_rot": 0.8094897386155054, "rpe_16m_trans": 0.24068694471769095, "rpe_16m_rot": 1.2502424472874307, "rpe_24m_trans": 0.27283206986371944, "rpe_24m_rot": 1.5421345041047558, "rpe_32m_trans": 0.3634521410110069, "rpe_32m_rot": 2.0045941686024316, "rpe_40m_trans": 0.3214009665292497, "rpe_40m_rot": 2.44285005426086, "rpe_48m_trans": 0.41611818974056575, "rpe_48m_rot": 2.832726220547932}