{"rmse": 0.12329000625900745, "mean": 0.10227777225224777, "median": 0.0908509210287346, "std": 0.06884535530058243, "min": 0.0014073857090509052, "max": 0.3100850617455893, "sse": 20.0493614235735}