{"rmse_8m_trans": 0.2437288475580995, "rmse_8m_rot": 1.9127243166970544, "rmse_16m_trans": 0.3646639314745161, "rmse_16m_rot": 2.2380467297666797, "rmse_24m_trans": 0.43977310490462534, "rmse_24m_rot": 2.71871537148968, "rmse_32m_trans": 0.5281368399800255, "rmse_32m_rot": 3.2004016488610074, "rmse_40m_trans": 0.6038134533799102, "rmse_40m_rot": 3.4291728392213603, "rmse_48m_trans": 0.7326103600995052, "rmse_48m_rot": 4.076000584167123}