{"rmse": 0.18559886643830525, "mean": 0.16916072300075455, "median": 0.18388118213238713, "std": 0.07636484149820427, "min": 0.022833672945638844, "max": 0.3336113013711764, "sse": 89.14867870959986}