{"ape_trans": 1.8350526291380351, "ape_rot_deg": 19.028195783316395, "rpe_8m_trans": 2.6126389335722178, "rpe_8m_rot": 7.806201343899783, "rpe_16m_trans": 4.231453847805763, "rpe_16m_rot": 12.951521662509714, "rpe_24m_trans": 5.449358749565884, "rpe_24m_rot": 17.986846267903474, "rpe_32m_trans": 5.4725652139566625, "rpe_32m_rot": 19.129422638490077, "rpe_40m_trans": NaN, "rpe_40m_rot": NaN, "rpe_48m_trans": NaN, "rpe_48m_rot": NaN}