{"ape_trans": 0.06972182453785795, "ape_rot_deg": 0.8649264698318478, "rpe_8m_trans": 0.06822835191184463, "rpe_8m_rot": 0.6679750344115472, "rpe_16m_trans": 0.08969122357825442, "rpe_16m_rot": 0.84640741988577, "rpe_24m_trans": 0.10875602893468359, "rpe_24m_rot": 1.0677863435801125, "rpe_32m_trans": 0.1271687632017056, "rpe_32m_rot": 1.2918669902471431, "rpe_40m_trans": 0.1207663321448021, "rpe_40m_rot": 1.424681954616116, "rpe_48m_trans": 0.1179343326660577, "rpe_48m_rot": 1.5274610812331888}