{"std": 0.6218868143439787, "rmse": 4.286145063626909, "sse": 27060.54119300575, "max": 7.430230307856646, "min": 3.038404545908469, "median": 4.238006380687198, "mean": 4.240789584098511}