{"ape_trans": 2.7280526524948177, "ape_rot_deg": 11.82060187754351, "rpe_8m_trans": 1.636806029768418, "rpe_8m_rot": 5.024810469713471, "rpe_16m_trans": 3.8188047626611916, "rpe_16m_rot": 11.196726533853498, "rpe_24m_trans": 5.337498175674517, "rpe_24m_rot": 15.548443199229473, "rpe_32m_trans": 5.632281530980502, "rpe_32m_rot": 16.52186185019487, "rpe_40m_trans": 5.699645028264447, "rpe_40m_rot": 16.88033183611535, "rpe_48m_trans": 5.675664170874154, "rpe_48m_rot": 17.43055904675026}