{"rmse": 0.06307766158463742, "mean": 0.05501185126884186, "median": 0.042992923402534494, "std": 0.030862398010538087, "min": 0.006099994967237061, "max": 0.1421492716796922, "sse": 4.925743742040721}