{"rmse": 0.07778521616267274, "mean": 0.0712067772451545, "median": 0.07758357026768399, "std": 0.03130710347241769, "min": 0.00721923155782145, "max": 0.13852847950383154, "sse": 6.377269005561305}