{"ape_trans": 0.39453188357517543, "ape_rot_deg": 3.542919375007829, "rpe_8m_trans": 0.2806921735304261, "rpe_8m_rot": 0.7318686667508948, "rpe_16m_trans": 0.49765223345680953, "rpe_16m_rot": 0.8616282753474968, "rpe_24m_trans": 0.5757382074068377, "rpe_24m_rot": 1.191455561820906, "rpe_32m_trans": 0.6936776063632794, "rpe_32m_rot": 1.1838597735484975, "rpe_40m_trans": 0.7115790413020431, "rpe_40m_rot": 1.3057623193724324, "rpe_48m_trans": 0.6538406122279569, "rpe_48m_rot": 1.3450046381586915}