{"rmse": 133.69642731532343, "mean": 133.24980666711247, "median": 124.55860281951409, "std": 10.918960575929889, "min": 121.99096239467491, "max": 147.89530819632532, "sse": 55304429.09027155}