{"ape_trans": 3.135394438852291, "ape_rot_deg": 17.066092964489904, "rpe_8m_trans": 1.051262146444467, "rpe_8m_rot": 0.9262513016671572, "rpe_16m_trans": 3.150246965365869, "rpe_16m_rot": 2.1813322384410876, "rpe_24m_trans": 4.080808060173416, "rpe_24m_rot": 2.8221690307475935, "rpe_32m_trans": 5.113214905771731, "rpe_32m_rot": 3.5268326566802166, "rpe_40m_trans": 6.025112966368181, "rpe_40m_rot": 4.214103151850085, "rpe_48m_trans": 6.2840182474087625, "rpe_48m_rot": 4.51685212360563}