{"ape_trans": 0.08895301187838427, "ape_rot_deg": 6.3378857646096245, "rpe_8m_trans": 0.3159132810123244, "rpe_8m_rot": 3.6760025821050557, "rpe_16m_trans": 0.2697429985109976, "rpe_16m_rot": 3.0263786465879368, "rpe_24m_trans": 0.3207989591030964, "rpe_24m_rot": 2.925131507232296, "rpe_32m_trans": 0.2869971882542966, "rpe_32m_rot": 3.2087922615036297, "rpe_40m_trans": 0.29737245364751724, "rpe_40m_rot": 3.1585168450276817, "rpe_48m_trans": 0.41187536913895023, "rpe_48m_rot": 3.4460539161558166}