{"rmse": 12.387950265424246, "mean": 12.068521885288222, "median": 12.639143855075583, "std": 2.7950118573887828, "min": 2.2203236378002904, "max": 19.12000427197367, "sse": 278685.7421899824}