{"ape_trans": 0.12225585578407458, "ape_rot_deg": 1.0495852188617154, "rpe_8m_trans": 0.09300633957635875, "rpe_8m_rot": 1.0273953052983609, "rpe_16m_trans": 0.10221536656747328, "rpe_16m_rot": 1.196164839665797, "rpe_24m_trans": 0.11971068493924032, "rpe_24m_rot": 1.3810861832222758, "rpe_32m_trans": 0.14119982726352467, "rpe_32m_rot": 1.6178481707124457, "rpe_40m_trans": 0.1477671174773237, "rpe_40m_rot": 1.8164298639591498, "rpe_48m_trans": 0.14160834234737976, "rpe_48m_rot": 1.9269824354208192}