{"ape_trans": 0.06759574742574165, "ape_rot_deg": 1.6274890587390858, "rpe_8m_trans": 0.09461632372673523, "rpe_8m_rot": 1.4270124958006594, "rpe_16m_trans": 0.1274245167085899, "rpe_16m_rot": 2.2181011512238236, "rpe_24m_trans": 0.1909852297278073, "rpe_24m_rot": 3.2672528633833897, "rpe_32m_trans": 0.18117198562265516, "rpe_32m_rot": 4.888190838606519, "rpe_40m_trans": NaN, "rpe_40m_rot": NaN, "rpe_48m_trans": NaN, "rpe_48m_rot": NaN}