{"rmse": 0.042266778460324624, "mean": 0.03810135491050706, "median": 0.03308457833852104, "std": 0.01829664765463174, "min": 0.008444260675862519, "max": 0.08069012133328156, "sse": 1.8954558756604256}