{"ape_trans": 0.14618452358313452, "ape_rot_deg": 2.551115710485211, "rpe_8m_trans": 0.1390005429033794, "rpe_8m_rot": 0.6979498080823776, "rpe_16m_trans": 0.2679032201631669, "rpe_16m_rot": 0.7549079439713062, "rpe_24m_trans": 0.2654016544896691, "rpe_24m_rot": 0.6318152282636029, "rpe_32m_trans": 0.33087897724629367, "rpe_32m_rot": 0.7616793033089783, "rpe_40m_trans": 0.34322876006322584, "rpe_40m_rot": 0.9134431767344076, "rpe_48m_trans": 0.4184689078616355, "rpe_48m_rot": 0.9308166655084003}