{"rmse": 0.11049041893275327, "mean": 0.09871848095964977, "median": 0.0927659748511116, "std": 0.04962654726005617, "min": 0.03382876895492345, "max": 0.3992089237447411, "sse": 9.656632946664839}