{"ape_trans": 0.1329221444964973, "ape_rot_deg": 1.5267012776790267, "rpe_8m_trans": 0.15660220379584502, "rpe_8m_rot": 0.7893875238310193, "rpe_16m_trans": 0.23337974500074665, "rpe_16m_rot": 1.1334229258914434, "rpe_24m_trans": 0.25776632801555777, "rpe_24m_rot": 1.4025128642076776, "rpe_32m_trans": 0.33519119256432606, "rpe_32m_rot": 1.8016441545459014, "rpe_40m_trans": 0.27115075035519665, "rpe_40m_rot": 2.2452151372515385, "rpe_48m_trans": 0.33678182506368187, "rpe_48m_rot": 2.6777763628552784}