{"std": 0.04849608330508994, "rmse": 0.08611742889071897, "sse": 7.965011214095393, "max": 0.22653683345440212, "min": 0.012889621646468319, "median": 0.058985517382475816, "mean": 0.07116418665883714}