{"rmse": 22.427458931949246, "mean": 22.326851942215512, "median": 20.597731824130186, "std": 2.1219322549641966, "min": 19.935489669343607, "max": 25.175347882731046, "sse": 1827868.9820002774}