{"ape_trans": 0.16965728350892736, "ape_rot_deg": 5.849980481019934, "rpe_8m_trans": 0.09006082571055586, "rpe_8m_rot": 0.7877873120941731, "rpe_16m_trans": 0.12053032067985758, "rpe_16m_rot": 0.8949559597697375, "rpe_24m_trans": 0.14793776133039957, "rpe_24m_rot": 1.0565356410800084, "rpe_32m_trans": 0.18464513198639113, "rpe_32m_rot": 1.2742350456071825, "rpe_40m_trans": 0.22092864511980778, "rpe_40m_rot": 1.4380135020324518, "rpe_48m_trans": 0.26502834601037223, "rpe_48m_rot": 1.5911264742697693}