{"ape_trans": 0.2122736547547514, "ape_rot_deg": 6.892586119996312, "rpe_8m_trans": 0.11328083641340438, "rpe_8m_rot": 0.7703210790041642, "rpe_16m_trans": 0.16299477657872288, "rpe_16m_rot": 0.9860066794984086, "rpe_24m_trans": 0.20174407783764814, "rpe_24m_rot": 1.2639139968142985, "rpe_32m_trans": 0.24240274439647622, "rpe_32m_rot": 1.5721424781524542, "rpe_40m_trans": 0.29395182165085454, "rpe_40m_rot": 1.8784820430968294, "rpe_48m_trans": 0.3547867926036099, "rpe_48m_rot": 2.1714947667127826}