{"ape_trans": 1.8768476236024993, "ape_rot_deg": 18.049896452678563, "rpe_8m_trans": 1.3482413441934484, "rpe_8m_rot": 3.3774696899987826, "rpe_16m_trans": 2.0838940542009965, "rpe_16m_rot": 5.835588575457726, "rpe_24m_trans": 2.6061251918972204, "rpe_24m_rot": 7.201376416574068, "rpe_32m_trans": 3.0873167365154415, "rpe_32m_rot": 8.655372879582702, "rpe_40m_trans": 3.419144473917117, "rpe_40m_rot": 10.009864590245437, "rpe_48m_trans": 3.6616093520879938, "rpe_48m_rot": 10.642628878390433}