{"rmse": 1.4739266938268165, "mean": 1.472527318768384, "median": 1.4793121383976067, "std": 0.06421210365689314, "min": 1.3056042766278733, "max": 1.6794382952657503, "sse": 2066.009363735263}