{"ape_trans": 0.1701353242490333, "ape_rot_deg": 2.118721050150861, "rpe_8m_trans": 0.1454821087150638, "rpe_8m_rot": 0.6357947978136138, "rpe_16m_trans": 0.2765064743946637, "rpe_16m_rot": 0.7275988881219929, "rpe_24m_trans": 0.2771911872293803, "rpe_24m_rot": 0.5490109519005909, "rpe_32m_trans": 0.34073492897516244, "rpe_32m_rot": 0.6186679493911538, "rpe_40m_trans": 0.3688780794873281, "rpe_40m_rot": 0.6591953674948154, "rpe_48m_trans": 0.42717214364938877, "rpe_48m_rot": 0.5504323477817895}