{"rmse": 0.07883301782543739, "mean": 0.07026163605280816, "median": 0.06331231271256207, "std": 0.03574838735731242, "min": 0.006306755358797751, "max": 0.19302381329784388, "sse": 8.184687069196364}