{"ape_trans": 11.237587576931904, "ape_rot_deg": 42.71978798969383, "rpe_8m_trans": 1.2225016103640047, "rpe_8m_rot": 7.5344177583518075, "rpe_16m_trans": 1.7201689552753714, "rpe_16m_rot": 14.160502487951831, "rpe_24m_trans": 3.2128897673984533, "rpe_24m_rot": 19.844271271464034, "rpe_32m_trans": 31.792523816244294, "rpe_32m_rot": 105.40119213394952, "rpe_40m_trans": 33.60235249947985, "rpe_40m_rot": 112.4206303359764, "rpe_48m_trans": 33.68103781575697, "rpe_48m_rot": 119.56602272400397}