{"ape_trans": 0.6107687732473449, "ape_rot_deg": 9.69630617249385, "rpe_8m_trans": 1.202214289327683, "rpe_8m_rot": 2.582612861074866, "rpe_16m_trans": 1.3170352569653694, "rpe_16m_rot": 2.9748644378667533, "rpe_24m_trans": 1.8873777728567873, "rpe_24m_rot": 4.15883634131856, "rpe_32m_trans": NaN, "rpe_32m_rot": NaN, "rpe_40m_trans": NaN, "rpe_40m_rot": NaN, "rpe_48m_trans": NaN, "rpe_48m_rot": NaN}