{"rmse_8m_trans": 0.06080010327532112, "rmse_8m_rot": 0.9850230617536202, "rmse_16m_trans": 0.09455550039792252, "rmse_16m_rot": 1.3735960070578574, "rmse_24m_trans": 0.12046832283980773, "rmse_24m_rot": 1.7922047934326455, "rmse_32m_trans": 0.14610408313228873, "rmse_32m_rot": 2.185288178922577, "rmse_40m_trans": 0.17196195032762335, "rmse_40m_rot": 2.5231433562193963, "rmse_48m_trans": 0.1937270777952221, "rmse_48m_rot": 2.8974893185155426}