{"rmse": 0.2771527127690316, "mean": 0.24654375688315666, "median": 0.23363801443193224, "std": 0.1266088548924295, "min": 0.013830282046294438, "max": 0.6070362811551985, "sse": 97.16923713697015}