{"std": 0.16876006991538461, "rmse": 0.42591355126241737, "sse": 61.13259301120081, "max": 1.0151772515706627, "min": 0.0924760233158386, "median": 0.3634907050763396, "mean": 0.391052927301559}