{"std": 0.10494308193855248, "rmse": 0.23888155987142007, "sse": 103.62894975823079, "max": 0.40956925083741563, "min": 0.017484857681268857, "median": 0.1918000818966117, "mean": 0.21459578094604081}