{"rmse": 21.839033578590875, "mean": 21.703138791108, "median": 19.945633626909704, "std": 2.4325201460055665, "min": 19.039036229010236, "max": 25.599021226834758, "sse": 858498.0977642755}