{"std": 0.05454259878941734, "rmse": 0.10422226978004845, "sse": 12.230928989386456, "max": 0.25556429696687977, "min": 0.018183987180228053, "median": 0.06720851631657239, "mean": 0.08881095898255942}