{"std": 0.04630334430057136, "rmse": 0.13135054994965126, "sse": 17.08043730235507, "max": 0.21468518227211297, "min": 0.025924653656513287, "median": 0.11971885761073611, "mean": 0.1229185391983592}