{"ape_trans": 2.4830408689772607, "ape_rot_deg": 9.043285267161455, "rpe_8m_trans": 1.5820502839641974, "rpe_8m_rot": 3.767834014235169, "rpe_16m_trans": 3.1872781070038196, "rpe_16m_rot": 7.382496927841147, "rpe_24m_trans": 4.6956127145823325, "rpe_24m_rot": 10.543750021610306, "rpe_32m_trans": 5.023010112359547, "rpe_32m_rot": 11.546691708213874, "rpe_40m_trans": 5.091289143311837, "rpe_40m_rot": 11.635163676451276, "rpe_48m_trans": 5.562479150314358, "rpe_48m_rot": 11.57749958784402}