{"ape_trans": 16.502358454596365, "ape_rot_deg": 123.09214607552258, "rpe_8m_trans": 3.6046444649793954, "rpe_8m_rot": 1.540575022263989, "rpe_16m_trans": 7.7776574756041, "rpe_16m_rot": 1.9397431513531163, "rpe_24m_trans": 13.702473526685505, "rpe_24m_rot": 3.8396802779970205, "rpe_32m_trans": 18.410236927986265, "rpe_32m_rot": 5.149373792169506, "rpe_40m_trans": 22.58701488870277, "rpe_40m_rot": 5.758114309569508, "rpe_48m_trans": 26.932514872471547, "rpe_48m_rot": 6.318646685739311}