{"ape_trans": 131.50368863720158, "ape_rot_deg": 153.709263778258, "rpe_8m_trans": 3.532458811337774, "rpe_8m_rot": 2.46395639959747, "rpe_16m_trans": 7.873500485043947, "rpe_16m_rot": 3.0830416738173696, "rpe_24m_trans": 12.842418615068926, "rpe_24m_rot": 3.7398529195874204, "rpe_32m_trans": 18.406410408202753, "rpe_32m_rot": 4.640483165789846, "rpe_40m_trans": 24.99789853614858, "rpe_40m_rot": 5.327643685126352, "rpe_48m_trans": 32.62792034903881, "rpe_48m_rot": 6.03956601153471}