{"rmse": 0.15386861456149084, "mean": 0.1415703575043727, "median": 0.14418440135436014, "std": 0.060277561522980805, "min": 0.007544509916735594, "max": 0.25996064116508505, "sse": 39.56184496415837}