{"std": 0.17759796263760844, "rmse": 0.386795775405973, "sse": 132.7049320503823, "max": 0.7897897302831565, "min": 0.09241394669211167, "median": 0.30047387997884484, "mean": 0.34361306078040527}