{"rmse": 0.12047084068988533, "mean": 0.11039214844080412, "median": 0.1076549948385544, "std": 0.048236884426247906, "min": 0.01805889759234504, "max": 0.21026473586289063, "sse": 17.77869873424647}