{"rmse": 22.089654590595885, "mean": 21.741080262911115, "median": 19.083075838613137, "std": 3.9087426281977935, "min": 17.14974064844634, "max": 27.751716575979096, "sse": 1244279.7418261764}