{"rmse": 0.5011238043430939, "mean": 0.47960815415667046, "median": 0.44540521712206194, "std": 0.14526212770618085, "min": 0.23176786933770846, "max": 0.884480438822622, "sse": 557.7487744273151}