{"rmse": 0.11026966267625621, "mean": 0.09868247480578499, "median": 0.09283693093749831, "std": 0.0492053622376763, "min": 0.03380690125733456, "max": 0.395700261596042, "sse": 9.618084218827647}