{"rmse": 9.195166460232503, "mean": 8.89561281226639, "median": 7.806179426798254, "std": 2.3279087021674223, "min": 5.163072160346329, "max": 13.530681514085638, "sse": 405422.4584794899}