{"rmse": 24.328659958064677, "mean": 24.084454384790728, "median": 21.94226538047277, "std": 3.4384229440361653, "min": 16.948969571857045, "max": 30.74749915131585, "sse": 3244706.4179368755}