{"ape_trans": 4.254789380714815, "ape_rot_deg": 25.496513884778654, "rpe_8m_trans": 0.9470668623416885, "rpe_8m_rot": 0.6118924426363898, "rpe_16m_trans": 4.217308600630929, "rpe_16m_rot": 1.2236578986940807, "rpe_24m_trans": 5.834070368648826, "rpe_24m_rot": 1.7193196468791465, "rpe_32m_trans": 7.251230214558934, "rpe_32m_rot": 2.1613204630415943, "rpe_40m_trans": 8.621171724747827, "rpe_40m_rot": 2.6021021358994623, "rpe_48m_trans": 8.646503494079013, "rpe_48m_rot": 2.9167003201297375}