{"ape_trans": 0.15159154917866086, "ape_rot_deg": 1.8138203063556848, "rpe_8m_trans": 0.16311936425800735, "rpe_8m_rot": 0.8400418974617001, "rpe_16m_trans": 0.26262363319617893, "rpe_16m_rot": 1.0687756455278994, "rpe_24m_trans": 0.2986131458478379, "rpe_24m_rot": 1.1994339067430224, "rpe_32m_trans": 0.38946032659048835, "rpe_32m_rot": 1.5100627678203367, "rpe_40m_trans": 0.33918221704183465, "rpe_40m_rot": 1.6896241487010235, "rpe_48m_trans": 0.3969821065047457, "rpe_48m_rot": 1.9563699942161858}