{"rmse": 1.2919194778823826, "mean": 1.279515618303624, "median": 1.2867699643117512, "std": 0.1785937284704656, "min": 0.8866053757827431, "max": 1.6748702869177117, "sse": 1146.641428947007}