{"ape_trans": 13.7331318191635, "ape_rot_deg": 67.75234157816323, "rpe_8m_trans": 1.215308582966425, "rpe_8m_rot": 1.1329531331946756, "rpe_16m_trans": 1.252290115689714, "rpe_16m_rot": 1.1395451999241697, "rpe_24m_trans": 1.4806225855360289, "rpe_24m_rot": 1.3297891300211868, "rpe_32m_trans": 14.878830384849254, "rpe_32m_rot": 8.00612405147805, "rpe_40m_trans": 21.15594319481044, "rpe_40m_rot": 11.340284416405147, "rpe_48m_trans": 25.189359204396848, "rpe_48m_rot": 13.386083082871494}