{"ape_trans": 0.5237467023378897, "ape_rot_deg": 54.981319706386316, "rpe_8m_trans": 0.5925235269063513, "rpe_8m_rot": 1.1810175383592991, "rpe_16m_trans": 0.9702373555918096, "rpe_16m_rot": 1.732774413987399, "rpe_24m_trans": 1.32162345456177, "rpe_24m_rot": 2.329954844667743, "rpe_32m_trans": 1.4006877038079897, "rpe_32m_rot": 2.6165752188442815, "rpe_40m_trans": 1.385622048128697, "rpe_40m_rot": 2.708165643206804, "rpe_48m_trans": NaN, "rpe_48m_rot": NaN}