{"rmse": 0.18696689260307928, "mean": 0.16634261756035024, "median": 0.14447652743070902, "std": 0.08536247719473972, "min": 0.014025488161214376, "max": 0.374706549581164, "sse": 34.67696597821418}