{"std": 1.4674956788920341, "rmse": 3.817173610686472, "sse": 11729.505571167563, "max": 8.384529976385812, "min": 0.3085719400548841, "median": 3.5082861593488324, "mean": 3.5238148087767613}