{"rmse": 0.40189748667375, "mean": 0.39661437772856223, "median": 0.3906929755110837, "std": 0.06495094436313006, "min": 0.28024512578933525, "max": 0.5966688359441684, "sse": 85.12187782179481}