{"rmse_8m_trans": 0.07332266463431199, "rmse_8m_rot": 0.7988766549921327, "rmse_16m_trans": 0.09700145445328807, "rmse_16m_rot": 0.9856199349549599, "rmse_24m_trans": 0.11796341936374803, "rmse_24m_rot": 1.159916540910249, "rmse_32m_trans": 0.14095348469289862, "rmse_32m_rot": 1.3185268007182729, "rmse_40m_trans": 0.16440585858004134, "rmse_40m_rot": 1.4747723862069235, "rmse_48m_trans": 0.19188357508744458, "rmse_48m_rot": 1.6235049773404138}