{"ape_trans": 0.054222421653326094, "ape_rot_deg": 1.141125013032112, "rpe_8m_trans": 0.041930793890675604, "rpe_8m_rot": 0.9867192209993224, "rpe_16m_trans": 0.0611181937782639, "rpe_16m_rot": 1.170278850539376, "rpe_24m_trans": 0.06714609494354687, "rpe_24m_rot": 1.3713163924701932, "rpe_32m_trans": 0.07348742258501775, "rpe_32m_rot": 1.5932887819646997, "rpe_40m_trans": 0.07633725142410588, "rpe_40m_rot": 1.841914847966569, "rpe_48m_trans": 0.07374040343007872, "rpe_48m_rot": 1.9421955004134708}