{"ape_trans": 0.21227346646570375, "ape_rot_deg": 6.89253645236403, "rpe_8m_trans": 0.11328053848962183, "rpe_8m_rot": 0.7703228279983777, "rpe_16m_trans": 0.1629948722713868, "rpe_16m_rot": 0.9860290875046849, "rpe_24m_trans": 0.20174453451027627, "rpe_24m_rot": 1.26396262231982, "rpe_32m_trans": 0.24240268171523752, "rpe_32m_rot": 1.5721992334968167, "rpe_40m_trans": 0.2939538417662454, "rpe_40m_rot": 1.879014738589016, "rpe_48m_trans": 0.3547875519467492, "rpe_48m_rot": 2.171568932838414}