{"rmse": 0.05813690381296357, "mean": 0.05414903486553942, "median": 0.053238474680604796, "std": 0.02116085083564397, "min": 0.007401386671023232, "max": 0.1137814105189706, "sse": 4.606803134297452}