{"rmse": 1.3324285039793438, "mean": 1.2833143410132222, "median": 1.0988325702255903, "std": 0.35842714792051, "min": 0.8205805370391821, "max": 2.0426475445502614, "sse": 1013.7338251016969}