{"ape_trans": 1.3322191472028908, "ape_rot_deg": 22.622514372866764, "rpe_8m_trans": 1.1117094184624197, "rpe_8m_rot": 1.6127365184504123, "rpe_16m_trans": 2.021428742160983, "rpe_16m_rot": 2.492616637211307, "rpe_24m_trans": 2.665210074681567, "rpe_24m_rot": 3.168472696525139, "rpe_32m_trans": 2.8474763259849185, "rpe_32m_rot": 3.3825965469543053, "rpe_40m_trans": 2.8749648160613397, "rpe_40m_rot": 3.304010996552792, "rpe_48m_trans": NaN, "rpe_48m_rot": NaN}