{"rmse": 1.5096651107738845, "mean": 1.3489625837162762, "median": 1.2033731215286017, "std": 0.6777821880378925, "min": 0.15638489338890438, "max": 3.237240018964288, "sse": 2244.902415487606}