{"rmse": 30.88769421132751, "mean": 30.874521495621785, "median": 30.8111286709773, "std": 0.9019845391489012, "min": 28.151868651259612, "max": 33.138620632180995, "sse": 4562265.443957415}