{"rmse": 129.39723624090956, "mean": 85.10311263302366, "median": 65.8907981656492, "std": 97.47361164416061, "min": 0.5504558566406563, "max": 545.1090873498849, "sse": 22804844.1451222}