{"ape_trans": 17059979.453774065, "ape_rot_deg": 150.3140031274324, "rpe_8m_trans": 0.09571943871968791, "rpe_8m_rot": 2.1159513446973395, "rpe_16m_trans": 0.09864454416453719, "rpe_16m_rot": 2.1565928522077447, "rpe_24m_trans": 0.1069247627526162, "rpe_24m_rot": 2.3348670422581144, "rpe_32m_trans": 0.11778654908650205, "rpe_32m_rot": 2.467582076509454, "rpe_40m_trans": 0.1264885891109704, "rpe_40m_rot": 2.4160695299729467, "rpe_48m_trans": 0.15428308083552272, "rpe_48m_rot": 2.861353785237094}