{"ape_trans": 0.16550960176972657, "ape_rot_deg": 3.0717014096786515, "rpe_8m_trans": 0.0698638461530247, "rpe_8m_rot": 1.0760925871848868, "rpe_16m_trans": 0.09806262609306175, "rpe_16m_rot": 1.394447399478739, "rpe_24m_trans": 0.1129848256856902, "rpe_24m_rot": 1.7844098703910418, "rpe_32m_trans": 0.13005806871941347, "rpe_32m_rot": 2.2386917120948904, "rpe_40m_trans": 0.1560174399965995, "rpe_40m_rot": 2.685386421712191, "rpe_48m_trans": 0.18840757945986014, "rpe_48m_rot": 3.165069570585304}