{"rmse": 0.48534547059442235, "mean": 0.4623770737269702, "median": 0.4290260833391285, "std": 0.1475386983750546, "min": 0.1561104399569154, "max": 0.9125442895933985, "sse": 523.1792615607038}