{"rmse": 150.04025105703096, "mean": 115.19043703066701, "median": 71.73567411655358, "std": 96.14177111922176, "min": 28.18016271483727, "max": 478.0489945449692, "sse": 18459903.088550642}