{"rmse": 0.10793547485421916, "mean": 0.0943368294481165, "median": 0.08094329614407345, "std": 0.052446442602742414, "min": 0.012491024901389819, "max": 0.31680748873298975, "sse": 12.151019601482025}