{"ape_trans": 0.4795501327532773, "ape_rot_deg": 1.946940156016594, "rpe_8m_trans": 0.2966944733182168, "rpe_8m_rot": 1.4117053027927386, "rpe_16m_trans": 0.47093708727592587, "rpe_16m_rot": 1.5722765544985955, "rpe_24m_trans": 0.5878514505568633, "rpe_24m_rot": 1.7008053440126276, "rpe_32m_trans": 0.6953702841256214, "rpe_32m_rot": 1.7267487581100316, "rpe_40m_trans": 0.7968668812900301, "rpe_40m_rot": 1.863511748864935, "rpe_48m_trans": 0.9728907327579656, "rpe_48m_rot": 1.8792336358252157}