{"rmse": 131.53692665528075, "mean": 130.69077246820783, "median": 118.02195031020659, "std": 14.895806979812726, "min": 115.7024604023395, "max": 161.6424523204304, "sse": 18218967.116834294}