{"ape_trans": 0.15275936860626654, "ape_rot_deg": 5.695917228178363, "rpe_8m_trans": 0.07315915092333622, "rpe_8m_rot": 0.7623779857142374, "rpe_16m_trans": 0.11120032817700604, "rpe_16m_rot": 0.9201570760344557, "rpe_24m_trans": 0.13955327377377091, "rpe_24m_rot": 1.1346862580042374, "rpe_32m_trans": 0.16594096122526272, "rpe_32m_rot": 1.4035493556338243, "rpe_40m_trans": 0.20218244642627617, "rpe_40m_rot": 1.6700464163421664, "rpe_48m_trans": 0.24176899895933743, "rpe_48m_rot": 1.8986029564482818}