{"rmse": 0.39453188357517543, "mean": 0.37904000695516155, "median": 0.3992402795268867, "std": 0.1094718241594924, "min": 0.1351503204745192, "max": 0.7070192295346527, "sse": 566.274371238533}