{"rmse": 0.3096913169822368, "mean": 0.30212113165244786, "median": 0.28946005596921565, "std": 0.06805537174416554, "min": 0.17421781268873102, "max": 0.7007617817253733, "sse": 50.35207370245094}