{"rmse": 1.3321578154715656, "mean": 1.2830489973789414, "median": 1.0986684785971685, "std": 0.3583709190864503, "min": 0.8203110693228058, "max": 2.042339663862958, "sse": 1013.3219782788472}