{"ape_trans": 0.23529757256289763, "ape_rot_deg": 1.733524664345303, "rpe_8m_trans": 0.1804923116768648, "rpe_8m_rot": 0.6565467638288054, "rpe_16m_trans": 0.23639248457373854, "rpe_16m_rot": 0.7298432609976164, "rpe_24m_trans": 0.24717940370572816, "rpe_24m_rot": 0.7934327599611886, "rpe_32m_trans": 0.2838083292245265, "rpe_32m_rot": 0.8418325291087922, "rpe_40m_trans": 0.27079624678469505, "rpe_40m_rot": 0.8754036000472001, "rpe_48m_trans": 0.3040033446225994, "rpe_48m_rot": 1.0827438907041314}