{"rmse": 0.05665819796022015, "mean": 0.05196257796705157, "median": 0.049687264167463094, "std": 0.022584106958602135, "min": 0.011731038444040786, "max": 0.20138671103826372, "sse": 8.856807701838505}