{"rmse": 0.0911153823325305, "mean": 0.0830814096896677, "median": 0.08248138459797333, "std": 0.037409788312429686, "min": 0.0013508565426357234, "max": 0.29330784804020166, "sse": 23.843381041916423}