{"rmse": 1.6849621196690046, "mean": 1.4947246197731827, "median": 1.4458903231836402, "std": 0.7777503813971293, "min": 0.1373270386519546, "max": 3.626425642580992, "sse": 3052.029645573425}