{"std": 0.8529246569807406, "rmse": 27.171747310252336, "sse": 3529092.4120447403, "max": 29.39421032828747, "min": 24.290935109324995, "median": 27.079983340074254, "mean": 27.15835730344748}