{"std": 0.7471203426745189, "rmse": 13.079330125507994, "sse": 818393.5053291882, "max": 16.127190339434303, "min": 9.32715560818675, "median": 13.05159064494368, "mean": 13.057974104951459}