{"ape_trans": 0.3470772098714283, "ape_rot_deg": 1.4890694001312637, "rpe_8m_trans": 0.20169292381655474, "rpe_8m_rot": 1.2080324276075265, "rpe_16m_trans": 0.32805413825282653, "rpe_16m_rot": 1.4994804002937199, "rpe_24m_trans": 0.4198875684486179, "rpe_24m_rot": 1.5243489381491115, "rpe_32m_trans": 0.47194191474646896, "rpe_32m_rot": 1.6390221265697724, "rpe_40m_trans": 0.6215659369420902, "rpe_40m_rot": 2.0094681809451975, "rpe_48m_trans": 0.8029326784740165, "rpe_48m_rot": 2.28985980572552}