{"rmse": 0.08611836027044294, "mean": 0.07117795304006128, "median": 0.05907217348662913, "std": 0.048477530637364714, "min": 0.012925158019089176, "max": 0.22639792988878785, "sse": 7.96518350186937}