{"rmse": 31.975693490580632, "mean": 31.96442330492628, "median": 31.87758083166096, "std": 0.8488916226738511, "min": 30.225714138281813, "max": 33.78749274011699, "sse": 4889331.866641426}