{"rmse": 0.0648231745620241, "mean": 0.06033040286788395, "median": 0.06326585029047523, "std": 0.02371257999664878, "min": 0.0008471203991810109, "max": 0.14454908464555533, "sse": 11.912794627446669}