{"rmse": 0.05809917687466953, "mean": 0.054118115882612935, "median": 0.05323762930914918, "std": 0.021136316775403695, "min": 0.007409845521556971, "max": 0.11374321667442414, "sse": 4.600826063839765}