{"std": 23.12428212493315, "rmse": 37.75806084486939, "sse": 531775.3422192923, "max": 117.89336912839654, "min": 7.090116849341516, "median": 23.130060971550297, "mean": 29.848596867714843}