{"rmse": 0.2748820628681313, "mean": 0.2624978475128214, "median": 0.2598440917368603, "std": 0.08157835826844544, "min": 0.09567881370341855, "max": 0.6565167480159966, "sse": 79.33815591097125}