{"rmse_8m_trans": 0.04250796106777513, "rmse_8m_rot": 0.8110452860653175, "rmse_16m_trans": 0.05607220686741902, "rmse_16m_rot": 0.9718457047915138, "rmse_24m_trans": 0.06723518373046744, "rmse_24m_rot": 1.1154469132327023, "rmse_32m_trans": 0.0790750305545756, "rmse_32m_rot": 1.2429434167464954, "rmse_40m_trans": 0.08946378686803437, "rmse_40m_rot": 1.4099520066235067, "rmse_48m_trans": 0.10068124152912354, "rmse_48m_rot": 1.559602219714894}