{"rmse": 0.455083169994846, "mean": 0.31281749711101187, "median": 0.18565934560863304, "std": 0.3305236831359592, "min": 0.0759891215487915, "max": 1.2754974615348622, "sse": 352.6924778161861}