{"rmse": 0.15642697564221533, "mean": 0.14596994530242943, "median": 0.14164664383529413, "std": 0.0562332088447385, "min": 0.03614491115747123, "max": 0.3506835605689411, "sse": 44.43642805476353}