{"ape_trans": 0.7234611771799702, "ape_rot_deg": 9.52862311071121, "rpe_8m_trans": 1.406901677348106, "rpe_8m_rot": 3.136786685522494, "rpe_16m_trans": 1.5632970166181162, "rpe_16m_rot": 3.6631830945999093, "rpe_24m_trans": 2.251623460436112, "rpe_24m_rot": 4.845640515465635, "rpe_32m_trans": NaN, "rpe_32m_rot": NaN, "rpe_40m_trans": NaN, "rpe_40m_rot": NaN, "rpe_48m_trans": NaN, "rpe_48m_rot": NaN}