{"std": 14.892445551713248, "rmse": 131.52418952638266, "sse": 18215438.889392134, "max": 161.53105155255528, "min": 115.69141801565858, "median": 118.01135003042714, "mean": 130.67833598596624}