{"ape_trans": 0.4927627642057708, "ape_rot_deg": 16.612862034955686, "rpe_8m_trans": 0.5451119365460815, "rpe_8m_rot": 2.3121838522299836, "rpe_16m_trans": 0.894449611116, "rpe_16m_rot": 4.302449096353227, "rpe_24m_trans": 1.050543263848746, "rpe_24m_rot": 5.507044804067684, "rpe_32m_trans": 1.0612043903433204, "rpe_32m_rot": 6.077046902242229, "rpe_40m_trans": 0.8103436721276296, "rpe_40m_rot": 6.585814171084307, "rpe_48m_trans": NaN, "rpe_48m_rot": NaN}