{"ape_trans": 0.07829451199359816, "ape_rot_deg": 2.761391440431631, "rpe_8m_trans": 0.14434771796990167, "rpe_8m_rot": 0.8551518451041409, "rpe_16m_trans": 0.12663177290239766, "rpe_16m_rot": 1.1409672636165158, "rpe_24m_trans": 0.14077971029821212, "rpe_24m_rot": 1.2792630946517862, "rpe_32m_trans": 0.14855838457680778, "rpe_32m_rot": 1.4230022264149977, "rpe_40m_trans": 0.16448288150615337, "rpe_40m_rot": 1.4343196054354967, "rpe_48m_trans": 0.16657486575067107, "rpe_48m_rot": 1.8913543251654887}