{"rmse": 0.30279792713750475, "mean": 0.2964241629030328, "median": 0.2979699896884798, "std": 0.061800488072553866, "min": 0.12489986004387606, "max": 0.43025852917684776, "sse": 98.47139194499857}