{"ape_trans": 0.8526863861805501, "ape_rot_deg": 147.94895939865975, "rpe_8m_trans": 0.9669526224628361, "rpe_8m_rot": 1.7352869129714432, "rpe_16m_trans": 1.7257109072816208, "rpe_16m_rot": 2.876883815672161, "rpe_24m_trans": 2.357582820166474, "rpe_24m_rot": 3.9143037183061873, "rpe_32m_trans": 2.356881381200224, "rpe_32m_rot": 3.895560098986569, "rpe_40m_trans": 2.3442058231887937, "rpe_40m_rot": 3.9544308418678646, "rpe_48m_trans": NaN, "rpe_48m_rot": NaN}