{"rmse_8m_trans": 0.16941057400370843, "rmse_8m_rot": 1.3138499725656223, "rmse_16m_trans": 0.24868549801993883, "rmse_16m_rot": 1.7657438310454363, "rmse_24m_trans": 0.2800940763000058, "rmse_24m_rot": 2.142971436635237, "rmse_32m_trans": 0.36186476226142783, "rmse_32m_rot": 2.3363557006811537, "rmse_40m_trans": 0.3462907664640473, "rmse_40m_rot": 2.2929158437439594, "rmse_48m_trans": 0.40188556817139287, "rmse_48m_rot": 2.574051882122863}