{"rmse": 0.24408781088869894, "mean": 0.21797204830113967, "median": 0.21136556622963043, "std": 0.10985010506978538, "min": 0.02494327783990916, "max": 0.5464246752591994, "sse": 77.92914812716393}