{"std": 0.3249388956469217, "rmse": 0.859767666469012, "sse": 313.4209866895618, "max": 1.8889738890162107, "min": 0.18354034268204236, "median": 0.8047045974425182, "mean": 0.7959994688448789}