{"ape_trans": 0.9039948101127647, "ape_rot_deg": 12.820549022036998, "rpe_8m_trans": 0.6806666888172719, "rpe_8m_rot": 0.6049570183439471, "rpe_16m_trans": 1.072823402726322, "rpe_16m_rot": 0.7272777760694263, "rpe_24m_trans": 1.3707346174409316, "rpe_24m_rot": 0.8048654724047781, "rpe_32m_trans": 1.685986476725054, "rpe_32m_rot": 0.8569724255719109, "rpe_40m_trans": 1.8696409349635918, "rpe_40m_rot": 0.9422139949987236, "rpe_48m_trans": 1.8729880529988494, "rpe_48m_rot": 0.8734324737466206}