{"rmse": 0.16022598486720366, "mean": 0.12552669259078028, "median": 0.09298563100658133, "std": 0.09957618025353818, "min": 0.030044455355227585, "max": 0.4672374263344057, "sse": 38.38018750886474}