{"ape_trans": 1.214471473938698, "ape_rot_deg": 23.365071335823952, "rpe_8m_trans": 1.0804976308093708, "rpe_8m_rot": 2.4770121200823216, "rpe_16m_trans": 1.684681237141902, "rpe_16m_rot": 3.7224618308620308, "rpe_24m_trans": 2.174570532728124, "rpe_24m_rot": 4.946473810975986, "rpe_32m_trans": 2.3444865409503386, "rpe_32m_rot": 5.584812890417264, "rpe_40m_trans": 2.4569745868746242, "rpe_40m_rot": 6.077751603826616, "rpe_48m_trans": 2.478046936650095, "rpe_48m_rot": 6.217561488460226}