{"std": 1.466332924164825, "rmse": 3.6628614332834544, "sse": 10800.325872945436, "max": 6.4479214952816255, "min": 0.35731278468346905, "median": 3.4491126963839704, "mean": 3.35654906636944}