{"rmse": 21.83614407474447, "mean": 21.70026537234617, "median": 19.94293807211466, "std": 2.432215208971441, "min": 19.03650082374538, "max": 25.595906468702914, "sse": 858270.9384953966}