{"rmse": 21.838507187220547, "mean": 21.702618181343635, "median": 19.94491395375607, "std": 2.4324391546544573, "min": 19.038938119603316, "max": 25.59830343819641, "sse": 858456.7130993102}