{"rmse": 0.13606946711487783, "mean": 0.096521064181428, "median": 0.06344117689983508, "std": 0.09590924903371666, "min": 0.013270207338805956, "max": 0.42175681827097317, "sse": 23.25471425044409}