{"rmse": 1.3319423173361131, "mean": 1.3191314548121453, "median": 1.319928534221005, "std": 0.18428928790325244, "min": 0.890616011934755, "max": 1.8191499870220362, "sse": 3693.614441031668}