{"ape_trans": 2.9800682659819775, "ape_rot_deg": 17.992683218341536, "rpe_8m_trans": 2.4080471820695792, "rpe_8m_rot": 6.695842582661592, "rpe_16m_trans": 3.4097019424114743, "rpe_16m_rot": 11.273527793690658, "rpe_24m_trans": 4.0595943892424895, "rpe_24m_rot": 14.393655417594521, "rpe_32m_trans": 4.2434926629636465, "rpe_32m_rot": 18.415407807180763, "rpe_40m_trans": 4.238287747991313, "rpe_40m_rot": 22.40190592142142, "rpe_48m_trans": 4.47012795166606, "rpe_48m_rot": 25.546381564158445}