{"rmse": 0.4397113034549343, "mean": 0.37939631223228915, "median": 0.33599455122813116, "std": 0.22227116018632878, "min": 0.08262544707835642, "max": 1.0131678176968986, "sse": 246.70953477258362}