{"rmse": 5.0240748153717565, "mean": 4.866459975493775, "median": 4.085124627723333, "std": 1.2485571902679795, "min": 3.5531799399716717, "max": 6.926224393467037, "sse": 120931.20125241912}