{"ape_trans": 135.5064780983815, "ape_rot_deg": 165.68494472336835, "rpe_8m_trans": 7.299542123744519, "rpe_8m_rot": 8.545897824803468, "rpe_16m_trans": 14.689929868190449, "rpe_16m_rot": 9.952741492193459, "rpe_24m_trans": 22.119867207294178, "rpe_24m_rot": 11.34900126596935, "rpe_32m_trans": 29.844838879779058, "rpe_32m_rot": 13.642313847172872, "rpe_40m_trans": 37.60482672044956, "rpe_40m_rot": 15.12764966326794, "rpe_48m_trans": 45.28285447839286, "rpe_48m_rot": 17.191574703579512}