{"rmse": 1.3553959134892948, "mean": 1.2692229141729274, "median": 1.0781722152596904, "std": 0.47557468019424903, "min": 0.2057016040140655, "max": 2.6152993302345133, "sse": 3229.618428689518}