{"rmse_8m_trans": 0.19072708188375476, "rmse_8m_rot": 1.6542644682491696, "rmse_16m_trans": 0.26383340770423097, "rmse_16m_rot": 1.7864414586760435, "rmse_24m_trans": 0.31269959891482635, "rmse_24m_rot": 2.0488429753043276, "rmse_32m_trans": 0.3548709710010371, "rmse_32m_rot": 2.2448810129927343, "rmse_40m_trans": 0.39049947026412984, "rmse_40m_rot": 2.1378073413878913, "rmse_48m_trans": 0.473437550699459, "rmse_48m_rot": 2.3900810494778306}