{"rmse": 1.4326813166119061, "mean": 0.9181263011654466, "median": 0.5297240477030922, "std": 1.099827191006424, "min": 0.20859573284519484, "max": 4.427565893080832, "sse": 814.8725747226235}