{"rmse": 29.562008504789876, "mean": 29.430487087502296, "median": 26.92982696951195, "std": 2.785458064597181, "min": 26.849843156934824, "max": 32.87249376123058, "sse": 3175797.4684066353}