{"rmse": 133.79484271825524, "mean": 133.34794724395007, "median": 124.64987990230163, "std": 10.926339909931636, "min": 122.08229265287213, "max": 148.0005500571438, "sse": 55385879.44818022}