{"rmse": 0.16520099998853857, "mean": 0.15215139120179327, "median": 0.13782095082148416, "std": 0.06435312387578386, "min": 0.03777580787560912, "max": 0.3361647116231363, "sse": 49.561128641339025}