{"rmse": 0.2963628007446999, "mean": 0.27145417105320807, "median": 0.2420655544010834, "std": 0.11892662730885109, "min": 0.018863559337010862, "max": 0.4660650659803382, "sse": 231.08312332925357}