{"ape_trans": 0.49547368207283565, "ape_rot_deg": 6.354825543469582, "rpe_8m_trans": 0.40406498200113683, "rpe_8m_rot": 1.3156343636698813, "rpe_16m_trans": 0.5571293303345035, "rpe_16m_rot": 1.7481158954649758, "rpe_24m_trans": 0.6763564934729596, "rpe_24m_rot": 2.167499266776059, "rpe_32m_trans": 0.7824688882125584, "rpe_32m_rot": 2.617553382254792, "rpe_40m_trans": 0.9121273560439145, "rpe_40m_rot": 3.120743449726053, "rpe_48m_trans": 0.9770946358646726, "rpe_48m_rot": 3.551508899589248}