{"ape_trans": 0.3023457348605742, "ape_rot_deg": 3.1151686052067724, "rpe_8m_trans": 0.18306499761864314, "rpe_8m_rot": 0.4335431593587575, "rpe_16m_trans": 0.3116107832869032, "rpe_16m_rot": 0.5240052067703784, "rpe_24m_trans": 0.3761328013708187, "rpe_24m_rot": 0.6536408654701421, "rpe_32m_trans": 0.4424389523491919, "rpe_32m_rot": 0.7422911197276775, "rpe_40m_trans": 0.5293412330802136, "rpe_40m_rot": 0.8107357128493619, "rpe_48m_trans": 0.6308359879453574, "rpe_48m_rot": 0.7856563602842402}