{"ape_trans": 0.27496086685037957, "ape_rot_deg": 0.8910351554669521, "rpe_8m_trans": 0.22571496923043638, "rpe_8m_rot": 0.598794400504939, "rpe_16m_trans": 0.3599179948169484, "rpe_16m_rot": 0.6692527250958087, "rpe_24m_trans": 0.3792226050904857, "rpe_24m_rot": 0.8125687313237735, "rpe_32m_trans": 0.42793315883747324, "rpe_32m_rot": 0.8870222846795726, "rpe_40m_trans": 0.47221434405977636, "rpe_40m_rot": 1.070743387162149, "rpe_48m_trans": 0.5678018433499314, "rpe_48m_rot": 1.1789394020853088}