{"rmse_8m_trans": 0.15870076580177217, "rmse_8m_rot": 1.174115212468579, "rmse_16m_trans": 0.23225692899459743, "rmse_16m_rot": 1.5468509137714348, "rmse_24m_trans": 0.2666573031671682, "rmse_24m_rot": 1.8375492163051534, "rmse_32m_trans": 0.3327556622203898, "rmse_32m_rot": 2.0093098056484764, "rmse_40m_trans": 0.329046247284624, "rmse_40m_rot": 2.042001859303629, "rmse_48m_trans": 0.36579052845414645, "rmse_48m_rot": 2.3787510865904737}