{"ape_trans": 6.384022288001658, "ape_rot_deg": 31.6903060613495, "rpe_8m_trans": 2.9724010523094626, "rpe_8m_rot": 4.135135708898149, "rpe_16m_trans": 5.622416992915925, "rpe_16m_rot": 5.197238259461201, "rpe_24m_trans": 7.516181300170052, "rpe_24m_rot": 6.52664925572818, "rpe_32m_trans": 9.32339981598092, "rpe_32m_rot": 6.266683513668886, "rpe_40m_trans": 11.246623444159342, "rpe_40m_rot": 6.513110019417241, "rpe_48m_trans": 12.635571755515425, "rpe_48m_rot": 7.163806445611723}