{"ape_trans": 1.6191609833848353, "ape_rot_deg": 18.016122800125682, "rpe_8m_trans": 1.3006057201796286, "rpe_8m_rot": 1.4928773807742284, "rpe_16m_trans": 2.419445658497255, "rpe_16m_rot": 2.3933255679193595, "rpe_24m_trans": 3.1809520305193284, "rpe_24m_rot": 3.0549100911823626, "rpe_32m_trans": 3.402993796957027, "rpe_32m_rot": 3.108611861164187, "rpe_40m_trans": 3.4238378978458504, "rpe_40m_rot": 2.9805921992244655, "rpe_48m_trans": 3.4107150711565617, "rpe_48m_rot": 2.8695297070510835}