{"rmse": 0.15863329120739897, "mean": 0.14345706181832346, "median": 0.13511214301081842, "std": 0.06770961891596462, "min": 0.03849828873055068, "max": 0.3035485642679805, "sse": 24.988369431736402}