{"ape_trans": 36.847551052325464, "ape_rot_deg": 66.12414254775169, "rpe_8m_trans": 4.530169139173914, "rpe_8m_rot": 1.99512016941285, "rpe_16m_trans": 8.971423036004875, "rpe_16m_rot": 2.7731055198529595, "rpe_24m_trans": 13.349098740693579, "rpe_24m_rot": 3.378200686154101, "rpe_32m_trans": 18.662828046748555, "rpe_32m_rot": 3.700789330433091, "rpe_40m_trans": 24.786880239000915, "rpe_40m_rot": 3.9866213765479457, "rpe_48m_trans": 32.125972557158896, "rpe_48m_rot": 4.447807537081273}