{"ape_trans": 0.26100558775381494, "ape_rot_deg": 7.166277969474814, "rpe_8m_trans": 0.20612522377350304, "rpe_8m_rot": 2.4093099367959128, "rpe_16m_trans": 0.21555277463333367, "rpe_16m_rot": 3.3306642598252045, "rpe_24m_trans": 0.23998571823624376, "rpe_24m_rot": 4.29979456875093, "rpe_32m_trans": 0.29579353014500454, "rpe_32m_rot": 5.279933876250968, "rpe_40m_trans": 0.3047009593007139, "rpe_40m_rot": 6.354318591214005, "rpe_48m_trans": 0.31147905620733646, "rpe_48m_rot": 7.332309701057422}