{"ape_trans": 0.2800062745980024, "ape_rot_deg": 0.802111736110377, "rpe_8m_trans": 0.22351676839680085, "rpe_8m_rot": 0.6128717135518541, "rpe_16m_trans": 0.34290058956076813, "rpe_16m_rot": 0.7078806005826845, "rpe_24m_trans": 0.3647812870053412, "rpe_24m_rot": 0.8491819281966778, "rpe_32m_trans": 0.39508363846976324, "rpe_32m_rot": 0.8828419506369677, "rpe_40m_trans": 0.47319533299085526, "rpe_40m_rot": 0.9789553156007849, "rpe_48m_trans": 0.6305306485200094, "rpe_48m_rot": 1.0814372027690824}