{"ape_trans": 3.134860009725019, "ape_rot_deg": 17.06382516554346, "rpe_8m_trans": 1.05109288256997, "rpe_8m_rot": 0.926319600917519, "rpe_16m_trans": 3.149708455191409, "rpe_16m_rot": 2.18161936901371, "rpe_24m_trans": 4.080095582036365, "rpe_24m_rot": 2.8225543051111153, "rpe_32m_trans": 5.112343835138866, "rpe_32m_rot": 3.5277531920865566, "rpe_40m_trans": 6.024041157428423, "rpe_40m_rot": 4.214065619885742, "rpe_48m_trans": 6.282933051278233, "rpe_48m_rot": 4.517738720831625}