{"rmse": 34.92898328946961, "mean": 34.38541197072581, "median": 29.83910487420095, "std": 6.138185174749408, "min": 27.898718480799204, "max": 43.17970900873773, "sse": 3111086.3777719205}