{"std": 0.06095802644064906, "rmse": 0.1078389079028628, "sse": 12.443276161719872, "max": 0.24824125336818353, "min": 0.008598831320500357, "median": 0.0774141686228148, "mean": 0.08895700686367125}