{"rmse": 8.565614782121758, "mean": 8.530865051470048, "median": 8.411334543994986, "std": 0.7707775744724922, "min": 7.2192720837204964, "max": 10.54686274364679, "sse": 230234.29619731527}