{"rmse": 0.1013459449560013, "mean": 0.09146658814797701, "median": 0.0751167403520774, "std": 0.04364474552100398, "min": 0.019708755090885165, "max": 0.20932103725538814, "sse": 23.00704125221565}