{"ape_trans": 131.52538284944157, "ape_rot_deg": 153.71112739574986, "rpe_8m_trans": 3.5355412282660983, "rpe_8m_rot": 2.463239828266952, "rpe_16m_trans": 7.871610746677997, "rpe_16m_rot": 3.081252922816167, "rpe_24m_trans": 12.844458648263199, "rpe_24m_rot": 3.7421253240360266, "rpe_32m_trans": 18.414888125251572, "rpe_32m_rot": 4.642280274743366, "rpe_40m_trans": 24.994884929831443, "rpe_40m_rot": 5.324055528838774, "rpe_48m_trans": 32.62441676497966, "rpe_48m_rot": 6.036013122816573}