{"rmse_8m_trans": 0.19219170810398023, "rmse_8m_rot": 1.8183363464645217, "rmse_16m_trans": 0.2543239046976273, "rmse_16m_rot": 2.0621761188795538, "rmse_24m_trans": 0.2987699776715274, "rmse_24m_rot": 2.4177162225762983, "rmse_32m_trans": 0.33927050055737923, "rmse_32m_rot": 2.778554373848605, "rmse_40m_trans": 0.3738938731459287, "rmse_40m_rot": 2.8961757546330658, "rmse_48m_trans": 0.4635682305698525, "rmse_48m_rot": 3.3383744082557025}