{"std": 0.060353027487563146, "rmse": 0.13417280921821495, "sse": 17.85832399163945, "max": 0.2894261948427451, "min": 0.015017694287755375, "median": 0.10872251600677545, "mean": 0.11983261161550705}