{"rmse": 5.641739612401154, "mean": 5.212531905234527, "median": 5.058980852996042, "std": 2.1584107558684087, "min": 0.38055203075405164, "max": 10.309243263706563, "sse": 39977.50767279522}