{"std": 0.22338881579028233, "rmse": 0.5867727776322689, "sse": 369.09205763534885, "max": 0.9811458966145048, "min": 0.08767754133804483, "median": 0.5424870480270645, "mean": 0.542586149427078}