{"ape_trans": 0.0889221180762913, "ape_rot_deg": 6.337860313428211, "rpe_8m_trans": 0.3159230732728355, "rpe_8m_rot": 3.6758190936185615, "rpe_16m_trans": 0.2697522396173993, "rpe_16m_rot": 3.0262593861027036, "rpe_24m_trans": 0.3207905741694958, "rpe_24m_rot": 2.9251948691393506, "rpe_32m_trans": 0.28694797775200653, "rpe_32m_rot": 3.208576826522175, "rpe_40m_trans": 0.2973384631392088, "rpe_40m_rot": 3.158467050686016, "rpe_48m_trans": 0.4118353193716103, "rpe_48m_rot": 3.4455070874057725}