{"ape_trans": 0.1527819327340466, "ape_rot_deg": 5.682321614946519, "rpe_8m_trans": 0.07315969769636879, "rpe_8m_rot": 0.7624035036211266, "rpe_16m_trans": 0.11119989902157472, "rpe_16m_rot": 0.9200824210870394, "rpe_24m_trans": 0.13955594167405141, "rpe_24m_rot": 1.1346532703927417, "rpe_32m_trans": 0.1659950301582613, "rpe_32m_rot": 1.404122533672863, "rpe_40m_trans": 0.20218535110426608, "rpe_40m_rot": 1.670181344757827, "rpe_48m_trans": 0.24177042822079808, "rpe_48m_rot": 1.8987249767981462}