{"rmse": 0.16550960176972657, "mean": 0.14580716888639686, "median": 0.15463603193479408, "std": 0.07831792757285663, "min": 0.00802075156121144, "max": 0.2883532951068473, "sse": 34.186998490910895}