{"rmse": 0.0743044003807587, "mean": 0.0636386887903705, "median": 0.05158239948292966, "std": 0.038357022890032316, "min": 0.006481947227224923, "max": 0.18879916606901082, "sse": 7.530840301347743}