{"std": 0.31166445435487583, "rmse": 0.6782416150512286, "sse": 883.2224417036141, "max": 1.5204868651528354, "min": 0.12387435727552544, "median": 0.5444734553221326, "mean": 0.6023926927503159}