{"ape_trans": 0.05244511692559456, "ape_rot_deg": 1.5603858101026897, "rpe_8m_trans": 0.03053486794446966, "rpe_8m_rot": 0.7594801421246794, "rpe_16m_trans": 0.04272291229187662, "rpe_16m_rot": 1.041462519098813, "rpe_24m_trans": 0.05182578068492807, "rpe_24m_rot": 1.209956021564416, "rpe_32m_trans": 0.05944722082736134, "rpe_32m_rot": 1.2691774157371756, "rpe_40m_trans": 0.06790953477661753, "rpe_40m_rot": 1.4441618454672478, "rpe_48m_trans": 0.07432049959145119, "rpe_48m_rot": 1.6231218319004972}