{"rmse": 0.1406366804744802, "mean": 0.12021862974686658, "median": 0.08708324433005075, "std": 0.07298052450254695, "min": 0.024812563435721174, "max": 0.2952365985307885, "sse": 22.27078905763605}