{"ape_trans": 1.0070643412757794, "ape_rot_deg": 21.099591645191246, "rpe_8m_trans": 1.328385089889031, "rpe_8m_rot": 7.9424181467014625, "rpe_16m_trans": 1.1547946107728957, "rpe_16m_rot": 13.180598389861887, "rpe_24m_trans": 1.5959390205775692, "rpe_24m_rot": 19.334578896533518, "rpe_32m_trans": 1.6946834667869102, "rpe_32m_rot": 25.41178096187485, "rpe_40m_trans": 1.706406250040794, "rpe_40m_rot": 30.932074821867506, "rpe_48m_trans": 1.5720857763089597, "rpe_48m_rot": 36.08124427371449}