{"ape_trans": 0.07430219384480564, "ape_rot_deg": 1.3510225908678388, "rpe_8m_trans": 0.041247958575706435, "rpe_8m_rot": 0.7326637352995735, "rpe_16m_trans": 0.05866867478919233, "rpe_16m_rot": 0.984473115497372, "rpe_24m_trans": 0.07158080946250468, "rpe_24m_rot": 1.1548105654774772, "rpe_32m_trans": 0.08194398867312651, "rpe_32m_rot": 1.2069344662254933, "rpe_40m_trans": 0.09386093083094582, "rpe_40m_rot": 1.333611226875845, "rpe_48m_trans": 0.10014148238429399, "rpe_48m_rot": 1.4856382725738655}