{"ape_trans": 0.3097255169397689, "ape_rot_deg": 18.757884686091998, "rpe_8m_trans": 0.36754056976748856, "rpe_8m_rot": 0.5370503187192813, "rpe_16m_trans": 0.6111664318059137, "rpe_16m_rot": 0.5891987923641878, "rpe_24m_trans": 0.712390174228372, "rpe_24m_rot": 0.6446451375369998, "rpe_32m_trans": 0.7209087455583683, "rpe_32m_rot": 0.6022780072704051, "rpe_40m_trans": NaN, "rpe_40m_rot": NaN, "rpe_48m_trans": NaN, "rpe_48m_rot": NaN}