{"ape_trans": 0.31799074303241065, "ape_rot_deg": 1.4090537237663865, "rpe_8m_trans": 0.18518096097149792, "rpe_8m_rot": 1.0862499205707508, "rpe_16m_trans": 0.30933219320168265, "rpe_16m_rot": 1.4043542098664117, "rpe_24m_trans": 0.40888191251976186, "rpe_24m_rot": 1.5232731163137343, "rpe_32m_trans": 0.4687925170540885, "rpe_32m_rot": 1.6877326874484102, "rpe_40m_trans": 0.6043557933002935, "rpe_40m_rot": 2.1486025762677414, "rpe_48m_trans": 0.757482875756867, "rpe_48m_rot": 2.350366505712703}