{"rmse": 36.8505150830555, "mean": 34.00733599692089, "median": 29.423583959008464, "std": 14.19371552057563, "min": 24.922343159977277, "max": 128.48595133331014, "sse": 1606467.22641173}