{"ape_trans": 129.56022829649885, "ape_rot_deg": 60.17529431355437, "rpe_8m_trans": 4.29450257395715, "rpe_8m_rot": 1.5644999678629352, "rpe_16m_trans": 9.791847484853605, "rpe_16m_rot": 1.9760168959917639, "rpe_24m_trans": 15.526698304360362, "rpe_24m_rot": 2.3842252459327993, "rpe_32m_trans": 22.494354887968843, "rpe_32m_rot": 9.143876396134448, "rpe_40m_trans": 28.025360499789876, "rpe_40m_rot": 10.88214118716629, "rpe_48m_trans": 34.01871401095864, "rpe_48m_rot": 12.213821923079749}