{"rmse": 0.3258720176818447, "mean": 0.2990571136485731, "median": 0.3080666130867117, "std": 0.1294504333102864, "min": 0.07952577016792331, "max": 0.5890042938498539, "sse": 102.3696393193472}