{"rmse": 0.6563378116731912, "mean": 0.6467695454034998, "median": 0.6247916813676672, "std": 0.11166233998310897, "min": 0.4363564782673638, "max": 1.154327646936793, "sse": 610.4143007362779}