{"rmse": 0.10842889594541488, "mean": 0.09021533725253802, "median": 0.08313386832435303, "std": 0.06014996592145694, "min": 0.010419326206090363, "max": 0.2683503306364562, "sse": 15.836443916093346}