{"rmse": 1.6041553442601717, "mean": 1.5923634223308643, "median": 1.6395337462337953, "std": 0.19414710850591685, "min": 1.1778859073971248, "max": 1.9088493313012935, "sse": 1356.136672209234}