{"rmse": 0.08613545923569416, "mean": 0.07116547133542536, "median": 0.05901273869089779, "std": 0.04852620969487194, "min": 0.012845261675409182, "max": 0.22678769414632433, "sse": 7.968346820736982}