{"ape_trans": 0.11283502113382556, "ape_rot_deg": 1.5840243958079496, "rpe_8m_trans": 0.0478412335260224, "rpe_8m_rot": 0.7946448666634055, "rpe_16m_trans": 0.07530383437701309, "rpe_16m_rot": 1.1127924175220798, "rpe_24m_trans": 0.09353099383350637, "rpe_24m_rot": 1.325384000196143, "rpe_32m_trans": 0.10808801896025952, "rpe_32m_rot": 1.4112767073062642, "rpe_40m_trans": 0.12257761608714209, "rpe_40m_rot": 1.5856394057367666, "rpe_48m_trans": 0.13246933111733386, "rpe_48m_rot": 1.7793791161813588}