{"ape_trans": 1.1900110161544446, "ape_rot_deg": 23.582439136231105, "rpe_8m_trans": 1.0683264718808791, "rpe_8m_rot": 2.2975983894584178, "rpe_16m_trans": 1.6681139324145366, "rpe_16m_rot": 3.4690230241920554, "rpe_24m_trans": 2.1523372612091576, "rpe_24m_rot": 4.635064081356889, "rpe_32m_trans": 2.3153675545205936, "rpe_32m_rot": 5.232086590772022, "rpe_40m_trans": 2.40584842986367, "rpe_40m_rot": 5.7060390239123855, "rpe_48m_trans": 2.4083663550284666, "rpe_48m_rot": 5.904058860195843}