{"rmse": 0.09418304620430615, "mean": 0.0465273600997772, "median": 0.0395455992272173, "std": 0.08188803914167275, "min": 0.0012747367108262731, "max": 1.2990736313407079, "sse": 19.38192493022459}