{"ape_trans": 1.316719050799673, "ape_rot_deg": 12.552151785382891, "rpe_8m_trans": 2.295058875761865, "rpe_8m_rot": 6.756557243222724, "rpe_16m_trans": 3.112534591875424, "rpe_16m_rot": 9.921371981627608, "rpe_24m_trans": 4.12239921054489, "rpe_24m_rot": 13.857215479832298, "rpe_32m_trans": NaN, "rpe_32m_rot": NaN, "rpe_40m_trans": NaN, "rpe_40m_rot": NaN, "rpe_48m_trans": NaN, "rpe_48m_rot": NaN}