{"rmse_8m_trans": 0.07332097666371727, "rmse_8m_rot": 0.7988683326779703, "rmse_16m_trans": 0.09700089900987964, "rmse_16m_rot": 0.9856169337525281, "rmse_24m_trans": 0.1179629481022804, "rmse_24m_rot": 1.1599041323221593, "rmse_32m_trans": 0.1409525745551211, "rmse_32m_rot": 1.3185222973552788, "rmse_40m_trans": 0.1644066476889807, "rmse_40m_rot": 1.4748936287643835, "rmse_48m_trans": 0.19188676485116535, "rmse_48m_rot": 1.6234928863021867}