{"std": 0.12258492339026003, "rmse": 0.26825117335628446, "sse": 78.43497428765549, "max": 0.550302437301476, "min": 0.05276296487556332, "median": 0.2055095363284361, "mean": 0.23860349654694388}