{"std": 0.24370264042315265, "rmse": 0.5682393380604238, "sse": 342.26970203850954, "max": 0.8719472914709447, "min": 0.11284665842120097, "median": 0.6073169857659937, "mean": 0.5133273501091989}