{"ape_trans": 0.2748820628681313, "ape_rot_deg": 20.767484052421384, "rpe_8m_trans": 0.320974406485902, "rpe_8m_rot": 0.6987396287583612, "rpe_16m_trans": 0.5223557826332516, "rpe_16m_rot": 0.972206529276751, "rpe_24m_trans": 0.6088565077695773, "rpe_24m_rot": 1.1224571783498278, "rpe_32m_trans": 0.6211365924038964, "rpe_32m_rot": 1.1204545748671293, "rpe_40m_trans": NaN, "rpe_40m_rot": NaN, "rpe_48m_trans": NaN, "rpe_48m_rot": NaN}