{"rmse": 3.517920711155884, "mean": 2.5579993553861162, "median": 1.7397374238724006, "std": 2.415037355368181, "min": 0.1773299210805401, "max": 9.199520779938183, "sse": 12053.996210600053}