{"ape_trans": 0.7841008938681938, "ape_rot_deg": 7.171814378215226, "rpe_8m_trans": 1.394677927909106, "rpe_8m_rot": 4.128395858615938, "rpe_16m_trans": 1.531367345976936, "rpe_16m_rot": 4.753284963775189, "rpe_24m_trans": 2.294918007665694, "rpe_24m_rot": 7.190406682442048, "rpe_32m_trans": NaN, "rpe_32m_rot": NaN, "rpe_40m_trans": NaN, "rpe_40m_rot": NaN, "rpe_48m_trans": NaN, "rpe_48m_rot": NaN}