{"std": 0.0348817534009597, "rmse": 0.06757340851568398, "sse": 4.904061788271148, "max": 0.16370910869816704, "min": 0.007349611048873571, "median": 0.0512196346545405, "mean": 0.05787425004353965}