{"rmse": 0.212273742252928, "mean": 0.2049953743481364, "median": 0.19296792212247404, "std": 0.05510932902812325, "min": 0.09046584682506918, "max": 0.35691255464945637, "sse": 62.36323604368651}