{"ape_trans": 0.5603442867014401, "ape_rot_deg": 2.049346193876155, "rpe_8m_trans": 0.2535529774972546, "rpe_8m_rot": 0.7470267380359903, "rpe_16m_trans": 0.41695450685312907, "rpe_16m_rot": 0.9670568161481845, "rpe_24m_trans": 0.44666861775777184, "rpe_24m_rot": 1.156467561840259, "rpe_32m_trans": 0.521221164371277, "rpe_32m_rot": 1.242244232883008, "rpe_40m_trans": 0.5854093294129151, "rpe_40m_rot": 1.2482646025518453, "rpe_48m_trans": 0.7077367866443567, "rpe_48m_rot": 0.9898032891381463}