{"ape_trans": 0.7235143692620385, "ape_rot_deg": 9.530255160806476, "rpe_8m_trans": 1.4070018104801414, "rpe_8m_rot": 3.1379607696990384, "rpe_16m_trans": 1.5634150757920133, "rpe_16m_rot": 3.6644315609536684, "rpe_24m_trans": 2.2518173863625632, "rpe_24m_rot": 4.847173693919778, "rpe_32m_trans": NaN, "rpe_32m_rot": NaN, "rpe_40m_trans": NaN, "rpe_40m_rot": NaN, "rpe_48m_trans": NaN, "rpe_48m_rot": NaN}