{"rmse": 1.474258876749108, "mean": 1.4728601588007817, "median": 1.4796212669476545, "std": 0.06420427003617687, "min": 1.3059729178330637, "max": 1.6797565283638867, "sse": 2066.940713125538}