{"rmse": 0.4474123610273635, "mean": 0.43368557516465794, "median": 0.42481528200758, "std": 0.10997564591390066, "min": 0.22588227892332602, "max": 0.7166864238078762, "sse": 444.59493999697736}