{"rmse_8m_trans": 0.17827079146097422, "rmse_8m_rot": 1.6619369227849745, "rmse_16m_trans": 0.23315241882883403, "rmse_16m_rot": 1.779078539660836, "rmse_24m_trans": 0.2776920236504039, "rmse_24m_rot": 2.048748488798755, "rmse_32m_trans": 0.3150867904413254, "rmse_32m_rot": 2.283248708695695, "rmse_40m_trans": 0.34541196484876346, "rmse_40m_rot": 2.336964000018566, "rmse_48m_trans": 0.4335668463096007, "rmse_48m_rot": 2.6207235451949034}