{"rmse": 0.41607177564402376, "mean": 0.40388753568545904, "median": 0.38727050631292675, "std": 0.09995289393258153, "min": 0.20280215944397514, "max": 0.9242603963892315, "sse": 91.23198575094983}