{"rmse": 0.3832174565554631, "mean": 0.36089522518758715, "median": 0.4000401084335652, "std": 0.12888077996985822, "min": 0.08269516866918211, "max": 0.5700055068176506, "sse": 143.77165100965263}