{"ape_trans": 0.054591246040577385, "ape_rot_deg": 0.6444336297649242, "rpe_8m_trans": 0.04407252255748171, "rpe_8m_rot": 0.7431526400223458, "rpe_16m_trans": 0.058897783092582555, "rpe_16m_rot": 0.9563261424037424, "rpe_24m_trans": 0.06322555270043109, "rpe_24m_rot": 0.9683982775884791, "rpe_32m_trans": 0.07066385809873044, "rpe_32m_rot": 0.9084836793853369, "rpe_40m_trans": 0.07573594267790826, "rpe_40m_rot": 0.9264286091005296, "rpe_48m_trans": 0.08238437770962266, "rpe_48m_rot": 0.9208339244244064}