{"rmse": 10.093575780382126, "mean": 10.083539798834758, "median": 10.091357170473358, "std": 0.4499968440246377, "min": 9.008611603550532, "max": 11.09407752562937, "sse": 199277.8120991234}