{"rmse": 10.810304303191673, "mean": 7.024454472870795, "median": 3.9602526656971273, "std": 8.217038303803257, "min": 3.468128311965345, "max": 31.580120869266622, "sse": 46394.48361365895}