{"ape_trans": 0.13763937187199946, "ape_rot_deg": 1.3523661122758555, "rpe_8m_trans": 0.158100635014602, "rpe_8m_rot": 0.8075423182171468, "rpe_16m_trans": 0.23571304758522638, "rpe_16m_rot": 1.0940084385586124, "rpe_24m_trans": 0.26020078045622486, "rpe_24m_rot": 1.3172440985182332, "rpe_32m_trans": 0.3447596739258249, "rpe_32m_rot": 1.6496505110571198, "rpe_40m_trans": 0.2718240994160587, "rpe_40m_rot": 1.9219753770871735, "rpe_48m_trans": 0.3319722661947257, "rpe_48m_rot": 2.2139358023716027}