{"rmse": 2.5214126185455665, "mean": 2.5197889316061164, "median": 2.5206190998871563, "std": 0.09047283081740798, "min": 2.2340610520409796, "max": 2.8973197156175456, "sse": 12238.22906644956}