{"std": 2.4311473953158482, "rmse": 21.82629367583847, "sse": 857496.7721231037, "max": 25.584706759435235, "min": 19.02778056085604, "median": 19.934030966017012, "mean": 21.69047297700526}