{"rmse": 0.46435525879977974, "mean": 0.38918244335136404, "median": 0.3349353071597838, "std": 0.25330383369004245, "min": 0.06602346196910155, "max": 1.4422841514227942, "sse": 294.54485150826423}