{"rmse": 0.13514283095203788, "mean": 0.1255777199300217, "median": 0.12267560210065745, "std": 0.049938171921968894, "min": 0.030529613652549786, "max": 0.3668541873162832, "sse": 9.442273319746974}