{"rmse": 1.4718261232205239, "mean": 1.4591919987224298, "median": 1.4439775897215403, "std": 0.19243400910129457, "min": 1.0660746563875105, "max": 1.933698147694551, "sse": 4508.012317085257}