{"ape_trans": 0.34301357420292505, "ape_rot_deg": 3.4809968034055374, "rpe_8m_trans": 0.22765132888103137, "rpe_8m_rot": 1.9545823219886187, "rpe_16m_trans": 0.3769181449257748, "rpe_16m_rot": 2.6128207157375516, "rpe_24m_trans": 0.5004004536793119, "rpe_24m_rot": 3.5015587251291183, "rpe_32m_trans": 0.5636515404547406, "rpe_32m_rot": 4.149525343092136, "rpe_40m_trans": 0.5546251326146092, "rpe_40m_rot": 4.7929932186503015, "rpe_48m_trans": 0.6437283284531553, "rpe_48m_rot": 5.864039591202181}