{"std": 0.08145101722198753, "rmse": 0.13341384551347665, "sse": 26.609884991167256, "max": 0.37182640980935217, "min": 0.018054054322690187, "median": 0.07476016183547052, "mean": 0.10566449719843135}