{"ape_trans": 0.0678313303396625, "ape_rot_deg": 0.6450047126969675, "rpe_8m_trans": 0.04349479424198397, "rpe_8m_rot": 0.7882326767919959, "rpe_16m_trans": 0.05892597959125136, "rpe_16m_rot": 0.9382701935945811, "rpe_24m_trans": 0.06462491320457321, "rpe_24m_rot": 0.9822575448377737, "rpe_32m_trans": 0.06999909892267862, "rpe_32m_rot": 0.947512126532513, "rpe_40m_trans": 0.07672641783546016, "rpe_40m_rot": 0.9660396126581101, "rpe_48m_trans": 0.08827841663118594, "rpe_48m_rot": 0.9647001004826301}