{"ape_trans": 3.038744161586354, "ape_rot_deg": 8.45567053156309, "rpe_8m_trans": 1.4878489573783003, "rpe_8m_rot": 2.746157780721834, "rpe_16m_trans": 3.012688657248204, "rpe_16m_rot": 4.999529491464988, "rpe_24m_trans": 3.8933072472876216, "rpe_24m_rot": 6.409791897215269, "rpe_32m_trans": 4.654757332147193, "rpe_32m_rot": 7.844007080880949, "rpe_40m_trans": 5.561360673351243, "rpe_40m_rot": 9.514387621462284, "rpe_48m_trans": 6.074014884117538, "rpe_48m_rot": 10.260708897960827}