{"ape_trans": 0.7706818441049097, "ape_rot_deg": 31.64810438926425, "rpe_8m_trans": 0.7361856640998119, "rpe_8m_rot": 1.5867913536900573, "rpe_16m_trans": 1.0752425931402736, "rpe_16m_rot": 2.289074281317061, "rpe_24m_trans": 1.4444218533718856, "rpe_24m_rot": 3.028328005484269, "rpe_32m_trans": 1.5998775926338862, "rpe_32m_rot": 3.5050261467676984, "rpe_40m_trans": 1.7104260847435264, "rpe_40m_rot": 3.814985848664648, "rpe_48m_trans": 1.7190273208842206, "rpe_48m_rot": 4.004785886316163}