{"rmse": 0.09024684429913828, "mean": 0.079672959105469, "median": 0.07187342829353563, "std": 0.04238764552710115, "min": 0.01547120528145857, "max": 0.20345725233916714, "sse": 11.320845139274542}