{"std": 0.04354732823582909, "rmse": 0.10908867341614051, "sse": 14.958725705290554, "max": 0.19703284311881894, "min": 0.028668359688008977, "median": 0.09336746675236335, "mean": 0.1000198423874699}