{"rmse_8m_trans": 0.18785273317905263, "rmse_8m_rot": 1.6464030352678687, "rmse_16m_trans": 0.2566475525578972, "rmse_16m_rot": 1.7642693145306623, "rmse_24m_trans": 0.2977416043774411, "rmse_24m_rot": 2.0425099445224317, "rmse_32m_trans": 0.34539388509126767, "rmse_32m_rot": 2.3193335216676414, "rmse_40m_trans": 0.3747590006304112, "rmse_40m_rot": 2.403984205587206, "rmse_48m_trans": 0.45811887338085916, "rmse_48m_rot": 2.787434870908594}