{"rmse": 0.7234693540514207, "mean": 0.47112974872251173, "median": 0.2660843898549725, "std": 0.5490397673395278, "min": 0.1231829278278597, "max": 2.153073124080182, "sse": 207.26953087562563}