{"ape_trans": 1.167474488116651, "ape_rot_deg": 87.698646171089, "rpe_8m_trans": 1.1562748489216692, "rpe_8m_rot": 0.9260291996501029, "rpe_16m_trans": 2.1269158754125717, "rpe_16m_rot": 1.2448700948679274, "rpe_24m_trans": 2.8559298863588563, "rpe_24m_rot": 1.4663662953026384, "rpe_32m_trans": 2.8869608212221154, "rpe_32m_rot": 1.4444711027916628, "rpe_40m_trans": 2.903444700575096, "rpe_40m_rot": 1.3651611743247603, "rpe_48m_trans": NaN, "rpe_48m_rot": NaN}