{"rmse": 0.068314946853321, "mean": 0.06442471691355943, "median": 0.06676932760929563, "std": 0.022724168063535374, "min": 0.0011540803171674432, "max": 0.13244845135006383, "sse": 12.88073221945892}