{"ape_trans": 0.2514460031702128, "ape_rot_deg": 5.831966670156417, "rpe_8m_trans": 0.16621221871729805, "rpe_8m_rot": 1.0032447230834094, "rpe_16m_trans": 0.2911380857559487, "rpe_16m_rot": 1.3850481376120538, "rpe_24m_trans": 0.3314305478179641, "rpe_24m_rot": 1.958744931770839, "rpe_32m_trans": 0.4307771449494131, "rpe_32m_rot": 2.5718950114086385, "rpe_40m_trans": 0.4063382200873968, "rpe_40m_rot": 3.217546576986659, "rpe_48m_trans": 0.5147795026363094, "rpe_48m_rot": 3.741969396828122}