{"rmse_8m_trans": 0.16821009117758107, "rmse_8m_rot": 0.9969162378131482, "rmse_16m_trans": 0.2842596744960172, "rmse_16m_rot": 1.2467477236606666, "rmse_24m_trans": 0.3231410995343799, "rmse_24m_rot": 1.7012600120159656, "rmse_32m_trans": 0.4121792063701006, "rmse_32m_rot": 2.186299889187026, "rmse_40m_trans": 0.3957891109859445, "rmse_40m_rot": 2.7344565850790428, "rmse_48m_trans": 0.47591756268470464, "rmse_48m_rot": 3.1372418694778887}