{"rmse_8m_trans": 0.0733214794661165, "rmse_8m_rot": 0.7988305968059352, "rmse_16m_trans": 0.09700246365165188, "rmse_16m_rot": 0.9853568109329466, "rmse_24m_trans": 0.11796414029963558, "rmse_24m_rot": 1.1598700047434891, "rmse_32m_trans": 0.1409524677189723, "rmse_32m_rot": 1.3184396689289457, "rmse_40m_trans": 0.16440595797942104, "rmse_40m_rot": 1.474858895349813, "rmse_48m_trans": 0.19188463836978062, "rmse_48m_rot": 1.6235008427098656}