{"ape_trans": 0.07519901266176668, "ape_rot_deg": 6.150966188597411, "rpe_8m_trans": 0.3159639338630619, "rpe_8m_rot": 3.6385356237468405, "rpe_16m_trans": 0.2655611326585917, "rpe_16m_rot": 3.0088429312189855, "rpe_24m_trans": 0.3134265039639292, "rpe_24m_rot": 2.9043373146745046, "rpe_32m_trans": 0.2776168064100229, "rpe_32m_rot": 3.1294747692193616, "rpe_40m_trans": 0.2704393377060237, "rpe_40m_rot": 2.9915239272534984, "rpe_48m_trans": 0.3896506189239913, "rpe_48m_rot": 3.2531844504522267}