{"rmse": 33.458548490282034, "mean": 33.30986705403222, "median": 30.62945023824512, "std": 3.150749739229262, "min": 30.007441591532757, "max": 36.92496329792332, "sse": 4068170.2133561983}