{"std": 0.05040072234204092, "rmse": 0.13662045086545865, "sse": 14.670806009419422, "max": 0.21124029561918342, "min": 0.017523982452159182, "median": 0.1286225828198932, "mean": 0.12698391544633397}