{"std": 0.12758416744409656, "rmse": 0.17990078611202887, "sse": 45.98966013093458, "max": 0.7179384828601177, "min": 0.01383400997233035, "median": 0.08505055118059343, "mean": 0.126832854818153}