{"rmse": 0.3689846203178863, "mean": 0.34983766650486625, "median": 0.3807963942043954, "std": 0.11731690894992347, "min": 0.12072084806132484, "max": 0.5633883139307903, "sse": 132.88205843038747}