{"std": 0.0547352940068399, "rmse": 0.15331844133045158, "sse": 21.20290309570321, "max": 0.2924763114383587, "min": 0.03722108726625723, "median": 0.13349306704999292, "mean": 0.14321519487115855}