{"rmse": 0.15626352242277186, "mean": 0.14358429097088948, "median": 0.133401113733112, "std": 0.06165906118616363, "min": 0.049222192338598654, "max": 0.30483253617996603, "sse": 24.24736042089232}