{"ape_trans": 0.09047593915717182, "ape_rot_deg": 1.8759199597978553, "rpe_8m_trans": 0.11823731074842023, "rpe_8m_rot": 1.614013119936412, "rpe_16m_trans": 0.15774334835852186, "rpe_16m_rot": 2.5782625136068003, "rpe_24m_trans": 0.2514918397825957, "rpe_24m_rot": 3.8002222936645667, "rpe_32m_trans": 0.24655123392923373, "rpe_32m_rot": 5.588428482415743, "rpe_40m_trans": 0.1884146163767807, "rpe_40m_rot": 6.6907570280665025, "rpe_48m_trans": NaN, "rpe_48m_rot": NaN}