{"rmse": 0.9065119225545718, "mean": 0.8718151018352708, "median": 0.8601544470054193, "std": 0.24839946446307534, "min": 0.20777631205450203, "max": 2.4099146992727025, "sse": 414.9907521954609}