{"rmse": 0.09044022420829091, "mean": 0.08130536572911777, "median": 0.07880238724835545, "std": 0.03960898456790239, "min": 0.007881351613271628, "max": 0.2976319301865175, "sse": 23.491334892717507}