{"rmse": 0.042184587489318866, "mean": 0.03748930207792098, "median": 0.03315283552899904, "std": 0.0193414490500166, "min": 0.0015228498969107225, "max": 0.10992290516696535, "sse": 2.4308508499657013}