{"ape_trans": 0.10458990925006104, "ape_rot_deg": 0.6546644164964651, "rpe_8m_trans": 0.1422399016699793, "rpe_8m_rot": 0.5798577577014495, "rpe_16m_trans": 0.1746299572142982, "rpe_16m_rot": 0.6756778389427718, "rpe_24m_trans": 0.19675319233857919, "rpe_24m_rot": 0.9332423797617244, "rpe_32m_trans": 0.1728729176194345, "rpe_32m_rot": 0.9570606607543292, "rpe_40m_trans": 0.1819490070949384, "rpe_40m_rot": 1.436775247190957, "rpe_48m_trans": NaN, "rpe_48m_rot": NaN}