{"rmse": 0.5890487738880366, "mean": 0.5477506126782782, "median": 0.5274701707793624, "std": 0.2166742355001402, "min": 0.22770799665008293, "max": 2.180761440778539, "sse": 174.87714284157562}