{"ape_trans": 12415682.323517224, "ape_rot_deg": 156.101263879651, "rpe_8m_trans": 0.06303069435963572, "rpe_8m_rot": 2.14014256875824, "rpe_16m_trans": 0.07053733562912, "rpe_16m_rot": 2.1230227910162736, "rpe_24m_trans": 0.07363290251053478, "rpe_24m_rot": 2.3327664917152555, "rpe_32m_trans": 0.08243994485834323, "rpe_32m_rot": 2.2314988547115924, "rpe_40m_trans": 0.09083113711362416, "rpe_40m_rot": 2.1368912225997048, "rpe_48m_trans": 0.10772295497169869, "rpe_48m_rot": 2.2665926368203286}