{"rmse": 12.781655465780496, "mean": 12.63562016620006, "median": 11.982174021996666, "std": 1.926608279187752, "min": 6.509023990583117, "max": 17.778494350424687, "sse": 895925.0089894056}