{"std": 0.13127637188059701, "rmse": 0.43187886360637817, "sse": 414.2594826352892, "max": 0.793682363328334, "min": 0.18886363687557606, "median": 0.37075107844362953, "mean": 0.41144363771457665}