{"rmse": 131.50368863720158, "mean": 130.6578323926544, "median": 117.99207799175642, "std": 14.891304833462051, "min": 115.67256702864849, "max": 161.5477028186708, "sse": 18209760.79182513}