{"rmse": 5.284190273960956, "mean": 5.241874182813953, "median": 5.165929452258965, "std": 0.6673993579350536, "min": 4.032948795622772, "max": 6.651909835462112, "sse": 46379.549640214536}