{"ape_trans": 0.3231044674286752, "ape_rot_deg": 20.63344556545235, "rpe_8m_trans": 0.4003622659371027, "rpe_8m_rot": 0.5583589023292612, "rpe_16m_trans": 0.6111940458338007, "rpe_16m_rot": 0.6417413027818573, "rpe_24m_trans": 0.6938622632210654, "rpe_24m_rot": 0.6897413664219909, "rpe_32m_trans": 0.6947433947692304, "rpe_32m_rot": 0.6373808354438137, "rpe_40m_trans": NaN, "rpe_40m_rot": NaN, "rpe_48m_trans": NaN, "rpe_48m_rot": NaN}