{"rmse": 129.6853471607437, "mean": 85.26534145546867, "median": 65.98900869270732, "std": 97.7144350374342, "min": 0.48045476118220176, "max": 546.7287479833112, "sse": 22906509.983291965}