{"rmse": 0.3822203832600283, "mean": 0.3535007003593673, "median": 0.37202842460620245, "std": 0.14536050434997716, "min": 0.07094319089669061, "max": 0.8204091539417375, "sse": 438.27726413832875}