{"ape_trans": 0.23625062994079404, "ape_rot_deg": 8.493050656040351, "rpe_8m_trans": 0.10819330048032913, "rpe_8m_rot": 0.7744318525059585, "rpe_16m_trans": 0.1565722072676162, "rpe_16m_rot": 0.9024525373501318, "rpe_24m_trans": 0.1990192115640151, "rpe_24m_rot": 1.0886866593398654, "rpe_32m_trans": 0.24509849016678004, "rpe_32m_rot": 1.3308568729883943, "rpe_40m_trans": 0.29936880118121817, "rpe_40m_rot": 1.5148737772145995, "rpe_48m_trans": 0.36880344342633853, "rpe_48m_rot": 1.700031410309528}