{"ape_trans": 0.160620400791811, "ape_rot_deg": 2.602840204113486, "rpe_8m_trans": 0.059687808256646935, "rpe_8m_rot": 1.0263107226147363, "rpe_16m_trans": 0.09442372504606347, "rpe_16m_rot": 1.3057278553972238, "rpe_24m_trans": 0.11587972644715158, "rpe_24m_rot": 1.7259435846342475, "rpe_32m_trans": 0.13925586315789254, "rpe_32m_rot": 2.1567178494485133, "rpe_40m_trans": 0.16474069763133703, "rpe_40m_rot": 2.5266793353346544, "rpe_48m_trans": 0.1890168712857789, "rpe_48m_rot": 2.948331749932622}