{"std": 0.09403226620722455, "rmse": 0.14618452358313452, "sse": 31.948022828165882, "max": 0.433352489305306, "min": 0.029473811260760357, "median": 0.07397243252996376, "mean": 0.11192786894764717}