{"ape_trans": 0.34695347174844965, "ape_rot_deg": 1.4893681808694912, "rpe_8m_trans": 0.201695782106962, "rpe_8m_rot": 1.2082560798200592, "rpe_16m_trans": 0.3280993587288963, "rpe_16m_rot": 1.5001163605053671, "rpe_24m_trans": 0.4198553038892095, "rpe_24m_rot": 1.5241937634616973, "rpe_32m_trans": 0.4718891641562219, "rpe_32m_rot": 1.639083917551499, "rpe_40m_trans": 0.621355444110179, "rpe_40m_rot": 2.0095522305513063, "rpe_48m_trans": 0.8026387706192329, "rpe_48m_rot": 2.290246674145675}