{"ape_trans": 21.8314439923675, "ape_rot_deg": 51.55463316326473, "rpe_8m_trans": 0.15318287785477896, "rpe_8m_rot": 1.4927112980014652, "rpe_16m_trans": 0.2483337582255404, "rpe_16m_rot": 1.3755558473147058, "rpe_24m_trans": 0.3353719043653043, "rpe_24m_rot": 1.1135784597958196, "rpe_32m_trans": 0.4577852650301725, "rpe_32m_rot": 1.0627864106249154, "rpe_40m_trans": 32.35735404966751, "rpe_40m_rot": 38.75368019473082, "rpe_48m_trans": 42.97279599149378, "rpe_48m_rot": 50.211212936281754}