{"rmse": 2.777239498579751, "mean": 2.698735866896725, "median": 2.222659336355695, "std": 0.6556553616014199, "min": 2.077116096428912, "max": 3.919662659583219, "sse": 4280.747874021687}