{"rmse": 0.08654172403126667, "mean": 0.07591957904800256, "median": 0.06743435604044151, "std": 0.04154139520379654, "min": 0.014289497187159073, "max": 0.1918456598730471, "sse": 10.410363297642448}