{"rmse": 0.03612377180035755, "mean": 0.03394745308100025, "median": 0.032187841542621526, "std": 0.012348980459843383, "min": 0.006779108658151377, "max": 0.06802904195393171, "sse": 1.3806126486511971}