{"rmse": 0.34697995032940177, "mean": 0.33064162138295494, "median": 0.3775108511974612, "std": 0.10521978967782046, "min": 0.11380435784097749, "max": 0.4836248935978169, "sse": 117.50560386825984}