{"rmse": 8.460793456059406, "mean": 8.451694488648773, "median": 8.441844565202533, "std": 0.39228328621239916, "min": 7.55152133493862, "max": 9.447836729216617, "sse": 140020.310672327}