{"rmse": 0.8021695776806937, "mean": 0.7348772138635642, "median": 0.6903124390884681, "std": 0.32160769875820455, "min": 0.2899352771772956, "max": 3.2129844125705698, "sse": 666.6411684852537}