{"std": 0.5911659202216064, "rmse": 1.0025265940365176, "sse": 455.29198600295865, "max": 2.3699527250171535, "min": 0.1723774767201266, "median": 0.5941677022054641, "mean": 0.8096804471635717}