{"ape_trans": 0.13186320797915865, "ape_rot_deg": 7.135549435216695, "rpe_8m_trans": 0.3184190065804013, "rpe_8m_rot": 3.7519907598009183, "rpe_16m_trans": 0.298186773520243, "rpe_16m_rot": 3.301841978730575, "rpe_24m_trans": 0.3410371523063226, "rpe_24m_rot": 3.4948731355917273, "rpe_32m_trans": 0.31442258550803764, "rpe_32m_rot": 3.977612789402831, "rpe_40m_trans": 0.36721862073487166, "rpe_40m_rot": 4.099089414745237, "rpe_48m_trans": 0.45031038257477685, "rpe_48m_rot": 4.902463504957553}