{"ape_trans": 0.22235288186191862, "ape_rot_deg": 4.680378805731089, "rpe_8m_trans": 0.17786500756052337, "rpe_8m_rot": 1.6538719607041155, "rpe_16m_trans": 0.22170667520455023, "rpe_16m_rot": 2.1429622559894352, "rpe_24m_trans": 0.2852980689553421, "rpe_24m_rot": 2.5885534515875945, "rpe_32m_trans": 0.3638730303007924, "rpe_32m_rot": 2.704594476111624, "rpe_40m_trans": 0.4339256008629923, "rpe_40m_rot": 2.446160556681665, "rpe_48m_trans": 0.4914442900203635, "rpe_48m_rot": 2.936783276524984}