{"rmse": 0.5871059979655134, "mean": 0.37784650064247965, "median": 0.22786059238119052, "std": 0.4493611852389057, "min": 0.045071297350020204, "max": 1.796772566970793, "sse": 136.84330078029132}