{"ape_trans": 11.309488740103989, "ape_rot_deg": 43.702846984989606, "rpe_8m_trans": 0.05990991278416044, "rpe_8m_rot": 0.9108898533719842, "rpe_16m_trans": 0.07008340144388885, "rpe_16m_rot": 1.0074788782695847, "rpe_24m_trans": 4.398150812909442, "rpe_24m_rot": 1.1647626623562122, "rpe_32m_trans": 12.733332343304115, "rpe_32m_rot": 1.3114171278644644, "rpe_40m_trans": 15.249422317174403, "rpe_40m_rot": 1.466691056849143, "rpe_48m_trans": 17.695807570146396, "rpe_48m_rot": 1.6519484115970866}