{"ape_trans": 0.3820773941162131, "ape_rot_deg": 5.272882731798636, "rpe_8m_trans": 0.22228150021947304, "rpe_8m_rot": 2.1278454325878284, "rpe_16m_trans": 0.3347968126452253, "rpe_16m_rot": 2.821369104286391, "rpe_24m_trans": 0.469064535542692, "rpe_24m_rot": 3.725116415021122, "rpe_32m_trans": 0.5404369220596796, "rpe_32m_rot": 4.5248453978736904, "rpe_40m_trans": 0.5894247448802471, "rpe_40m_rot": 5.261793238523376, "rpe_48m_trans": 0.7017697189981492, "rpe_48m_rot": 6.422178309519389}