{"ape_trans": 0.309361423937682, "ape_rot_deg": 3.9888852048460324, "rpe_8m_trans": 0.177417413063672, "rpe_8m_rot": 1.268663211534041, "rpe_16m_trans": 0.33114535821689706, "rpe_16m_rot": 2.0746048378784323, "rpe_24m_trans": 0.4602764697023794, "rpe_24m_rot": 2.8897705906102122, "rpe_32m_trans": 0.5745526984828766, "rpe_32m_rot": 3.9198744625947084, "rpe_40m_trans": 0.5747564995159758, "rpe_40m_rot": 4.708626378211621, "rpe_48m_trans": 0.6550727159702213, "rpe_48m_rot": 5.6230520529745}