{"rmse": 0.5890581406085218, "mean": 0.5477517387614887, "median": 0.5274730554321236, "std": 0.21669685207896947, "min": 0.22767761164466763, "max": 2.1808894472770266, "sse": 174.88270448065316}