{"std": 0.17820290686378923, "rmse": 0.25430636282311314, "sse": 96.6842306276197, "max": 0.7234560979519753, "min": 0.015486243344176377, "median": 0.13678720277255815, "mean": 0.18142615621132624}