{"rmse": 6.973833904587862, "mean": 6.967238312151782, "median": 7.002999419167234, "std": 0.30323197467216556, "min": 6.19049487083129, "max": 7.612584614674368, "sse": 95080.17248776332}