{"rmse": 0.9976935491898243, "mean": 0.8835067500334709, "median": 0.9666907224633919, "std": 0.4634740993197811, "min": 0.1014553753019261, "max": 2.027565924579454, "sse": 1383.5954611520337}