{"rmse": 1.0233107251123, "mean": 1.0068364924320121, "median": 1.0171836454388552, "std": 0.1828800635308946, "min": 0.583137065467331, "max": 1.5287500021777383, "sse": 719.4022451692146}