{"rmse": 129.8034033553105, "mean": 85.32881237831744, "median": 66.03264646445096, "std": 97.8157313560929, "min": 0.47586256683754624, "max": 547.3217726244849, "sse": 22948233.83781039}