{"ape_trans": 429632.74353355676, "ape_rot_deg": 171.225141329986, "rpe_8m_trans": 0.48356876797482695, "rpe_8m_rot": 25.276955781897836, "rpe_16m_trans": 1.7569267702575868, "rpe_16m_rot": 45.182058012539855, "rpe_24m_trans": 4.217351655207016, "rpe_24m_rot": 68.2388047617853, "rpe_32m_trans": 5.319643633458141, "rpe_32m_rot": 77.45623322674626, "rpe_40m_trans": 6.194701790019098, "rpe_40m_rot": 69.09703341355556, "rpe_48m_trans": 7.1587296347060265, "rpe_48m_rot": 67.41406192486563}