{"rmse": 0.3275273448952513, "mean": 0.18010246006381525, "median": 0.15226644510389584, "std": 0.27356400628206684, "min": 0.008981676634358917, "max": 3.787807568629606, "sse": 104.48503345112545}