{"ape_trans": 0.10041652301623605, "ape_rot_deg": 1.0577091001908308, "rpe_8m_trans": 0.07538932726262025, "rpe_8m_rot": 0.7458704229575056, "rpe_16m_trans": 0.09938415646534234, "rpe_16m_rot": 0.9619307525831513, "rpe_24m_trans": 0.115587214034766, "rpe_24m_rot": 1.0496452159955971, "rpe_32m_trans": 0.14566399063651428, "rpe_32m_rot": 1.1106457672557812, "rpe_40m_trans": 0.17996708350152296, "rpe_40m_rot": 1.2161722021487116, "rpe_48m_trans": 0.2124297559954094, "rpe_48m_rot": 1.4672914967370763}