{"rmse": 0.2625651199662532, "mean": 0.23519571959854113, "median": 0.23588509509064376, "std": 0.11671938872962519, "min": 0.02428983242783624, "max": 0.635269065901425, "sse": 87.20965941195956}