{"ape_trans": 0.17451086647119834, "ape_rot_deg": 1.4300040395672928, "rpe_8m_trans": 0.1758410593531098, "rpe_8m_rot": 0.7693228041671049, "rpe_16m_trans": 0.26234821485375415, "rpe_16m_rot": 1.1413546405726118, "rpe_24m_trans": 0.2988822274282457, "rpe_24m_rot": 1.3638636027714288, "rpe_32m_trans": 0.388683080081327, "rpe_32m_rot": 1.7360419408034042, "rpe_40m_trans": 0.32238067513303864, "rpe_40m_rot": 2.09645602255418, "rpe_48m_trans": 0.3900539937773099, "rpe_48m_rot": 2.3827980629449166}