{"rmse": 0.08755976809002376, "mean": 0.07760313347893895, "median": 0.07358719052505294, "std": 0.04055202414465558, "min": 0.0044975029170735425, "max": 0.191787279004132, "sse": 10.656731053290454}