{"std": 0.5452529478144913, "rmse": 1.5280355002944248, "sse": 3166.1142166570053, "max": 3.3171262394582346, "min": 0.4968629631619864, "median": 1.3092609364377803, "mean": 1.4274423676841181}