{"ape_trans": 3.0715175774650834, "ape_rot_deg": 11.517096734762044, "rpe_8m_trans": 1.8179009699636988, "rpe_8m_rot": 5.402486929402069, "rpe_16m_trans": 4.349123399669104, "rpe_16m_rot": 12.27211342943932, "rpe_24m_trans": 5.967375887648562, "rpe_24m_rot": 16.795556480306953, "rpe_32m_trans": 6.196752224038231, "rpe_32m_rot": 17.843279608550915, "rpe_40m_trans": 6.242932200648981, "rpe_40m_rot": 18.11051042314323, "rpe_48m_trans": 6.255962641689719, "rpe_48m_rot": 18.695535354810396}