{"rmse_8m_trans": 0.19192627939951643, "rmse_8m_rot": 2.244495124400709, "rmse_16m_trans": 0.26849089152471556, "rmse_16m_rot": 3.530906367048916, "rmse_24m_trans": 0.32100676685610907, "rmse_24m_rot": 4.7562920419793615, "rmse_32m_trans": 0.3928499518983998, "rmse_32m_rot": 6.075296429234158, "rmse_40m_trans": 0.45741971688618566, "rmse_40m_rot": 7.37328648349318, "rmse_48m_trans": 0.5288951615096135, "rmse_48m_rot": 8.72814884580675}