{"rmse": 4.414053630132479, "mean": 3.1376626683690483, "median": 2.075733055510689, "std": 3.104664624272472, "min": 0.10835011590020406, "max": 13.667452404571247, "sse": 21646.57895860082}