{"ape_trans": 0.25986864564460876, "ape_rot_deg": 1.6947375812510899, "rpe_8m_trans": 0.1802290265009321, "rpe_8m_rot": 0.5431017197619501, "rpe_16m_trans": 0.24227288321332469, "rpe_16m_rot": 0.7142246905794858, "rpe_24m_trans": 0.25883785706214596, "rpe_24m_rot": 0.8005137459034705, "rpe_32m_trans": 0.2854699060513864, "rpe_32m_rot": 0.8514937368371, "rpe_40m_trans": 0.30077957513802317, "rpe_40m_rot": 1.0588900921147724, "rpe_48m_trans": 0.34813976994037704, "rpe_48m_rot": 1.1884039910597408}