{"ape_trans": 0.1837282411160522, "ape_rot_deg": 3.0367707721122907, "rpe_8m_trans": 0.06803716268482488, "rpe_8m_rot": 1.0619725162115765, "rpe_16m_trans": 0.09935894576892834, "rpe_16m_rot": 1.3710433333237904, "rpe_24m_trans": 0.1202472261216594, "rpe_24m_rot": 1.7368904815994741, "rpe_32m_trans": 0.14524008163778665, "rpe_32m_rot": 2.149307659312349, "rpe_40m_trans": 0.17829790944785986, "rpe_40m_rot": 2.5908111670479315, "rpe_48m_trans": 0.21226617944400994, "rpe_48m_rot": 3.0392503945634806}