{"std": 0.1736271545576789, "rmse": 0.39909648756340277, "sse": 288.293191557656, "max": 0.6468068986066617, "min": 0.04959791761709047, "median": 0.3280423985122213, "mean": 0.3593488800395086}