{"ape_trans": 96.55393346312295, "ape_rot_deg": 161.24864623003364, "rpe_8m_trans": 0.07221088749236358, "rpe_8m_rot": 1.86070258801835, "rpe_16m_trans": 0.08088496130200269, "rpe_16m_rot": 1.8677084276190599, "rpe_24m_trans": 0.10029943602058251, "rpe_24m_rot": 2.0983426567264787, "rpe_32m_trans": 0.12268906655352198, "rpe_32m_rot": 2.429869269464477, "rpe_40m_trans": 0.15160243874690624, "rpe_40m_rot": 2.7566723684861567, "rpe_48m_trans": 0.15378882379539072, "rpe_48m_rot": 2.871310232774546}