{"rmse_8m_trans": 0.1904316709345632, "rmse_8m_rot": 1.7990377850434176, "rmse_16m_trans": 0.2541585311082571, "rmse_16m_rot": 2.048508669806495, "rmse_24m_trans": 0.29950444158742584, "rmse_24m_rot": 2.447839565638782, "rmse_32m_trans": 0.3399679102476405, "rmse_32m_rot": 2.831606010641542, "rmse_40m_trans": 0.3757723648076582, "rmse_40m_rot": 2.9793369365051547, "rmse_48m_trans": 0.4661749990848538, "rmse_48m_rot": 3.439329830844622}