{"rmse": 0.16098654569140816, "mean": 0.1522963345752404, "median": 0.13240986241475022, "std": 0.05217752742894487, "min": 0.05352061332718984, "max": 0.32078924358579586, "sse": 58.053336081780145}