{"ape_trans": 1.474258876749108, "ape_rot_deg": 8.361351399564866, "rpe_8m_trans": 1.1102035901685492, "rpe_8m_rot": 1.2317271045780112, "rpe_16m_trans": 1.605167867916082, "rpe_16m_rot": 1.6980670108545026, "rpe_24m_trans": 2.0308142227458483, "rpe_24m_rot": 2.098152365416638, "rpe_32m_trans": 2.452753766624121, "rpe_32m_rot": 2.5835294775230575, "rpe_40m_trans": 2.907790822640247, "rpe_40m_rot": 3.078449039231785, "rpe_48m_trans": 2.920840355511885, "rpe_48m_rot": 3.160635292437259}