{"ape_trans": 0.09024684429913828, "ape_rot_deg": 6.289312387549397, "rpe_8m_trans": 0.3142577542802959, "rpe_8m_rot": 3.6788144925216466, "rpe_16m_trans": 0.2671147094115119, "rpe_16m_rot": 2.9975422636202826, "rpe_24m_trans": 0.3201360558859775, "rpe_24m_rot": 2.884059126005124, "rpe_32m_trans": 0.2815534075069337, "rpe_32m_rot": 3.1441635503684986, "rpe_40m_trans": 0.30180775363168594, "rpe_40m_rot": 3.1355441070342853, "rpe_48m_trans": 0.40657582631733785, "rpe_48m_rot": 3.416952766808405}