{"ape_trans": 0.14981577733827803, "ape_rot_deg": 1.5529935520430562, "rpe_8m_trans": 0.20868698743031608, "rpe_8m_rot": 0.5086750103273816, "rpe_16m_trans": 0.27900119687709835, "rpe_16m_rot": 0.5250848605868698, "rpe_24m_trans": 0.23985201624669383, "rpe_24m_rot": 0.5640123761421373, "rpe_32m_trans": 0.2563716977579315, "rpe_32m_rot": 0.5976798208852322, "rpe_40m_trans": 0.23754829698068344, "rpe_40m_rot": 0.6382495219308202, "rpe_48m_trans": 0.21794012113249261, "rpe_48m_rot": 0.4797299893144882}