{"ape_trans": 0.41702805278968286, "ape_rot_deg": 0.9106594474781614, "rpe_8m_trans": 0.3344540755130444, "rpe_8m_rot": 0.4058752828201158, "rpe_16m_trans": 0.4720462063953115, "rpe_16m_rot": 0.5606115897141386, "rpe_24m_trans": 0.4936414986895402, "rpe_24m_rot": 0.5876484027495329, "rpe_32m_trans": 0.5268866026045824, "rpe_32m_rot": 0.6120597866213161, "rpe_40m_trans": 0.6534627175301269, "rpe_40m_rot": 0.6996413277894395, "rpe_48m_trans": 0.8320298888172916, "rpe_48m_rot": 0.7307758206043945}