{"ape_trans": 2.5435069422642425, "ape_rot_deg": 12.798999256316463, "rpe_8m_trans": 1.5449614474936613, "rpe_8m_rot": 0.7227136379602389, "rpe_16m_trans": 2.6441022021268044, "rpe_16m_rot": 0.8140448458233954, "rpe_24m_trans": 3.3380869048044772, "rpe_24m_rot": 0.8879287305556478, "rpe_32m_trans": 4.050090470183645, "rpe_32m_rot": 0.9723787378059777, "rpe_40m_trans": 4.9648716405072735, "rpe_40m_rot": 0.9599996438003858, "rpe_48m_trans": 5.084146125328892, "rpe_48m_rot": 0.9348174502148902}