{"std": 0.07233247227956767, "rmse": 0.12225575620520401, "sse": 18.75781975625938, "max": 0.3290126276309147, "min": 0.014303790759322426, "median": 0.07559674194405354, "mean": 0.0985620788094075}