{"std": 0.032479073106475936, "rmse": 0.07513729259181377, "sse": 7.853047318596717, "max": 0.15562269275901328, "min": 0.007604723907068989, "median": 0.06518687429657685, "mean": 0.06775487102911514}