{"ape_trans": 0.3588674207513806, "ape_rot_deg": 7.15014740294256, "rpe_8m_trans": 0.20666938530288445, "rpe_8m_rot": 1.0509505444968121, "rpe_16m_trans": 0.3442247893545565, "rpe_16m_rot": 1.3911179029304246, "rpe_24m_trans": 0.3945750429900013, "rpe_24m_rot": 1.9202938574264157, "rpe_32m_trans": 0.5024318542351056, "rpe_32m_rot": 2.6189642953755574, "rpe_40m_trans": 0.5732212929048399, "rpe_40m_rot": 3.2516175700394223, "rpe_48m_trans": 0.6993757008345227, "rpe_48m_rot": 4.0326947296906654}