{"std": 0.042942056704508916, "rmse": 0.09861771165063915, "sse": 10.873056511251225, "max": 0.2884325329918897, "min": 0.005342085037666705, "median": 0.08383823754730649, "mean": 0.08877743416654567}