{"ape_trans": 0.10285125234704581, "ape_rot_deg": 5.728560999758165, "rpe_8m_trans": 0.28331495451065064, "rpe_8m_rot": 3.703388926521588, "rpe_16m_trans": 0.29049925210154237, "rpe_16m_rot": 3.2521397509043313, "rpe_24m_trans": 0.32968229491246687, "rpe_24m_rot": 3.003833266664242, "rpe_32m_trans": 0.3127366992050725, "rpe_32m_rot": 3.315918164917492, "rpe_40m_trans": 0.34072574584893467, "rpe_40m_rot": 3.376971240233009, "rpe_48m_trans": 0.41360158412794923, "rpe_48m_rot": 3.6859814551918393}