{"rmse": 3.1353813515848143, "mean": 3.130528374804011, "median": 3.114815932714579, "std": 0.1743797993254211, "min": 2.7765481892280586, "max": 3.606932963116227, "sse": 9624.173279248635}