{"std": 0.0541986451117014, "rmse": 0.11405189328918561, "sse": 14.542758817663819, "max": 0.2408337711933934, "min": 0.011023967166944404, "median": 0.08934195932509056, "mean": 0.10035108983415988}