{"rmse": 0.08936570799131664, "mean": 0.0814643831806231, "median": 0.07459618233720874, "std": 0.03673940715076778, "min": 0.01833697457937375, "max": 0.3157474106821958, "sse": 22.9364518844748}