{"ape_trans": 0.04225047268478521, "ape_rot_deg": 0.8129908589755453, "rpe_8m_trans": 0.0442259337405679, "rpe_8m_rot": 0.7696544319837616, "rpe_16m_trans": 0.04909482125505719, "rpe_16m_rot": 0.9054630473275125, "rpe_24m_trans": 0.058244708937132586, "rpe_24m_rot": 1.0128582621936681, "rpe_32m_trans": 0.06998048822379635, "rpe_32m_rot": 1.0494083860028474, "rpe_40m_trans": 0.08502836675268358, "rpe_40m_rot": 0.881685817028268, "rpe_48m_trans": 0.10378198426636455, "rpe_48m_rot": 0.6606187879945358}