{"std": 0.42114174090385886, "rmse": 0.988128672050866, "sse": 289.01388866858633, "max": 2.2570479746762038, "min": 0.05856725911323792, "median": 0.8571495948395926, "mean": 0.8938892026406153}