{"ape_trans": 0.06608798542817279, "ape_rot_deg": 0.8074529418110781, "rpe_8m_trans": 0.03538315482210463, "rpe_8m_rot": 0.6903946363790433, "rpe_16m_trans": 0.046859502040916434, "rpe_16m_rot": 0.8316529298921059, "rpe_24m_trans": 0.0568015700487552, "rpe_24m_rot": 0.8581278701693432, "rpe_32m_trans": 0.06458831916816071, "rpe_32m_rot": 0.8424103771130647, "rpe_40m_trans": 0.07691393057567639, "rpe_40m_rot": 0.8995826999245812, "rpe_48m_trans": 0.08757042003856381, "rpe_48m_rot": 0.9679510112801554}