{"std": 0.060276173565926336, "rmse": 0.11733074521342159, "sse": 15.52861625519597, "max": 0.2637071393187531, "min": 0.026757179590317898, "median": 0.07588028286244988, "mean": 0.10066422737292119}