{"rmse": 4.28904321272603, "mean": 4.2436976820396985, "median": 4.240977184442206, "std": 0.622030275856504, "min": 3.041031890532323, "max": 7.43410628743025, "sse": 27097.148445569794}