{"rmse": 0.9375655274606979, "mean": 0.9333173019711217, "median": 0.9470349112074449, "std": 0.08915117567369911, "min": 0.7307962097964945, "max": 1.1282344332119898, "sse": 1901.3399828453864}