{"rmse_8m_trans": 0.0653339642655217, "rmse_8m_rot": 0.8039689185876071, "rmse_16m_trans": 0.0866417551522983, "rmse_16m_rot": 1.0034161218432838, "rmse_24m_trans": 0.10482236720338148, "rmse_24m_rot": 1.1568477617354047, "rmse_32m_trans": 0.12660974836277974, "rmse_32m_rot": 1.2916763581939181, "rmse_40m_trans": 0.1514050253164154, "rmse_40m_rot": 1.4480627317981412, "rmse_48m_trans": 0.17894140658514981, "rmse_48m_rot": 1.5979724291148285}