{"rmse": 0.11202328207591115, "mean": 0.09911694165347182, "median": 0.09263870789466981, "std": 0.052201988509264885, "min": 0.014334448955572163, "max": 0.29614368294769533, "sse": 28.11024322861251}