{"ape_trans": 0.195140882165699, "ape_rot_deg": 1.6306938340648969, "rpe_8m_trans": 0.1892880574152159, "rpe_8m_rot": 0.5734672901476137, "rpe_16m_trans": 0.25671112425477943, "rpe_16m_rot": 0.6366865523332693, "rpe_24m_trans": 0.25304051787823917, "rpe_24m_rot": 0.6369135580567935, "rpe_32m_trans": 0.2878588570895771, "rpe_32m_rot": 0.6244593928087327, "rpe_40m_trans": 0.25482128293413253, "rpe_40m_rot": 0.6251117735045919, "rpe_48m_trans": 0.26605602691909164, "rpe_48m_rot": 0.6536851932298566}