{"rmse": 0.1286874357722273, "mean": 0.11447032640452391, "median": 0.10797731801459186, "std": 0.05879626262334096, "min": 0.016769490004552523, "max": 0.28504095125484674, "sse": 22.985913102376003}