{"ape_trans": 0.32489048535774584, "ape_rot_deg": 3.4232943196566947, "rpe_8m_trans": 0.29017290974679993, "rpe_8m_rot": 1.7739271908909313, "rpe_16m_trans": 0.42236570531165946, "rpe_16m_rot": 2.4725284939777854, "rpe_24m_trans": 0.4707746717824963, "rpe_24m_rot": 2.731495685870086, "rpe_32m_trans": 0.5622258724799166, "rpe_32m_rot": 3.049858280237561, "rpe_40m_trans": 0.6023669692192445, "rpe_40m_rot": 3.761252837373031, "rpe_48m_trans": 0.6138755238464821, "rpe_48m_rot": 4.325432866658169}