{"rmse": 2.7922582794519726, "mean": 2.2620531961749863, "median": 1.7929412237960578, "std": 1.6370160771484872, "min": 0.20329227315881132, "max": 9.313034794194792, "sse": 7632.97546688556}