{"ape_trans": 0.625847499620959, "ape_rot_deg": 87.19147633425176, "rpe_8m_trans": 0.6746283130180519, "rpe_8m_rot": 1.1462506027990222, "rpe_16m_trans": 1.143398732954414, "rpe_16m_rot": 1.7256931012857792, "rpe_24m_trans": 1.5343634933748045, "rpe_24m_rot": 2.348983581831301, "rpe_32m_trans": 1.537656979825537, "rpe_32m_rot": 2.445240275880874, "rpe_40m_trans": 1.5280198637869606, "rpe_40m_rot": 2.5834540171467295, "rpe_48m_trans": NaN, "rpe_48m_rot": NaN}