{"ape_trans": 0.06972327628657148, "ape_rot_deg": 0.8649660370763949, "rpe_8m_trans": 0.06822881775499037, "rpe_8m_rot": 0.6679889691616352, "rpe_16m_trans": 0.08969386949315232, "rpe_16m_rot": 0.8461316415444544, "rpe_24m_trans": 0.10875945978625559, "rpe_24m_rot": 1.06782517482857, "rpe_32m_trans": 0.1271724417670637, "rpe_32m_rot": 1.2919115815524898, "rpe_40m_trans": 0.12076990813707814, "rpe_40m_rot": 1.4247465145393372, "rpe_48m_trans": 0.11793571025746268, "rpe_48m_rot": 1.5275574586192677}