{"std": 0.05200903802751377, "rmse": 0.12259284728324446, "sse": 20.905347631172944, "max": 0.24168019288131362, "min": 0.013304082438692275, "median": 0.09982539042532268, "mean": 0.1110138107104946}