{"rmse": 0.24694192185857156, "mean": 0.22567083018916434, "median": 0.20916631718412496, "std": 0.10026459580997782, "min": 0.013175204426936928, "max": 0.6225924964674673, "sse": 120.49709803590082}