{"rmse_8m_trans": 0.06444503074298255, "rmse_8m_rot": 0.8041501061621221, "rmse_16m_trans": 0.08298672934122638, "rmse_16m_rot": 0.9984241885280037, "rmse_24m_trans": 0.09929664228701877, "rmse_24m_rot": 1.138167400003139, "rmse_32m_trans": 0.1194927215794041, "rmse_32m_rot": 1.2627849266571125, "rmse_40m_trans": 0.1432182955233066, "rmse_40m_rot": 1.3953432676481485, "rmse_48m_trans": 0.16869822279902497, "rmse_48m_rot": 1.510857102259275}