{"ape_trans": 3.416037898530474, "ape_rot_deg": 14.70563983567809, "rpe_8m_trans": 0.8296830216543954, "rpe_8m_rot": 1.49044595132719, "rpe_16m_trans": 3.500587233851528, "rpe_16m_rot": 5.481527764140914, "rpe_24m_trans": 4.189388446183057, "rpe_24m_rot": 6.34084233310984, "rpe_32m_trans": 4.847217471306494, "rpe_32m_rot": 7.54139494542404, "rpe_40m_trans": 5.675442874940094, "rpe_40m_rot": 8.778726490464402, "rpe_48m_trans": 6.639028584320217, "rpe_48m_rot": 10.174742273800009}