{"ape_trans": 2.5892284592161467, "ape_rot_deg": 8.698677861704319, "rpe_8m_trans": 1.6011082659394085, "rpe_8m_rot": 3.7517159451363584, "rpe_16m_trans": 3.2985073614872085, "rpe_16m_rot": 7.460398589719369, "rpe_24m_trans": 4.877608178486191, "rpe_24m_rot": 10.626131711729592, "rpe_32m_trans": 5.2672321148877055, "rpe_32m_rot": 11.56608779070095, "rpe_40m_trans": 5.334041865025751, "rpe_40m_rot": 11.749506405112843, "rpe_48m_trans": 5.787723895723289, "rpe_48m_rot": 11.734663509371003}