{"ape_trans": 1.9215950173193157, "ape_rot_deg": 15.68256823000487, "rpe_8m_trans": 1.4297658800179154, "rpe_8m_rot": 4.337123006096356, "rpe_16m_trans": 2.5125296334506686, "rpe_16m_rot": 7.435503031633711, "rpe_24m_trans": 3.254177798765034, "rpe_24m_rot": 9.895247258223623, "rpe_32m_trans": 3.6768386646908175, "rpe_32m_rot": 11.014295019723768, "rpe_40m_trans": 3.9301323661511867, "rpe_40m_rot": 11.830037519878491, "rpe_48m_trans": 3.901032614233133, "rpe_48m_rot": 12.224791909659434}