{"ape_trans": 0.22933826141309044, "ape_rot_deg": 3.9322960681223127, "rpe_8m_trans": 0.1896618630891048, "rpe_8m_rot": 1.6704733972227246, "rpe_16m_trans": 0.28099620227782696, "rpe_16m_rot": 2.8284315736170167, "rpe_24m_trans": 0.31290092023464056, "rpe_24m_rot": 3.9445339319236936, "rpe_32m_trans": 0.33281347992129906, "rpe_32m_rot": 5.09274092821286, "rpe_40m_trans": 0.367636017092862, "rpe_40m_rot": 6.333141718950359, "rpe_48m_trans": 0.4353039149609005, "rpe_48m_rot": 7.634196016043465}