{"ape_trans": 0.23437404531914824, "ape_rot_deg": 1.297847086577942, "rpe_8m_trans": 0.1946690054031701, "rpe_8m_rot": 1.0310841164305615, "rpe_16m_trans": 0.29840226793231145, "rpe_16m_rot": 1.3095269404946241, "rpe_24m_trans": 0.37362606138694887, "rpe_24m_rot": 1.379623937920397, "rpe_32m_trans": 0.3777607170454174, "rpe_32m_rot": 1.496173949753664, "rpe_40m_trans": 0.47098763050489934, "rpe_40m_rot": 1.8458870710093334, "rpe_48m_trans": 0.5801866078164536, "rpe_48m_rot": 2.0385626197133986}