{"rmse": 0.41337116663011775, "mean": 0.41036679443048996, "median": 0.41584141300342725, "std": 0.04974751682233583, "min": 0.2386089614763467, "max": 0.49434219495354703, "sse": 178.05250169999263}