{"ape_trans": 74.26395221587164, "ape_rot_deg": 164.93667729769936, "rpe_8m_trans": 0.16530705617326172, "rpe_8m_rot": 1.585001729672719, "rpe_16m_trans": 0.17482578903568874, "rpe_16m_rot": 1.8511867894235703, "rpe_24m_trans": 0.21269376670662726, "rpe_24m_rot": 2.1535203423882687, "rpe_32m_trans": 0.24263999959388363, "rpe_32m_rot": 2.4035434500447446, "rpe_40m_trans": 0.29166545563515195, "rpe_40m_rot": 2.6509532247037733, "rpe_48m_trans": 0.3741575891412245, "rpe_48m_rot": 2.4621483835207214}