{"ape_trans": 0.06972129040669514, "ape_rot_deg": 0.864956194032994, "rpe_8m_trans": 0.06822836241689723, "rpe_8m_rot": 0.6679904345082641, "rpe_16m_trans": 0.08969153118768909, "rpe_16m_rot": 0.846129617604422, "rpe_24m_trans": 0.10875628972028083, "rpe_24m_rot": 1.0678294227807656, "rpe_32m_trans": 0.12716896939147065, "rpe_32m_rot": 1.2919095616475633, "rpe_40m_trans": 0.12077046126840983, "rpe_40m_rot": 1.425352348898786, "rpe_48m_trans": 0.1179333701531181, "rpe_48m_rot": 1.5275506387589797}