{"ape_trans": 0.09418304620430615, "ape_rot_deg": 0.6769643922337346, "rpe_8m_trans": 0.09482806779150749, "rpe_8m_rot": 0.8566863910906811, "rpe_16m_trans": 0.10037719720198919, "rpe_16m_rot": 0.9826568811586448, "rpe_24m_trans": 0.1142046936246682, "rpe_24m_rot": 1.079553567493382, "rpe_32m_trans": 0.13169175741128758, "rpe_32m_rot": 1.0580828675457488, "rpe_40m_trans": 0.1440921114624132, "rpe_40m_rot": 0.9591852607998891, "rpe_48m_trans": 0.16104715060714325, "rpe_48m_rot": 0.7697101157262612}