{"ape_trans": 0.3235198574904791, "ape_rot_deg": 1.4452278353467154, "rpe_8m_trans": 0.20611001422853703, "rpe_8m_rot": 1.097535880620233, "rpe_16m_trans": 0.32847249624894664, "rpe_16m_rot": 1.4828610885065532, "rpe_24m_trans": 0.4289623368898686, "rpe_24m_rot": 1.5658310457529818, "rpe_32m_trans": 0.4576955341427466, "rpe_32m_rot": 1.7090550447685586, "rpe_40m_trans": 0.6119480986348675, "rpe_40m_rot": 2.0733273773679826, "rpe_48m_trans": 0.7903171949797578, "rpe_48m_rot": 2.273994716988385}