{"ape_trans": 0.33586964007853154, "ape_rot_deg": 1.5968651864304644, "rpe_8m_trans": 0.2160889380310778, "rpe_8m_rot": 1.1219899038406336, "rpe_16m_trans": 0.3353779468308177, "rpe_16m_rot": 1.5061819641693157, "rpe_24m_trans": 0.42954627162341297, "rpe_24m_rot": 1.5576970961760226, "rpe_32m_trans": 0.48200981265640297, "rpe_32m_rot": 1.7619652532444476, "rpe_40m_trans": 0.6395122956626048, "rpe_40m_rot": 2.2144313277634815, "rpe_48m_trans": 0.8332734773240954, "rpe_48m_rot": 2.5159419956442415}