{"ape_trans": 0.06810701301922534, "ape_rot_deg": 0.7992942742345033, "rpe_8m_trans": 0.028945635146007974, "rpe_8m_rot": 0.7920753087268213, "rpe_16m_trans": 0.043970805757867416, "rpe_16m_rot": 0.9620906324403593, "rpe_24m_trans": 0.05602497291036834, "rpe_24m_rot": 0.9891719215758931, "rpe_32m_trans": 0.06761057313728214, "rpe_32m_rot": 1.009667386105558, "rpe_40m_trans": 0.077819527492451, "rpe_40m_rot": 1.0584734494270671, "rpe_48m_trans": 0.08588221755504419, "rpe_48m_rot": 1.0559227960688617}