{"rmse": 0.11009437375364726, "mean": 0.09846644840138366, "median": 0.09237868414241139, "std": 0.0492456056052256, "min": 0.03354129114165803, "max": 0.4025330383054975, "sse": 9.587529965576351}