{"rmse": 0.41702805278968286, "mean": 0.3950570846877382, "median": 0.3547521032189095, "std": 0.1335750599909272, "min": 0.18734447426365072, "max": 0.7908756375833231, "sse": 386.2594333229046}