{"ape_trans": 0.251429796705163, "ape_rot_deg": 5.832074604043199, "rpe_8m_trans": 0.16620356354001842, "rpe_8m_rot": 1.0032552828624177, "rpe_16m_trans": 0.2911166423781574, "rpe_16m_rot": 1.3851346578051535, "rpe_24m_trans": 0.3314057462337602, "rpe_24m_rot": 1.9587743097754646, "rpe_32m_trans": 0.4307476116121413, "rpe_32m_rot": 2.5719459807117317, "rpe_40m_trans": 0.4063114049205252, "rpe_40m_rot": 3.217597747763557, "rpe_48m_trans": 0.5147445499994899, "rpe_48m_rot": 3.7420347159404277}