{"std": 0.052061711419871017, "rmse": 0.15381525410289057, "sse": 23.469859335578903, "max": 0.2667841166003198, "min": 0.04384029819276088, "median": 0.14171650490243287, "mean": 0.14473669403012793}