{"rmse": 0.2588110659870546, "mean": 0.22680381974077132, "median": 0.2272462767242347, "std": 0.1246723514992448, "min": 0.034056759385912225, "max": 0.5560905121103512, "sse": 87.61398358358106}