{"rmse": 0.13763937187199946, "mean": 0.12810922496736518, "median": 0.1339546121835274, "std": 0.05032517429259011, "min": 0.022990098339979677, "max": 0.31095431639735754, "sse": 34.4033875878025}