{"rmse": 0.25986864564460876, "mean": 0.23912416243214396, "median": 0.24960265993902375, "std": 0.10174157424715265, "min": 0.010975595408137324, "max": 0.44356443208442975, "sse": 177.6759368744885}