{"ape_trans": 0.07936115405169658, "ape_rot_deg": 1.5370522771157829, "rpe_8m_trans": 0.035530392246265204, "rpe_8m_rot": 0.7762331483180108, "rpe_16m_trans": 0.05136252066369656, "rpe_16m_rot": 1.0403956630624587, "rpe_24m_trans": 0.06736416730684519, "rpe_24m_rot": 1.1967852294864052, "rpe_32m_trans": 0.08249376676306239, "rpe_32m_rot": 1.2437058161951589, "rpe_40m_trans": 0.09913625121764909, "rpe_40m_rot": 1.3879872966591664, "rpe_48m_trans": 0.11206234141647985, "rpe_48m_rot": 1.5449347149613448}