{"std": 0.06491289240486572, "rmse": 0.14728599380545723, "sse": 28.374658474409635, "max": 0.37673707752632346, "min": 0.03558929563053289, "median": 0.12461057587634346, "mean": 0.13220998589704}