{"std": 0.5141252617671339, "rmse": 1.2412516924236987, "sse": 463.75243494735366, "max": 2.39393059086172, "min": 0.2077388117330416, "median": 1.1417103064900818, "mean": 1.129770321418284}