{"rmse": 0.19617501609769378, "mean": 0.18708545822875863, "median": 0.17835820101879646, "std": 0.05902260804357795, "min": 0.057165724503271544, "max": 0.3410938359653905, "sse": 53.33970680012955}