{"ape_trans": 0.06743884089174439, "ape_rot_deg": 1.6173896513857076, "rpe_8m_trans": 0.09499402330277518, "rpe_8m_rot": 1.4146634291835247, "rpe_16m_trans": 0.12726939214799812, "rpe_16m_rot": 2.2040732634026226, "rpe_24m_trans": 0.19031732937979567, "rpe_24m_rot": 3.2482815450366624, "rpe_32m_trans": 0.17973019440447044, "rpe_32m_rot": 4.8514715136841655, "rpe_40m_trans": NaN, "rpe_40m_rot": NaN, "rpe_48m_trans": NaN, "rpe_48m_rot": NaN}