{"rmse": 0.07429337440196233, "mean": 0.06362806784008061, "median": 0.051579151157721305, "std": 0.03835328490453263, "min": 0.006488898927297808, "max": 0.1887819731922895, "sse": 7.528605474761127}