{"ape_trans": 2.18396905547214, "ape_rot_deg": 10.802501219978069, "rpe_8m_trans": 1.2956315458843943, "rpe_8m_rot": 1.0709466224405837, "rpe_16m_trans": 2.1024255833765046, "rpe_16m_rot": 1.4999345620262212, "rpe_24m_trans": 2.473118688446412, "rpe_24m_rot": 1.5770341379570434, "rpe_32m_trans": 2.9489599560268904, "rpe_32m_rot": 1.8142051189395227, "rpe_40m_trans": 3.495636581403208, "rpe_40m_rot": 2.019323466542334, "rpe_48m_trans": 4.114553402780523, "rpe_48m_rot": 2.1930404429301538}