{"ape_trans": 0.4149243111525622, "ape_rot_deg": 2.5321163577972534, "rpe_8m_trans": 0.3983910129074782, "rpe_8m_rot": 0.8709714484614278, "rpe_16m_trans": 0.5021665611545177, "rpe_16m_rot": 0.9349225317696471, "rpe_24m_trans": 0.5921168722685608, "rpe_24m_rot": 0.9639014557850133, "rpe_32m_trans": 0.7068456318407845, "rpe_32m_rot": 1.001798352680594, "rpe_40m_trans": 0.7623879943750259, "rpe_40m_rot": 0.986881224399002, "rpe_48m_trans": 0.7646860775648961, "rpe_48m_rot": 1.0210315179262437}