{"ape_trans": 129.80493098245805, "ape_rot_deg": 60.14817252295252, "rpe_8m_trans": 4.293862392656161, "rpe_8m_rot": 1.5651159777293724, "rpe_16m_trans": 9.79928038846871, "rpe_16m_rot": 1.976223706326749, "rpe_24m_trans": 15.515779986748246, "rpe_24m_rot": 2.385477960733655, "rpe_32m_trans": 22.48883096204487, "rpe_32m_rot": 9.143384096915353, "rpe_40m_trans": 28.02865195944895, "rpe_40m_rot": 10.881314427403789, "rpe_48m_trans": 34.019684970661366, "rpe_48m_rot": 12.213521275328283}