{"rmse": 2.3186381413072525, "mean": 2.306087887118733, "median": 2.341451744860376, "std": 0.24091800930816348, "min": 1.8208557650070143, "max": 2.8438162964863456, "sse": 4150.335945010707}