{"std": 0.06418194615454055, "rmse": 1.4735978339457187, "sse": 2065.087537975248, "max": 1.6789697372069803, "min": 1.3053582094053031, "median": 1.4789808063126075, "mean": 1.4721994613493545}