{"std": 0.45941785193367285, "rmse": 1.2734555997480108, "sse": 744.3553265190708, "max": 2.1283500662152113, "min": 0.3169952493984346, "median": 1.1507017229773517, "mean": 1.1876971002129355}