{"rmse": 0.24398899711879823, "mean": 0.2179179651478109, "median": 0.18952984492757818, "std": 0.10973782930637187, "min": 0.05798601152369515, "max": 0.4638214837468441, "sse": 124.65714071728732}