{"ape_trans": 0.3364681029008824, "ape_rot_deg": 24.515475336094344, "rpe_8m_trans": 0.3907097666725668, "rpe_8m_rot": 0.6249319264299441, "rpe_16m_trans": 0.6489130017630897, "rpe_16m_rot": 0.8313833459503567, "rpe_24m_trans": 0.7657670309045438, "rpe_24m_rot": 0.9412829499716858, "rpe_32m_trans": 0.7740217645158279, "rpe_32m_rot": 0.9762631693988083, "rpe_40m_trans": NaN, "rpe_40m_rot": NaN, "rpe_48m_trans": NaN, "rpe_48m_rot": NaN}