{"rmse": 3.9520732766682185, "mean": 3.8664274185141445, "median": 3.568479397135264, "std": 0.8183044674918459, "min": 2.6869663581021532, "max": 5.101182029819459, "sse": 90386.47698670538}