{"rmse": 0.8614008016894655, "mean": 0.8595587174722894, "median": 0.8642838821664268, "std": 0.05630410614375165, "min": 0.6983974371163018, "max": 0.9836476659301004, "sse": 741.2693298101027}