{"ape_trans": 1.7082042587412474, "ape_rot_deg": 13.597379015414285, "rpe_8m_trans": 1.2199142988566274, "rpe_8m_rot": 3.176773238050909, "rpe_16m_trans": 1.9025222732303346, "rpe_16m_rot": 4.627244299115234, "rpe_24m_trans": 2.561425879744217, "rpe_24m_rot": 6.276689867628211, "rpe_32m_trans": 3.123320084574495, "rpe_32m_rot": 6.9167123925717915, "rpe_40m_trans": 3.3588593733904446, "rpe_40m_rot": 6.859425992800584, "rpe_48m_trans": 3.596817967259488, "rpe_48m_rot": 5.6070076076427116}