{"ape_trans": 0.26885374996075867, "ape_rot_deg": 1.7195721497276664, "rpe_8m_trans": 0.17456912760739215, "rpe_8m_rot": 0.7261279220038936, "rpe_16m_trans": 0.2279850432599928, "rpe_16m_rot": 0.8003360288013461, "rpe_24m_trans": 0.25490161603850076, "rpe_24m_rot": 0.8379439365373662, "rpe_32m_trans": 0.30708768782606066, "rpe_32m_rot": 0.879449923486392, "rpe_40m_trans": 0.31224707801050344, "rpe_40m_rot": 0.8959688013662028, "rpe_48m_trans": 0.363023214302116, "rpe_48m_rot": 1.0904344951653304}