{"ape_trans": 0.0751954288913505, "ape_rot_deg": 6.150325191252886, "rpe_8m_trans": 0.31599118127926845, "rpe_8m_rot": 3.6388094394400134, "rpe_16m_trans": 0.26559537820808127, "rpe_16m_rot": 3.008269651135346, "rpe_24m_trans": 0.31336096730933416, "rpe_24m_rot": 2.9037643178905377, "rpe_32m_trans": 0.27763858028815364, "rpe_32m_rot": 3.128404582853221, "rpe_40m_trans": 0.27030958629041824, "rpe_40m_rot": 2.9901409192585944, "rpe_48m_trans": 0.38962884599207787, "rpe_48m_rot": 3.2527426227759344}