{"rmse": 3950487.159974056, "mean": 3912406.4606261207, "median": 3598058.9361516754, "std": 547196.9370993145, "min": 3223303.5239613196, "max": 5408995.702995107, "sse": 9.721194668217574e+16}