{"rmse": 2.459080370965531, "mean": 2.371388046223531, "median": 2.22541386329083, "std": 0.6508417665578313, "min": 1.6997869769029748, "max": 4.670872819787807, "sse": 3519.39838964516}