{"ape_trans": 12.807702862911428, "ape_rot_deg": 64.32476113876811, "rpe_8m_trans": 0.06653004174103297, "rpe_8m_rot": 1.494794635743511, "rpe_16m_trans": 0.07053141512701652, "rpe_16m_rot": 1.7050096836845563, "rpe_24m_trans": 3.6161387111017502, "rpe_24m_rot": 2.049130844848512, "rpe_32m_trans": 14.968332594788164, "rpe_32m_rot": 3.7834735458510362, "rpe_40m_trans": 17.781630613112934, "rpe_40m_rot": 4.192582709696462, "rpe_48m_trans": 21.168284674659, "rpe_48m_rot": 4.681448780845945}