{"ape_trans": 0.0666126632363088, "ape_rot_deg": 1.8076796501303436, "rpe_8m_trans": 0.03593906488560441, "rpe_8m_rot": 0.7866969605135216, "rpe_16m_trans": 0.044890002073773985, "rpe_16m_rot": 0.979652788906198, "rpe_24m_trans": 0.055198513171837, "rpe_24m_rot": 1.2200008195775989, "rpe_32m_trans": 0.06545729502516237, "rpe_32m_rot": 1.5344627197195146, "rpe_40m_trans": 0.07343232914073332, "rpe_40m_rot": 1.8422065856539338, "rpe_48m_trans": 0.08479632590894966, "rpe_48m_rot": 2.1333282990687494}