{"ape_trans": 1.6880349258573413, "ape_rot_deg": 14.03425919852295, "rpe_8m_trans": 1.1788598415452511, "rpe_8m_rot": 0.9392290472486629, "rpe_16m_trans": 1.7716100030888386, "rpe_16m_rot": 1.2402939263676152, "rpe_24m_trans": 2.2342734824088097, "rpe_24m_rot": 1.467811613390441, "rpe_32m_trans": 2.641896621964406, "rpe_32m_rot": 1.7005864250967844, "rpe_40m_trans": 3.1180533505401673, "rpe_40m_rot": 2.0092067909440363, "rpe_48m_trans": 3.3934538998130983, "rpe_48m_rot": 2.1405879500668}