{"rmse": 0.04651755971311979, "mean": 0.04265789209674026, "median": 0.040534164523488736, "std": 0.01855229375377963, "min": 0.006179770860623474, "max": 0.1275220011570557, "sse": 2.9558646720325665}