{"rmse": 0.17846371226933455, "mean": 0.15846558881025374, "median": 0.13912269089733675, "std": 0.08208503980611459, "min": 0.01674382341577536, "max": 0.33063980406411536, "sse": 30.5434754364768}