{"ape_trans": 1.0788041003914646, "ape_rot_deg": 9.876825364654033, "rpe_8m_trans": 0.8062457544987658, "rpe_8m_rot": 0.9629592531505321, "rpe_16m_trans": 1.1172375092816942, "rpe_16m_rot": 1.187658133091722, "rpe_24m_trans": 1.3522315069771327, "rpe_24m_rot": 1.40700239978421, "rpe_32m_trans": 1.5902385221986062, "rpe_32m_rot": 1.7072548049071934, "rpe_40m_trans": 1.8489316849245654, "rpe_40m_rot": 2.0130729385514288, "rpe_48m_trans": 2.1178905741200733, "rpe_48m_rot": 2.2924534379613832}