{"std": 0.042732825932438497, "rmse": 0.09859318006826327, "sse": 10.867647744377798, "max": 0.2848159266271568, "min": 0.004787580105485501, "median": 0.08397991194671944, "mean": 0.08885111560245543}