{"rmse": 2.0571344237721094, "mean": 2.000108515786228, "median": 1.682391752553693, "std": 0.4810072375210396, "min": 1.484044527264259, "max": 2.86695399887528, "sse": 2352.8819328323243}