{"ape_trans": 0.068314946853321, "ape_rot_deg": 0.9698630342210048, "rpe_8m_trans": 0.031020229795492436, "rpe_8m_rot": 0.695161195206908, "rpe_16m_trans": 0.04490851461992763, "rpe_16m_rot": 0.8479174656848839, "rpe_24m_trans": 0.05716310456378265, "rpe_24m_rot": 0.8966771443939449, "rpe_32m_trans": 0.06763552831878185, "rpe_32m_rot": 0.9229211812423895, "rpe_40m_trans": 0.07973203299739157, "rpe_40m_rot": 1.0100367086702944, "rpe_48m_trans": 0.09117233899547192, "rpe_48m_rot": 1.2035470943804645}