{"ape_trans": 0.7234563421002753, "ape_rot_deg": 9.529040107466374, "rpe_8m_trans": 1.406919218136646, "rpe_8m_rot": 3.136919314790862, "rpe_16m_trans": 1.563287133538292, "rpe_16m_rot": 3.663465331740807, "rpe_24m_trans": 2.251624794473123, "rpe_24m_rot": 4.849604705248346, "rpe_32m_trans": NaN, "rpe_32m_rot": NaN, "rpe_40m_trans": NaN, "rpe_40m_rot": NaN, "rpe_48m_trans": NaN, "rpe_48m_rot": NaN}