{"ape_trans": 0.11759823683116796, "ape_rot_deg": 4.992507186296514, "rpe_8m_trans": 0.057875883462015706, "rpe_8m_rot": 0.9063098001807444, "rpe_16m_trans": 0.08804607057328573, "rpe_16m_rot": 1.2438853902540064, "rpe_24m_trans": 0.11099275350796564, "rpe_24m_rot": 1.6897544036683942, "rpe_32m_trans": 0.13407864377171552, "rpe_32m_rot": 2.1672593170971344, "rpe_40m_trans": 0.16214724427871027, "rpe_40m_rot": 2.646514551541004, "rpe_48m_trans": 0.19015371394511232, "rpe_48m_rot": 3.134765757160527}