{"ape_trans": 0.37052788786635643, "ape_rot_deg": 9.189479789728805, "rpe_8m_trans": 0.1954262449379642, "rpe_8m_rot": 1.0717614536771611, "rpe_16m_trans": 0.34133043813869224, "rpe_16m_rot": 1.5389350068350802, "rpe_24m_trans": 0.40183616242553355, "rpe_24m_rot": 2.1212145255491395, "rpe_32m_trans": 0.5144386323750281, "rpe_32m_rot": 2.887910555745847, "rpe_40m_trans": 0.5939634346427612, "rpe_40m_rot": 3.674693925506195, "rpe_48m_trans": 0.7300272929564732, "rpe_48m_rot": 4.4187006281019565}