{"ape_trans": 4.287627111644726, "ape_rot_deg": 34.283900070063396, "rpe_8m_trans": 0.8246420310998009, "rpe_8m_rot": 0.8625919022776275, "rpe_16m_trans": 3.9458296710216065, "rpe_16m_rot": 1.5490986203375692, "rpe_24m_trans": 4.748472503118028, "rpe_24m_rot": 1.761582586367722, "rpe_32m_trans": 5.560096083291945, "rpe_32m_rot": 2.0271861347923084, "rpe_40m_trans": 6.263486146092997, "rpe_40m_rot": 2.300206959404457, "rpe_48m_trans": 6.998974451439226, "rpe_48m_rot": 2.558749439847772}