{"rmse": 129.73972770997256, "mean": 85.2984360867059, "median": 66.01359973032883, "std": 97.75772986020064, "min": 0.49123395236413653, "max": 546.8767189154632, "sse": 22925724.64080315}