{"rmse_8m_trans": 1.3150214981393025, "rmse_8m_rot": 5.557740483202174, "rmse_16m_trans": 1.2275396348097, "rmse_16m_rot": 7.57314682174289, "rmse_24m_trans": 1.5964078357743756, "rmse_24m_rot": 10.600160310377547, "rmse_32m_trans": 1.7933848009314328, "rmse_32m_rot": 13.752163410518195, "rmse_40m_trans": 1.8324583224327453, "rmse_40m_rot": 16.363900656539062, "rmse_48m_trans": 2.0558425947698042, "rmse_48m_rot": 19.415459322370992}