{"std": 0.029577184774203197, "rmse": 0.07124768463482015, "sse": 5.3503491243772165, "max": 0.1714897886480165, "min": 0.007366993962241973, "median": 0.059353143809523126, "mean": 0.06481838247484605}