{"rmse_8m_trans": 0.04890618589057131, "rmse_8m_rot": 0.7838825868121962, "rmse_16m_trans": 0.0674541500107587, "rmse_16m_rot": 0.9579175873799277, "rmse_24m_trans": 0.08203762489984381, "rmse_24m_rot": 1.115905844665355, "rmse_32m_trans": 0.09830984804474628, "rmse_32m_rot": 1.2671903699945766, "rmse_40m_trans": 0.11687834969779166, "rmse_40m_rot": 1.4344445013532017, "rmse_48m_trans": 0.13571065959154455, "rmse_48m_rot": 1.5654719483570476}