{"rmse": 0.17844426787210657, "mean": 0.13392406664373072, "median": 0.08952039097211767, "std": 0.11792667683784575, "min": 0.03254530338910884, "max": 0.5338808680011808, "sse": 47.604323320936125}