{"ape_trans": 24.328659958064677, "ape_rot_deg": 172.8589070777784, "rpe_8m_trans": 0.06435120150588408, "rpe_8m_rot": 1.2662413484287167, "rpe_16m_trans": 0.08133054070729685, "rpe_16m_rot": 1.5768119031300893, "rpe_24m_trans": 0.09956462858862983, "rpe_24m_rot": 1.8860675114194627, "rpe_32m_trans": 0.09686446403219716, "rpe_32m_rot": 2.0725671756065007, "rpe_40m_trans": 0.10155313621956932, "rpe_40m_rot": 2.411183208306184, "rpe_48m_trans": 20.883097020650528, "rpe_48m_rot": 7.6072269612515635}