{"rmse": 0.10285125234704581, "mean": 0.09412319552094423, "median": 0.09288512566619127, "std": 0.041463287065569225, "min": 0.0034988433902999726, "max": 0.29365422777512273, "sse": 30.38110767406956}