{"rmse": 8.54831280038424, "mean": 8.513331450313968, "median": 8.390879366660073, "std": 0.7725537847348317, "min": 7.224551753879497, "max": 10.591634151441541, "sse": 229305.1191388225}