{"ape_trans": 0.05932643845219818, "ape_rot_deg": 6.14722319546065, "rpe_8m_trans": 0.31165372687853093, "rpe_8m_rot": 3.647451975499232, "rpe_16m_trans": 0.2557956503096042, "rpe_16m_rot": 3.0190888234426927, "rpe_24m_trans": 0.2987336244101673, "rpe_24m_rot": 2.9504705079600195, "rpe_32m_trans": 0.25590029732830205, "rpe_32m_rot": 3.2055238188625217, "rpe_40m_trans": 0.24327674825083145, "rpe_40m_rot": 3.132352738864183, "rpe_48m_trans": 0.34437678123247906, "rpe_48m_rot": 3.4153063344426124}