{"ape_trans": 0.08860851608461785, "ape_rot_deg": 1.0745203245043786, "rpe_8m_trans": 0.07046211689660883, "rpe_8m_rot": 0.9780921466898461, "rpe_16m_trans": 0.07650639217398912, "rpe_16m_rot": 1.1726188240515718, "rpe_24m_trans": 0.09552240663838929, "rpe_24m_rot": 1.3478149027810398, "rpe_32m_trans": 0.11176926366949338, "rpe_32m_rot": 1.5507480023703193, "rpe_40m_trans": 0.11933844505374618, "rpe_40m_rot": 1.771665212277856, "rpe_48m_trans": 0.11582897126185339, "rpe_48m_rot": 1.8180180378915523}