{"rmse": 0.5603442867014401, "mean": 0.5255462385800405, "median": 0.5699897679568147, "std": 0.1943884532407133, "min": 0.10865693235837665, "max": 1.0815233186882924, "sse": 409.1233926895462}