{"std": 1.202913566486551, "rmse": 3.7428605021257026, "sse": 11277.248814389997, "max": 7.1724369616375006, "min": 0.8309025438375384, "median": 3.6811476805648806, "mean": 3.544291704972275}