{"std": 0.09599422154076691, "rmse": 0.3166133481095646, "sse": 98.64010800592996, "max": 0.4436478294877687, "min": 0.09084274692457095, "median": 0.3473820410174324, "mean": 0.30171032735378894}