{"ape_trans": 0.2513654852207645, "ape_rot_deg": 5.83215177859436, "rpe_8m_trans": 0.1661911503386456, "rpe_8m_rot": 1.0032518891024484, "rpe_16m_trans": 0.29107469280083803, "rpe_16m_rot": 1.3850824536359856, "rpe_24m_trans": 0.33134419331723686, "rpe_24m_rot": 1.9587629133387225, "rpe_32m_trans": 0.4306680805654379, "rpe_32m_rot": 2.5719299254374164, "rpe_40m_trans": 0.4062151489605841, "rpe_40m_rot": 3.2175628936918828, "rpe_48m_trans": 0.5146242508565949, "rpe_48m_rot": 3.7420262184006097}