{"rmse": 1.8768476236024993, "mean": 1.855945539808156, "median": 1.82545680866883, "std": 0.2793262527736371, "min": 1.0206778780283996, "max": 3.0920390914705016, "sse": 7326.918564622487}