{"ape_trans": 0.1818548325915033, "ape_rot_deg": 6.807929291605622, "rpe_8m_trans": 0.0776332315627614, "rpe_8m_rot": 0.779712595016973, "rpe_16m_trans": 0.11206663666335123, "rpe_16m_rot": 0.8908963649280448, "rpe_24m_trans": 0.1445995835890664, "rpe_24m_rot": 1.04976601856036, "rpe_32m_trans": 0.18152004018723858, "rpe_32m_rot": 1.280176294374192, "rpe_40m_trans": 0.22402898945958452, "rpe_40m_rot": 1.435302257122054, "rpe_48m_trans": 0.2747915511040069, "rpe_48m_rot": 1.6038953028075205}