{"rmse": 0.07024771450754519, "mean": 0.06471331385815217, "median": 0.06645663430248841, "std": 0.027329990907972578, "min": 0.008928473809385159, "max": 0.13685768557520872, "sse": 12.544112622362345}