{"ape_trans": 0.2332959195311273, "ape_rot_deg": 1.541074864379003, "rpe_8m_trans": 0.18690342658408265, "rpe_8m_rot": 0.7049449254278383, "rpe_16m_trans": 0.3042359118336806, "rpe_16m_rot": 0.9866344254918158, "rpe_24m_trans": 0.34792426859437475, "rpe_24m_rot": 1.1309747135182333, "rpe_32m_trans": 0.42938400768857055, "rpe_32m_rot": 1.4578953617128196, "rpe_40m_trans": 0.4116299364944828, "rpe_40m_rot": 1.6628053814218613, "rpe_48m_trans": 0.47768438576933053, "rpe_48m_rot": 1.935864437404033}