{"rmse": 0.9506274193199489, "mean": 0.9332853683273983, "median": 0.9465003955221278, "std": 0.1807509657758388, "min": 0.5579317196569418, "max": 1.53947133181839, "sse": 619.0293558985906}