{"ape_trans": 8.493471670014703, "ape_rot_deg": 50.25225051607009, "rpe_8m_trans": 0.045412013237161306, "rpe_8m_rot": 1.0679409840443657, "rpe_16m_trans": 0.46364563483449706, "rpe_16m_rot": 1.1562205371393388, "rpe_24m_trans": 7.931416180591263, "rpe_24m_rot": 2.6688506428800403, "rpe_32m_trans": 10.800038248641583, "rpe_32m_rot": 3.432422264356175, "rpe_40m_trans": 14.036959762118451, "rpe_40m_rot": 4.340296476394214, "rpe_48m_trans": 16.62042097876643, "rpe_48m_rot": 4.758166565741236}