{"rmse": 2.4842854613102303, "mean": 2.25962882638616, "median": 2.2237387918269715, "std": 1.0323525658621133, "min": 0.6840420325364315, "max": 4.18620602392536, "sse": 10312.86767722651}