{"ape_trans": 0.18711951912696767, "ape_rot_deg": 6.216485414027901, "rpe_8m_trans": 0.1752033304456123, "rpe_8m_rot": 2.226709676895973, "rpe_16m_trans": 0.21021835622829468, "rpe_16m_rot": 3.1171426764455585, "rpe_24m_trans": 0.2535245945684937, "rpe_24m_rot": 4.001882476467619, "rpe_32m_trans": 0.31034087014697703, "rpe_32m_rot": 4.706390762880549, "rpe_40m_trans": 0.34947951700250796, "rpe_40m_rot": 4.867880052122592, "rpe_48m_trans": 0.39286810106562714, "rpe_48m_rot": 5.551801632989069}