{"rmse": 0.4640060035486024, "mean": 0.4304260417895827, "median": 0.3916987742442389, "std": 0.17330606994129774, "min": 0.13710226522244245, "max": 0.918821574154462, "sse": 478.18478992203245}