{"ape_trans": 0.20482827137468257, "ape_rot_deg": 3.6871687555693597, "rpe_8m_trans": 0.1505945069191381, "rpe_8m_rot": 1.620329380444617, "rpe_16m_trans": 0.21195740342858507, "rpe_16m_rot": 1.9717175110404725, "rpe_24m_trans": 0.2679009111557987, "rpe_24m_rot": 2.236729387394194, "rpe_32m_trans": 0.3172612363052173, "rpe_32m_rot": 2.0036753458482006, "rpe_40m_trans": 0.36848861980917164, "rpe_40m_rot": 1.3310682208233022, "rpe_48m_trans": 0.4160914706742034, "rpe_48m_rot": 1.988232197581322}