{"ape_trans": 0.04271606814298748, "ape_rot_deg": 1.3858342394203969, "rpe_8m_trans": 0.03936663362852363, "rpe_8m_rot": 0.9862894884035232, "rpe_16m_trans": 0.05808228404883669, "rpe_16m_rot": 1.1911345519417071, "rpe_24m_trans": 0.0647901074754859, "rpe_24m_rot": 1.4077725361940474, "rpe_32m_trans": 0.06859047466403619, "rpe_32m_rot": 1.6450165628110374, "rpe_40m_trans": 0.06946093876520153, "rpe_40m_rot": 1.9032789707695683, "rpe_48m_trans": 0.07132941697907169, "rpe_48m_rot": 2.0474500226174124}