{"rmse": 20.315233414491846, "mean": 20.105507629729892, "median": 18.451009811021713, "std": 2.911575456030479, "min": 13.258810893383478, "max": 26.08251300859921, "sse": 2264119.9758474794}