{"ape_trans": 0.042322056837434445, "ape_rot_deg": 1.302923757922221, "rpe_8m_trans": 0.04847863985945033, "rpe_8m_rot": 0.8013486145506304, "rpe_16m_trans": 0.05770914519703301, "rpe_16m_rot": 0.9413285178266938, "rpe_24m_trans": 0.06711295875135682, "rpe_24m_rot": 1.156748515945603, "rpe_32m_trans": 0.07342581311223573, "rpe_32m_rot": 1.226415661596272, "rpe_40m_trans": 0.08128319368602151, "rpe_40m_rot": 1.2432316451107182, "rpe_48m_trans": 0.10817102222763933, "rpe_48m_rot": 1.2394501379917542}