{"rmse_8m_trans": 0.06019227155142239, "rmse_8m_rot": 0.7887728796123561, "rmse_16m_trans": 0.07890533491633024, "rmse_16m_rot": 0.9604117230927545, "rmse_24m_trans": 0.09218652212902213, "rmse_24m_rot": 1.1043480149476808, "rmse_32m_trans": 0.1097860675943147, "rmse_32m_rot": 1.2118977266083648, "rmse_40m_trans": 0.12736182725618386, "rmse_40m_rot": 1.3410054223083332, "rmse_48m_trans": 0.14797281033698145, "rmse_48m_rot": 1.46079911482997}