{"ape_trans": 4.3604219070663754, "ape_rot_deg": 25.975755587696412, "rpe_8m_trans": 2.849839156308401, "rpe_8m_rot": 5.131411189634857, "rpe_16m_trans": 4.671749230465305, "rpe_16m_rot": 8.3722241821505, "rpe_24m_trans": 5.951526324112837, "rpe_24m_rot": 11.269834308007143, "rpe_32m_trans": 6.530552201975317, "rpe_32m_rot": 13.290735289842637, "rpe_40m_trans": 7.174264202947901, "rpe_40m_rot": 16.123336503162076, "rpe_48m_trans": 7.797230491973434, "rpe_48m_rot": 19.41024312379043}