{"std": 0.02846469975266366, "rmse": 0.05932643845219818, "sse": 4.892280556197218, "max": 0.12834550562833363, "min": 0.0008751875501357588, "median": 0.05166903267184235, "mean": 0.05205177391226131}