{"rmse": 0.2710846753775507, "mean": 0.23997794122699623, "median": 0.23057887919667897, "std": 0.12608524477116415, "min": 0.05639276258990746, "max": 0.562636330443599, "sse": 138.89024331440336}