{"ape_trans": 0.055323911942130426, "ape_rot_deg": 0.67096256024899, "rpe_8m_trans": 0.03435779205765838, "rpe_8m_rot": 0.7527841582235735, "rpe_16m_trans": 0.05112203962587915, "rpe_16m_rot": 0.9441170803571661, "rpe_24m_trans": 0.05902351672797041, "rpe_24m_rot": 0.9260916973541237, "rpe_32m_trans": 0.06808012294912269, "rpe_32m_rot": 0.9114371424848922, "rpe_40m_trans": 0.07478778370556356, "rpe_40m_rot": 0.8940132818879392, "rpe_48m_trans": 0.08165053655034657, "rpe_48m_rot": 0.8713845927284674}