{"ape_trans": 0.4134589245309003, "ape_rot_deg": 2.5285602256665194, "rpe_8m_trans": 0.3972746056032819, "rpe_8m_rot": 0.8707757160341336, "rpe_16m_trans": 0.5006577379035564, "rpe_16m_rot": 0.934668463852051, "rpe_24m_trans": 0.5903054344431924, "rpe_24m_rot": 0.9632277039786904, "rpe_32m_trans": 0.7046531883397633, "rpe_32m_rot": 0.999215681285997, "rpe_40m_trans": 0.759971023153166, "rpe_40m_rot": 0.9858962866546548, "rpe_48m_trans": 0.7618498231708144, "rpe_48m_rot": 1.0218588239428488}