{"ape_trans": 0.4134898666125982, "ape_rot_deg": 2.5295080982206777, "rpe_8m_trans": 0.3973102973444329, "rpe_8m_rot": 0.8707822726194535, "rpe_16m_trans": 0.5007059649356025, "rpe_16m_rot": 0.9346492491105456, "rpe_24m_trans": 0.5903706388821192, "rpe_24m_rot": 0.9634631352645582, "rpe_32m_trans": 0.7047295979846387, "rpe_32m_rot": 0.9991528929112449, "rpe_40m_trans": 0.7600621178012867, "rpe_40m_rot": 0.9868204516895227, "rpe_48m_trans": 0.7619367652590933, "rpe_48m_rot": 1.0217779628371562}