{"rmse": 0.3249108887556656, "mean": 0.2965799026705651, "median": 0.2898104231420009, "std": 0.1326930554472033, "min": 0.03877778499401497, "max": 0.6357305822755906, "sse": 101.76667054924461}