{"rmse": 0.6513325385869241, "mean": 0.6383736028024981, "median": 0.6215947630157411, "std": 0.12927961582185138, "min": 0.3665104197315248, "max": 1.4995049219987513, "sse": 179.45101407274277}