{"ape_trans": 0.3027116733953258, "ape_rot_deg": 0.7098566946590964, "rpe_8m_trans": 0.19494812671966308, "rpe_8m_rot": 0.546344707669547, "rpe_16m_trans": 0.298691191927171, "rpe_16m_rot": 0.6304021478933352, "rpe_24m_trans": 0.32816639404670295, "rpe_24m_rot": 0.7186308420490612, "rpe_32m_trans": 0.3872087122643914, "rpe_32m_rot": 0.7823201413671255, "rpe_40m_trans": 0.49684619419510617, "rpe_40m_rot": 0.9449908912928998, "rpe_48m_trans": 0.6561522141107194, "rpe_48m_rot": 0.9947368841164831}