{"rmse": 0.055320707939969065, "mean": 0.04913785125896075, "median": 0.045511715376358515, "std": 0.025413624311215542, "min": 0.005863831363793981, "max": 0.4544271208582914, "sse": 6.6869318884498945}