{"ape_trans": 0.10206289694239312, "ape_rot_deg": 4.326061197199985, "rpe_8m_trans": 0.052765173196599666, "rpe_8m_rot": 0.90250874235804, "rpe_16m_trans": 0.07794950287884815, "rpe_16m_rot": 1.2080199769242652, "rpe_24m_trans": 0.09993985485356026, "rpe_24m_rot": 1.6201678892502815, "rpe_32m_trans": 0.12047028953715581, "rpe_32m_rot": 2.069949605017356, "rpe_40m_trans": 0.14449573027374837, "rpe_40m_rot": 2.5313063017173483, "rpe_48m_trans": 0.16672001398479505, "rpe_48m_rot": 2.985110600674663}