{"ape_trans": 0.36458797108230945, "ape_rot_deg": 3.9052520925054828, "rpe_8m_trans": 0.24622874098246758, "rpe_8m_rot": 2.0541466846054384, "rpe_16m_trans": 0.4150342748066664, "rpe_16m_rot": 2.734178427251798, "rpe_24m_trans": 0.5583773400786861, "rpe_24m_rot": 3.7077112729697417, "rpe_32m_trans": 0.6571600740920209, "rpe_32m_rot": 4.441205953665904, "rpe_40m_trans": 0.6362259895232582, "rpe_40m_rot": 5.260400255597462, "rpe_48m_trans": 0.6768568622651913, "rpe_48m_rot": 6.420160850406048}