{"ape_trans": 0.24971653990148318, "ape_rot_deg": 3.1448990154251595, "rpe_8m_trans": 0.1860189888181553, "rpe_8m_rot": 1.7153189949462173, "rpe_16m_trans": 0.30836136986582885, "rpe_16m_rot": 2.34138317036025, "rpe_24m_trans": 0.40534961979217954, "rpe_24m_rot": 3.204685347529213, "rpe_32m_trans": 0.4446358310615173, "rpe_32m_rot": 3.8033295378476257, "rpe_40m_trans": 0.40821892148579975, "rpe_40m_rot": 4.493058586121775, "rpe_48m_trans": 0.4282365010134749, "rpe_48m_rot": 5.51832133407674}