{"rmse": 0.10991181717972617, "mean": 0.08978937348024202, "median": 0.0816583627198483, "std": 0.06339145025770555, "min": 0.008727129385827969, "max": 0.28623890679481917, "sse": 12.986653122430765}