{"rmse": 0.25057406788176323, "mean": 0.22228916134500942, "median": 0.19038307867855825, "std": 0.11564986918862831, "min": 0.04074704896200783, "max": 0.51232749399824, "sse": 131.47673915814153}