{"rmse": 1.4555621328114035, "mean": 1.4453860340526945, "median": 1.3665937347077692, "std": 0.17181482776496632, "min": 1.1539699230082439, "max": 1.9632484265830241, "sse": 1427.9775965478009}