{"rmse": 0.11927756613935941, "mean": 0.10899720299325436, "median": 0.11183095566583189, "std": 0.04844324022788486, "min": 0.01959188001760938, "max": 0.22361090864983763, "sse": 17.741240816809185}