{"rmse": 7.3290880212968865, "mean": 7.299065583111622, "median": 7.240435666223033, "std": 0.6627011674600616, "min": 6.266982177116949, "max": 9.434627616161702, "sse": 168559.33698065317}