{"ape_trans": 0.133850909243677, "ape_rot_deg": 2.0692359768344897, "rpe_8m_trans": 0.04777813405011945, "rpe_8m_rot": 0.9992314290487795, "rpe_16m_trans": 0.07210222888794612, "rpe_16m_rot": 1.2510694561841416, "rpe_24m_trans": 0.08829015723362316, "rpe_24m_rot": 1.5141844466501306, "rpe_32m_trans": 0.10934767758158673, "rpe_32m_rot": 1.8192379049511365, "rpe_40m_trans": 0.12603828121143018, "rpe_40m_rot": 2.128326323933042, "rpe_48m_trans": 0.14562154636399513, "rpe_48m_rot": 2.374136045771903}