{"ape_trans": 0.05888696744646415, "ape_rot_deg": 1.7778746782247092, "rpe_8m_trans": 0.03160128032254112, "rpe_8m_rot": 0.788025138704479, "rpe_16m_trans": 0.045109686912810414, "rpe_16m_rot": 1.1203865477653494, "rpe_24m_trans": 0.05521841945005806, "rpe_24m_rot": 1.3404439501108423, "rpe_32m_trans": 0.06286923778521102, "rpe_32m_rot": 1.4556146944127433, "rpe_40m_trans": 0.06915296472184987, "rpe_40m_rot": 1.6823446512888012, "rpe_48m_trans": 0.0753403164880152, "rpe_48m_rot": 1.9233783688690764}