{"std": 0.06218529371282179, "rmse": 0.10669899421008014, "sse": 12.192987316389146, "max": 0.2810287084149434, "min": 0.007384140264947934, "median": 0.06711286785529545, "mean": 0.0867044670780739}