{"rmse": 131.62126417529743, "mean": 130.77444998997973, "median": 118.09864970511337, "std": 14.906388325872973, "min": 115.77867736755049, "max": 161.87907131847845, "sse": 18242337.513807915}