{"rmse": 0.23625062994079404, "mean": 0.2251285657537852, "median": 0.21760961252092387, "std": 0.07163441232442419, "min": 0.04862776981190722, "max": 0.40912749378036084, "sse": 77.3587031643269}