{"rmse": 0.09603342306900803, "mean": 0.09274854053603598, "median": 0.09048408291991532, "std": 0.024902340749141952, "min": 0.017620867684214277, "max": 0.14267720610079213, "sse": 7.2949329119637065}