{"rmse": 0.058799556953851126, "mean": 0.05256640513017337, "median": 0.05198251990853451, "std": 0.026346934350312306, "min": 0.0017609210107389563, "max": 0.16256324087642507, "sse": 7.554392557062664}