{"rmse": 9.113958097625062, "mean": 8.997345338161544, "median": 8.747909866467705, "std": 1.4532752908957578, "min": 3.4772299258060206, "max": 13.400667875454557, "sse": 455524.2494136756}