{"ape_trans": 0.21180191675475793, "ape_rot_deg": 7.255731772808368, "rpe_8m_trans": 0.09561820542334344, "rpe_8m_rot": 0.795008722230003, "rpe_16m_trans": 0.13987654241393582, "rpe_16m_rot": 0.9186966535385905, "rpe_24m_trans": 0.17917600393205907, "rpe_24m_rot": 1.1048671522522655, "rpe_32m_trans": 0.22096909862529554, "rpe_32m_rot": 1.3702879239920882, "rpe_40m_trans": 0.27081153111971523, "rpe_40m_rot": 1.5684668065384924, "rpe_48m_trans": 0.33207538482390664, "rpe_48m_rot": 1.7794032739462817}