{"rmse": 26.081106369217654, "mean": 25.671491141028625, "median": 22.44794954977658, "std": 4.604199391700416, "min": 20.531243044051497, "max": 32.66054035611933, "sse": 1734571.4790782367}