{"ape_trans": 0.3531859960059342, "ape_rot_deg": 4.970446929121661, "rpe_8m_trans": 0.2044602786359293, "rpe_8m_rot": 2.1007165271319996, "rpe_16m_trans": 0.3172200695417432, "rpe_16m_rot": 2.7476595691416072, "rpe_24m_trans": 0.4444744211776943, "rpe_24m_rot": 3.612271171907276, "rpe_32m_trans": 0.5131537354053305, "rpe_32m_rot": 4.410550824771717, "rpe_40m_trans": 0.5521937317924284, "rpe_40m_rot": 5.065644019601361, "rpe_48m_trans": 0.6586568735670558, "rpe_48m_rot": 6.16717915350553}