{"ape_trans": 0.2556952211031673, "ape_rot_deg": 1.3402305200590294, "rpe_8m_trans": 0.1925692740188695, "rpe_8m_rot": 1.105595060264144, "rpe_16m_trans": 0.30556565338732095, "rpe_16m_rot": 1.4280669818069893, "rpe_24m_trans": 0.39035922612039164, "rpe_24m_rot": 1.4656623425949515, "rpe_32m_trans": 0.3989235578841643, "rpe_32m_rot": 1.5633921691656143, "rpe_40m_trans": 0.4972578323107643, "rpe_40m_rot": 1.8830418900295516, "rpe_48m_trans": 0.6195699035193677, "rpe_48m_rot": 2.0443322009297584}