{"rmse": 0.8526863861805501, "mean": 0.7861210194987941, "median": 0.733735877414688, "std": 0.33028444692389464, "min": 0.3458600116021918, "max": 3.3752515384076904, "sse": 753.2487398120415}