{"ape_trans": 2.0046592665587197, "ape_rot_deg": 15.52369586575344, "rpe_8m_trans": 1.4958355713041362, "rpe_8m_rot": 2.4547943010208306, "rpe_16m_trans": 2.9521302104270664, "rpe_16m_rot": 4.640698337481676, "rpe_24m_trans": 3.927836437907515, "rpe_24m_rot": 6.196933330043511, "rpe_32m_trans": 4.149652999309245, "rpe_32m_rot": 6.6574054490583325, "rpe_40m_trans": 4.185559839672245, "rpe_40m_rot": 6.645097532727113, "rpe_48m_trans": 4.152942270769328, "rpe_48m_rot": 6.64503739086937}