{"rmse": 0.5237467023378897, "mean": 0.42057152793223945, "median": 0.31021218910436105, "std": 0.31213810741810344, "min": 0.01776331225388513, "max": 1.6789465364747038, "sse": 327.80117681072767}