{"rmse": 0.37052788786635643, "mean": 0.33118091789817805, "median": 0.31833684618827085, "std": 0.166162917965542, "min": 0.0868863786166898, "max": 0.8770286604632905, "sse": 249.320302887053}