{"ape_trans": 1.555416904185813, "ape_rot_deg": 14.213926288172457, "rpe_8m_trans": 1.2030519192632976, "rpe_8m_rot": 3.190221426810776, "rpe_16m_trans": 1.886569373721053, "rpe_16m_rot": 4.620710166075322, "rpe_24m_trans": 2.523020558319555, "rpe_24m_rot": 6.2312909576274205, "rpe_32m_trans": 3.021143780981565, "rpe_32m_rot": 6.92155733236367, "rpe_40m_trans": 3.173640353362519, "rpe_40m_rot": 6.726025679512521, "rpe_48m_trans": 3.3357194138620145, "rpe_48m_rot": 5.662116302489357}