{"rmse": 0.41388447767222303, "mean": 0.4108777592184659, "median": 0.4164119602278287, "std": 0.04979786981007545, "min": 0.2391971263004297, "max": 0.49460786452383876, "sse": 178.49497601404525}