{"ape_trans": 0.0659136658900897, "ape_rot_deg": 1.2326925852802386, "rpe_8m_trans": 0.034383370266505, "rpe_8m_rot": 0.7319911944414665, "rpe_16m_trans": 0.049075210592566997, "rpe_16m_rot": 0.9740387731364507, "rpe_24m_trans": 0.06167790560489789, "rpe_24m_rot": 1.1330933100431844, "rpe_32m_trans": 0.07275392805432447, "rpe_32m_rot": 1.2424851639031802, "rpe_40m_trans": 0.08004932834438051, "rpe_40m_rot": 1.379345961939073, "rpe_48m_trans": 0.08824437129101255, "rpe_48m_rot": 1.5416717981978671}