{"rmse_8m_trans": 0.19119665829920865, "rmse_8m_rot": 1.6391032575533406, "rmse_16m_trans": 0.26359242967759633, "rmse_16m_rot": 1.757249055003069, "rmse_24m_trans": 0.31546827777562875, "rmse_24m_rot": 2.025976962914721, "rmse_32m_trans": 0.3603964881068761, "rmse_32m_rot": 2.2233417390007655, "rmse_40m_trans": 0.39910022058577926, "rmse_40m_rot": 2.202922067864842, "rmse_48m_trans": 0.48835535082633336, "rmse_48m_rot": 2.528031163220002}