{"std": 1.0332348450797906, "rmse": 5.108027113623727, "sse": 150994.06252947217, "max": 6.455250625542307, "min": 3.7201118096672645, "median": 4.478217457542449, "mean": 5.002436081393554}