{"std": 1.2172980968205744, "rmse": 6.036322441877144, "sse": 210862.01055730594, "max": 7.557897597618163, "min": 4.322405447633503, "median": 5.279419460290254, "mean": 5.912306991842242}