{"std": 0.04314234332202638, "rmse": 0.08018612141760496, "sse": 6.912050123098801, "max": 0.20432785693381378, "min": 0.003969466539315761, "median": 0.05896244702252479, "mean": 0.06759106657453551}