{"rmse": 0.15788051514952567, "mean": 0.13802659257527106, "median": 0.11738825663256319, "std": 0.07664800588364798, "min": 0.012631205860900451, "max": 0.5584779683620422, "sse": 27.84262914035352}