{"rmse": 0.5701800169903309, "mean": 0.3685970001475962, "median": 0.22095110475681798, "std": 0.43501896884766644, "min": 0.06289275961990394, "max": 1.7145296611368117, "sse": 129.06678495471235}