{"ape_trans": 36.8505150830555, "ape_rot_deg": 66.12740634574274, "rpe_8m_trans": 4.53136352405535, "rpe_8m_rot": 1.9951965894317785, "rpe_16m_trans": 8.973924200046795, "rpe_16m_rot": 2.77321189469535, "rpe_24m_trans": 13.34832150778651, "rpe_24m_rot": 3.3793661230310783, "rpe_32m_trans": 18.662237784326823, "rpe_32m_rot": 3.7011815502019205, "rpe_40m_trans": 24.789083211694038, "rpe_40m_rot": 3.9878537158849694, "rpe_48m_trans": 32.11859818780438, "rpe_48m_rot": 4.448613723111517}