{"rmse": 0.4958373393761991, "mean": 0.4901580554430842, "median": 0.4716632094502051, "std": 0.0748314626605849, "min": 0.2912245839414719, "max": 0.7031309474658778, "sse": 261.5893658153268}