{"ape_trans": 0.30969912431061886, "ape_rot_deg": 18.757854418830977, "rpe_8m_trans": 0.36751359568330383, "rpe_8m_rot": 0.5370466912404492, "rpe_16m_trans": 0.6111200212296947, "rpe_16m_rot": 0.5892104184741185, "rpe_24m_trans": 0.7123362703631085, "rpe_24m_rot": 0.6446573517266253, "rpe_32m_trans": 0.72085516452984, "rpe_32m_rot": 0.602299019500211, "rpe_40m_trans": NaN, "rpe_40m_rot": NaN, "rpe_48m_trans": NaN, "rpe_48m_rot": NaN}