{"rmse": 4.289538252686072, "mean": 4.244196157310896, "median": 4.241477199692664, "std": 0.6220429241816875, "min": 3.0413992777633845, "max": 7.43389471363475, "sse": 27103.403894511684}