{"std": 0.17312172898021486, "rmse": 0.4093602852205329, "sse": 51.445783836561674, "max": 0.8321016388213625, "min": 0.08817892937327877, "median": 0.339494291018576, "mean": 0.370951088515369}