{"ape_trans": 0.3969312198750095, "ape_rot_deg": 3.604993813155388, "rpe_8m_trans": 0.2615994153036606, "rpe_8m_rot": 1.8969032028965358, "rpe_16m_trans": 0.4380069866191232, "rpe_16m_rot": 2.4734207400470183, "rpe_24m_trans": 0.5761022886201846, "rpe_24m_rot": 3.3174499527774777, "rpe_32m_trans": 0.6680051588187266, "rpe_32m_rot": 3.9322944682368863, "rpe_40m_trans": 0.6625065691457506, "rpe_40m_rot": 4.61861489269691, "rpe_48m_trans": 0.7389110399220642, "rpe_48m_rot": 5.628083385694928}