{"rmse": 0.055663076328284385, "mean": 0.05369751936929146, "median": 0.0511261770883679, "std": 0.014661325994362937, "min": 0.004067888442491127, "max": 0.093766526933361, "sse": 8.783901818041052}