{"rmse": 1.332229249858069, "mean": 1.2831184452210425, "median": 1.0987261143092686, "std": 0.35838782026029825, "min": 0.8203697952252087, "max": 2.042441630212839, "sse": 1013.4306560552915}