{"ape_trans": 0.07429339641856267, "ape_rot_deg": 1.3510609960911806, "rpe_8m_trans": 0.04124734682707971, "rpe_8m_rot": 0.7325207113432132, "rpe_16m_trans": 0.05866801813852111, "rpe_16m_rot": 0.9843676935941811, "rpe_24m_trans": 0.07157949217204876, "rpe_24m_rot": 1.1547346693445724, "rpe_32m_trans": 0.08194349604688955, "rpe_32m_rot": 1.206875622234235, "rpe_40m_trans": 0.09385785661575062, "rpe_40m_rot": 1.3335412612196484, "rpe_48m_trans": 0.10013709978217655, "rpe_48m_rot": 1.4855724797764513}