{"rmse": 2.177527746200402, "mean": 2.1193090174737748, "median": 1.7758639336996134, "std": 0.5001563494817843, "min": 1.60083128685802, "max": 3.0488630090784974, "sse": 2645.8279136937117}