{"ape_trans": 0.12225586938432517, "ape_rot_deg": 1.049582873683438, "rpe_8m_trans": 0.09300626010063424, "rpe_8m_rot": 1.0273987652949963, "rpe_16m_trans": 0.10221528757292266, "rpe_16m_rot": 1.196177706442568, "rpe_24m_trans": 0.11971120751813503, "rpe_24m_rot": 1.381039112755598, "rpe_32m_trans": 0.14119976740709017, "rpe_32m_rot": 1.617844234074894, "rpe_40m_trans": 0.14776675990466015, "rpe_40m_rot": 1.8164218786178181, "rpe_48m_trans": 0.14160857535781307, "rpe_48m_rot": 1.9269744038237857}