{"ape_trans": 10.810304303191673, "ape_rot_deg": 41.449082892277225, "rpe_8m_trans": 1.2209639031651776, "rpe_8m_rot": 7.511366842195266, "rpe_16m_trans": 1.6969669033749872, "rpe_16m_rot": 14.1904930768744, "rpe_24m_trans": 3.1631899089986817, "rpe_24m_rot": 19.825340839696107, "rpe_32m_trans": 30.72941255536143, "rpe_32m_rot": 99.0707705663708, "rpe_40m_trans": 32.46621703690736, "rpe_40m_rot": 106.01214963304709, "rpe_48m_trans": 32.37726783740717, "rpe_48m_rot": 113.17865569560826}