{"ape_trans": 0.04737929667614748, "ape_rot_deg": 0.7942879164209066, "rpe_8m_trans": 0.04833982303916856, "rpe_8m_rot": 0.7764092711571124, "rpe_16m_trans": 0.0574975117416016, "rpe_16m_rot": 0.9227736204416563, "rpe_24m_trans": 0.0672331254435295, "rpe_24m_rot": 1.04540944142546, "rpe_32m_trans": 0.07573805830453448, "rpe_32m_rot": 1.117696415806924, "rpe_40m_trans": 0.08938568655160047, "rpe_40m_rot": 1.124141910829566, "rpe_48m_trans": 0.11020545769221254, "rpe_48m_rot": 1.125264478776855}