{"std": 0.8814730550042432, "rmse": 2.1808327165024295, "sse": 2149.7261644900495, "max": 4.49786381637369, "min": 0.6512512599844236, "median": 1.7825528621077322, "mean": 1.9947522629812584}