{"rmse": 3.13556953758602, "mean": 3.130716147750795, "median": 3.115006149102915, "std": 0.17439245181436935, "min": 2.7767152511504425, "max": 3.6071554291563124, "sse": 9625.328602211623}