{"ape_trans": 0.5132650387136647, "ape_rot_deg": 7.964369900437297, "rpe_8m_trans": 0.3025072182077611, "rpe_8m_rot": 1.7289031466020968, "rpe_16m_trans": 0.49864898825792053, "rpe_16m_rot": 2.1840034332064784, "rpe_24m_trans": 0.6035138650648733, "rpe_24m_rot": 2.8119041903578132, "rpe_32m_trans": 0.7595627362483218, "rpe_32m_rot": 3.7831512485055265, "rpe_40m_trans": 0.8784274850987212, "rpe_40m_rot": 4.872055934857169, "rpe_48m_trans": 1.0967563367973192, "rpe_48m_rot": 5.652054912242586}