{"ape_trans": 0.32491151717937916, "ape_rot_deg": 3.4234216599072336, "rpe_8m_trans": 0.2901640313364701, "rpe_8m_rot": 1.7739689656023803, "rpe_16m_trans": 0.42232266945283625, "rpe_16m_rot": 2.4726051766927215, "rpe_24m_trans": 0.4706734832209315, "rpe_24m_rot": 2.7316777902557745, "rpe_32m_trans": 0.5621184745634029, "rpe_32m_rot": 3.0498902318527192, "rpe_40m_trans": 0.6022916455904666, "rpe_40m_rot": 3.7613953216016665, "rpe_48m_trans": 0.6138199172859019, "rpe_48m_rot": 4.325447492264549}