{"std": 0.022912647481998442, "rmse": 0.051420013701838074, "sse": 5.777178912877416, "max": 0.10363463326585357, "min": 0.006839672813831436, "median": 0.039678570291629876, "mean": 0.046032905561814}