{"std": 0.013915877950408882, "rmse": 0.036899830066304456, "sse": 2.97509044774489, "max": 0.10311709477366925, "min": 0.0035202187197585066, "median": 0.032395409767236164, "mean": 0.03417522201524769}