{"ape_trans": 13.733065335132176, "ape_rot_deg": 67.76203877778785, "rpe_8m_trans": 1.215633249664304, "rpe_8m_rot": 1.1329563251506745, "rpe_16m_trans": 1.2526328017923138, "rpe_16m_rot": 1.139232661516139, "rpe_24m_trans": 1.481007563904, "rpe_24m_rot": 1.3298125344429348, "rpe_32m_trans": 14.878701555484295, "rpe_32m_rot": 8.006178342024631, "rpe_40m_trans": 21.155738529981004, "rpe_40m_rot": 11.340378308923906, "rpe_48m_trans": 25.18912399827265, "rpe_48m_rot": 13.38598975443178}