{"ape_trans": 0.4643533220904502, "ape_rot_deg": 14.31113030513585, "rpe_8m_trans": 0.1692363617997477, "rpe_8m_rot": 3.377375708487559, "rpe_16m_trans": 0.2924925495097429, "rpe_16m_rot": 5.792367052788724, "rpe_24m_trans": 0.3535836191626122, "rpe_24m_rot": 8.016702472274151, "rpe_32m_trans": 0.4161317907268692, "rpe_32m_rot": 10.50764682232984, "rpe_40m_trans": 0.4967275522100537, "rpe_40m_rot": 12.91802495394007, "rpe_48m_trans": 0.5977855635919924, "rpe_48m_rot": 15.317108746399013}