{"std": 0.0875935529582654, "rmse": 0.2859355366950141, "sse": 79.79691199758416, "max": 0.43044985388440193, "min": 0.05780255708777544, "median": 0.2825438984372902, "mean": 0.2721883550507135}