{"rmse": 0.15601713677719808, "mean": 0.14560883967686442, "median": 0.14116813884891488, "std": 0.05603046292966105, "min": 0.036202529465175375, "max": 0.34983425520196426, "sse": 44.203886094169356}