{"ape_trans": 1.4740542787155242, "ape_rot_deg": 8.360647704317355, "rpe_8m_trans": 1.1100374161412683, "rpe_8m_rot": 1.2311763412024688, "rpe_16m_trans": 1.6049461320201468, "rpe_16m_rot": 1.6972598933370304, "rpe_24m_trans": 2.0305174313745313, "rpe_24m_rot": 2.098128817427849, "rpe_32m_trans": 2.452417896619708, "rpe_32m_rot": 2.582681127134213, "rpe_40m_trans": 2.907406764284444, "rpe_40m_rot": 3.077534018224766, "rpe_48m_trans": 2.92043518619985, "rpe_48m_rot": 3.1601204447198605}