{"rmse": 36.86517513941876, "mean": 34.02274129257085, "median": 29.447383031050347, "std": 14.194865726691951, "min": 24.938766152737568, "max": 128.50892788311592, "sse": 1607745.6663250027}