{"std": 9.660894733046952, "rmse": 17.912434772486485, "sse": 42352.90217117295, "max": 53.123377568020345, "min": 7.3471700220760345, "median": 12.565655074717018, "mean": 15.083846738666121}