{"std": 1.440542898172997, "rmse": 5.468529279822148, "sse": 143273.9566121478, "max": 8.362365888547226, "min": 2.818163999371366, "median": 4.9595685331209225, "mean": 5.275381374156325}