{"std": 2.702532750671926, "rmse": 10.740073734227419, "sse": 553099.3364007969, "max": 15.852329428363392, "min": 6.325463956063799, "median": 8.96286421986786, "mean": 10.394493761034605}