{"std": 0.07334984631199831, "rmse": 0.2557710159354802, "sse": 63.84876109044362, "max": 0.37894046874435994, "min": 0.03892647871981921, "median": 0.2852062848540374, "mean": 0.24502777932037395}