{"rmse": 1.4209196136635953, "mean": 1.4199906780219596, "median": 1.4343918759882226, "std": 0.05137142030970708, "min": 1.2414572669290223, "max": 1.5768062706888628, "sse": 4084.4623856031617}