{"ape_trans": 0.6101311421292952, "ape_rot_deg": 28.313674731088746, "rpe_8m_trans": 0.5839536710770094, "rpe_8m_rot": 1.1522504640549336, "rpe_16m_trans": 0.968038066058943, "rpe_16m_rot": 1.4731251911293937, "rpe_24m_trans": 1.3152155275102264, "rpe_24m_rot": 1.8944698624841014, "rpe_32m_trans": 1.388034068549549, "rpe_32m_rot": 1.9708857107735496, "rpe_40m_trans": 1.3913054185947822, "rpe_40m_rot": 2.0332871215208272, "rpe_48m_trans": 1.3891572123243225, "rpe_48m_rot": 2.3205237766682267}