{"rmse": 0.4134898666125982, "mean": 0.4104844511583074, "median": 0.4159648728676624, "std": 0.04976329117499584, "min": 0.23883577582658194, "max": 0.4942680882016007, "sse": 178.15477232253903}