{"rmse": 0.25679426586142867, "mean": 0.22832622531605515, "median": 0.22342122296255962, "std": 0.11751778508903295, "min": 0.03455055840537495, "max": 0.5361374035330985, "sse": 84.27553098355834}