{"ape_trans": 4.523570425755972, "ape_rot_deg": 18.734762280029997, "rpe_8m_trans": 2.86535681002123, "rpe_8m_rot": 5.124623628698529, "rpe_16m_trans": 4.370652632575866, "rpe_16m_rot": 8.591856938155964, "rpe_24m_trans": 5.359313744889289, "rpe_24m_rot": 10.59628855060263, "rpe_32m_trans": 6.198812919308005, "rpe_32m_rot": 12.28465307678625, "rpe_40m_trans": 6.736600720449743, "rpe_40m_rot": 15.14821275648119, "rpe_48m_trans": 7.424717211592094, "rpe_48m_rot": 17.05980636270249}