{"ape_trans": 0.33920909908625735, "ape_rot_deg": 0.8299546346717448, "rpe_8m_trans": 0.2290583755865339, "rpe_8m_rot": 0.6539041588539106, "rpe_16m_trans": 0.35561175272043954, "rpe_16m_rot": 0.7436261789387669, "rpe_24m_trans": 0.41101815447722706, "rpe_24m_rot": 0.8992810667307801, "rpe_32m_trans": 0.461242428908884, "rpe_32m_rot": 0.9705845106603782, "rpe_40m_trans": 0.5666376050100967, "rpe_40m_rot": 1.0989809346084554, "rpe_48m_trans": 0.7453602573209718, "rpe_48m_rot": 1.1813605436775394}