{"rmse": 0.08106127788859172, "mean": 0.07652485782369482, "median": 0.07795289886221121, "std": 0.026737182125175077, "min": 0.005672641169795892, "max": 0.2607930952793478, "sse": 18.142339864063835}