{"ape_trans": 0.12017979027024024, "ape_rot_deg": 2.3245176760600237, "rpe_8m_trans": 0.10559001324171387, "rpe_8m_rot": 1.4094312986531499, "rpe_16m_trans": 0.13591706795716305, "rpe_16m_rot": 1.4597623982209629, "rpe_24m_trans": 0.16170918524828498, "rpe_24m_rot": 1.7447762965440063, "rpe_32m_trans": 0.2008096190375607, "rpe_32m_rot": 2.1254842701174574, "rpe_40m_trans": 0.21957069522197462, "rpe_40m_rot": 2.467154145504754, "rpe_48m_trans": 0.24308583474179155, "rpe_48m_rot": 2.9093431281534032}