{"rmse": 0.07945532195798284, "mean": 0.07014452309355312, "median": 0.06500681987185691, "std": 0.03732149605019474, "min": 0.006700934687397846, "max": 0.3148772874893165, "sse": 18.13136159434695}