{"rmse": 0.48431662902836103, "mean": 0.4334987006449553, "median": 0.4096098799153569, "std": 0.21596637167052296, "min": 0.09725346694152157, "max": 0.9638093389734909, "sse": 253.3276049256667}