{"rmse": 25.77262742930501, "mean": 25.367686615536275, "median": 22.188094959677926, "std": 4.5506922974100315, "min": 20.229081520579243, "max": 32.22539223136633, "sse": 1693782.227754901}