{"ape_trans": 24.211140912711876, "ape_rot_deg": 167.84012742815662, "rpe_8m_trans": 0.05837042258219326, "rpe_8m_rot": 1.3751369967290807, "rpe_16m_trans": 0.05742001235331868, "rpe_16m_rot": 1.3621414650035113, "rpe_24m_trans": 0.06260053803731602, "rpe_24m_rot": 1.325611126120672, "rpe_32m_trans": 0.0713531478750367, "rpe_32m_rot": 1.4415779588716937, "rpe_40m_trans": 0.09015244340787197, "rpe_40m_rot": 1.479917970798608, "rpe_48m_trans": 21.795708423270206, "rpe_48m_rot": 8.964656782793869}