{"rmse": 0.4856562415699308, "mean": 0.44976768876826145, "median": 0.41635072774571535, "std": 0.1832239370712444, "min": 0.13517942374379743, "max": 1.1926154957310333, "sse": 281.85507204611804}