{"std": 0.05048701245989604, "rmse": 0.08715793798933165, "sse": 8.173840622298146, "max": 0.23932832810583032, "min": 0.0024146367523474456, "median": 0.05706611631374372, "mean": 0.07104623654653695}