{"rmse": 0.8614455711170655, "mean": 0.859603511790061, "median": 0.8643299804464807, "std": 0.05630519083887046, "min": 0.6984314381798216, "max": 0.9836924902929505, "sse": 741.34638352521}