{"ape_trans": 0.19682558277148643, "ape_rot_deg": 1.3955143388075397, "rpe_8m_trans": 0.17056513378812507, "rpe_8m_rot": 0.7212243574168044, "rpe_16m_trans": 0.27808025952884957, "rpe_16m_rot": 0.9770909792089435, "rpe_24m_trans": 0.310691941192182, "rpe_24m_rot": 1.1215478402113572, "rpe_32m_trans": 0.38588973014832895, "rpe_32m_rot": 1.4059649720987861, "rpe_40m_trans": 0.36613954704958296, "rpe_40m_rot": 1.661083884307826, "rpe_48m_trans": 0.40576246123962767, "rpe_48m_rot": 1.9275228945510878}