{"std": 10.923204048658809, "rmse": 133.78214355455117, "sse": 55375366.023952365, "max": 147.97435145996934, "min": 122.07116882098603, "median": 124.6387563293692, "mean": 133.3354624522745}