{"std": 0.04369867643045431, "rmse": 0.09110341736620323, "sse": 9.345611570431497, "max": 0.26148874230547353, "min": 0.006256929391885675, "median": 0.0747911008298823, "mean": 0.07993909140106031}