{"rmse": 0.4244239447262017, "mean": 0.40313804635263223, "median": 0.3917458893999901, "std": 0.13272302151447907, "min": 0.13423660424387018, "max": 0.636694828977911, "sse": 355.94811327733305}