{"ape_trans": 0.4884815193698618, "ape_rot_deg": 15.43946706820055, "rpe_8m_trans": 0.17286096294889108, "rpe_8m_rot": 1.5095529304581723, "rpe_16m_trans": 0.2520655706292638, "rpe_16m_rot": 2.1991828676142133, "rpe_24m_trans": 0.3445448971087748, "rpe_24m_rot": 2.6849465832033697, "rpe_32m_trans": 0.4496989963206341, "rpe_32m_rot": 3.12105799638921, "rpe_40m_trans": 0.5485488560025393, "rpe_40m_rot": 3.388812908487454, "rpe_48m_trans": 0.6654905455584588, "rpe_48m_rot": 3.674716282981756}