{"ape_trans": 0.1021287773926158, "ape_rot_deg": 2.3742024062007867, "rpe_8m_trans": 0.11255282917925329, "rpe_8m_rot": 1.4748818460474253, "rpe_16m_trans": 0.13394851127648888, "rpe_16m_rot": 1.5856942007284445, "rpe_24m_trans": 0.14809591366097946, "rpe_24m_rot": 1.9275579989296987, "rpe_32m_trans": 0.1729402780431403, "rpe_32m_rot": 2.3631625894032613, "rpe_40m_trans": 0.17231446801578904, "rpe_40m_rot": 2.7341080878176736, "rpe_48m_trans": 0.17542178845056516, "rpe_48m_rot": 3.199902943629427}