{"rmse": 21.8326721439429, "mean": 21.696816101658655, "median": 19.939706589869644, "std": 2.431819071334458, "min": 19.033538351280303, "max": 25.59177338673411, "sse": 857998.0313008205}