{"rmse": 3.0715175774650834, "mean": 3.0612806936478245, "median": 2.949179298824853, "std": 0.2505608576295785, "min": 2.6877824240135033, "max": 3.672284283949179, "sse": 4320.872864734054}