{"rmse": 0.3531859960059342, "mean": 0.3222043382500732, "median": 0.34742072664261436, "std": 0.1446537665860664, "min": 0.030774465096761863, "max": 0.6835577438039535, "sse": 110.51994812838754}