{"std": 0.08574742872035675, "rmse": 0.21859783192840124, "sse": 42.241950717437035, "max": 0.4124082074335968, "min": 0.04372171936726844, "median": 0.19818895653518348, "mean": 0.20107807088701862}