{"ape_trans": 3.134041973351051, "ape_rot_deg": 17.05958486978587, "rpe_8m_trans": 1.0508212704110245, "rpe_8m_rot": 0.926217635063936, "rpe_16m_trans": 3.148920982334118, "rpe_16m_rot": 2.181504763780682, "rpe_24m_trans": 4.078983127959026, "rpe_24m_rot": 2.821426058337162, "rpe_32m_trans": 5.111012742842552, "rpe_32m_rot": 3.5269574572893525, "rpe_40m_trans": 6.0224589416918795, "rpe_40m_rot": 4.210997609051029, "rpe_48m_trans": 6.2812811137822475, "rpe_48m_rot": 4.518131415016349}