{"ape_trans": 0.37516174479327485, "ape_rot_deg": 9.2074320670596, "rpe_8m_trans": 0.19513819223664364, "rpe_8m_rot": 1.0813063624371466, "rpe_16m_trans": 0.34177921019591556, "rpe_16m_rot": 1.5658846097416184, "rpe_24m_trans": 0.40620603359360324, "rpe_24m_rot": 2.174936216563958, "rpe_32m_trans": 0.5218623898277371, "rpe_32m_rot": 2.9645561855349767, "rpe_40m_trans": 0.6034759008971476, "rpe_40m_rot": 3.761097378777578, "rpe_48m_trans": 0.7416471456483071, "rpe_48m_rot": 4.5385954280077945}