{"ape_trans": 0.2249517262652057, "ape_rot_deg": 1.8518504744111466, "rpe_8m_trans": 0.18638389155015997, "rpe_8m_rot": 0.7237968957265022, "rpe_16m_trans": 0.30673814783769343, "rpe_16m_rot": 1.010649033284238, "rpe_24m_trans": 0.3557732391451202, "rpe_24m_rot": 1.2148955823224477, "rpe_32m_trans": 0.4435720720073899, "rpe_32m_rot": 1.5434744735600352, "rpe_40m_trans": 0.42800618556686343, "rpe_40m_rot": 1.7713069515996769, "rpe_48m_trans": 0.47173939080918714, "rpe_48m_rot": 2.025481476013091}