{"rmse": 70269005.2795983, "mean": 67314236.93700838, "median": 61913574.03751348, "std": 20162505.017296564, "min": 27444519.585159305, "max": 126416077.233326, "sse": 3.075713949848866e+19}