{"ape_trans": 0.12047084068988533, "ape_rot_deg": 1.1786061386997218, "rpe_8m_trans": 0.07421465433129064, "rpe_8m_rot": 0.6804694920013402, "rpe_16m_trans": 0.11863422923569089, "rpe_16m_rot": 0.7721229746684984, "rpe_24m_trans": 0.15797454722644955, "rpe_24m_rot": 0.8793508440932913, "rpe_32m_trans": 0.19334130820027032, "rpe_32m_rot": 0.9829742179063915, "rpe_40m_trans": 0.23001394226598398, "rpe_40m_rot": 1.0239415255853102, "rpe_48m_trans": 0.26092689475453157, "rpe_48m_rot": 1.1591876075912178}