{"rmse": 0.07965744558641466, "mean": 0.06771054468672508, "median": 0.057776231574793474, "std": 0.04195939436621577, "min": 0.0033451120255582074, "max": 0.19521616527059069, "sse": 8.819979005920132}