{"rmse": 1.4065148549189335, "mean": 1.4028346229605966, "median": 1.3834826253595827, "std": 0.10168115720539846, "min": 1.1663875489791404, "max": 1.733030607757981, "sse": 2803.2284805815098}