{"std": 0.18579349406333176, "rmse": 0.5572221399574291, "sse": 304.5970795068207, "max": 0.9640980726937266, "min": 0.13145142647314179, "median": 0.45171997573104544, "mean": 0.5253354079276166}