{"rmse_8m_trans": 0.1606004510482707, "rmse_8m_rot": 1.215528487217732, "rmse_16m_trans": 0.22779301734221855, "rmse_16m_rot": 1.599816487683236, "rmse_24m_trans": 0.25413092279188787, "rmse_24m_rot": 1.82568424065498, "rmse_32m_trans": 0.3177863425000014, "rmse_32m_rot": 1.8136675163835096, "rmse_40m_trans": 0.3027832117813752, "rmse_40m_rot": 1.5293864478746588, "rmse_48m_trans": 0.3427513749801548, "rmse_48m_rot": 1.720540500987838}