{"std": 0.06649437556408588, "rmse": 0.147652892500187, "sse": 24.30853497999404, "max": 0.34784320189438894, "min": 0.03165601183140404, "median": 0.12153701504793105, "mean": 0.13183275269072584}