{"ape_trans": 0.6563378116731912, "ape_rot_deg": 33.839173269351484, "rpe_8m_trans": 0.6724060062449999, "rpe_8m_rot": 0.6221671927064579, "rpe_16m_trans": 0.9504428504149783, "rpe_16m_rot": 0.6996168350190936, "rpe_24m_trans": 1.2649136779238506, "rpe_24m_rot": 0.8109956587161927, "rpe_32m_trans": 1.3988834416996934, "rpe_32m_rot": 0.8454226179536176, "rpe_40m_trans": 1.4876552216986003, "rpe_40m_rot": 0.9451172401258775, "rpe_48m_trans": 1.4906825633744738, "rpe_48m_rot": 1.1087719088343129}