{"ape_trans": 1.3340907969985858, "ape_rot_deg": 159.35111887948375, "rpe_8m_trans": 1.2789443898147417, "rpe_8m_rot": 3.324291348072286, "rpe_16m_trans": 2.5111096883630113, "rpe_16m_rot": 6.571295234964606, "rpe_24m_trans": 3.4989940852878223, "rpe_24m_rot": 9.382953406861485, "rpe_32m_trans": 3.4964089963536122, "rpe_32m_rot": 9.578505560903826, "rpe_40m_trans": 3.5252197054240426, "rpe_40m_rot": 9.819877952299517, "rpe_48m_trans": NaN, "rpe_48m_rot": NaN}