{"ape_trans": 0.2588110659870546, "ape_rot_deg": 1.7415438878224896, "rpe_8m_trans": 0.17789065400565127, "rpe_8m_rot": 0.5815528160087133, "rpe_16m_trans": 0.23634747785735596, "rpe_16m_rot": 0.6912133975079057, "rpe_24m_trans": 0.2476317445765911, "rpe_24m_rot": 0.7784938406999525, "rpe_32m_trans": 0.28073497796890157, "rpe_32m_rot": 0.8465997039087165, "rpe_40m_trans": 0.2796645168374699, "rpe_40m_rot": 0.9227331952761019, "rpe_48m_trans": 0.3242747659594913, "rpe_48m_rot": 1.0813095378751825}