{"rmse": 0.04737929667614748, "mean": 0.0400329679750986, "median": 0.030817683459793556, "std": 0.025340860850238088, "min": 0.003905548799877077, "max": 0.10723443502218195, "sse": 2.374996023230931}