{"ape_trans": 0.06809847858378944, "ape_rot_deg": 0.7982711776147493, "rpe_8m_trans": 0.028949963083685686, "rpe_8m_rot": 0.7919705996210691, "rpe_16m_trans": 0.04397179975381843, "rpe_16m_rot": 0.9619181503462276, "rpe_24m_trans": 0.05601542042139389, "rpe_24m_rot": 0.9891369941815071, "rpe_32m_trans": 0.06759304009448999, "rpe_32m_rot": 1.0091519101129591, "rpe_40m_trans": 0.07779972724099217, "rpe_40m_rot": 1.0576236892568185, "rpe_48m_trans": 0.08586103446425107, "rpe_48m_rot": 1.0552321727586047}