{"ape_trans": 0.11048815418072219, "ape_rot_deg": 3.2987431948120953, "rpe_8m_trans": 0.15123600620905206, "rpe_8m_rot": 2.023251650022957, "rpe_16m_trans": 0.15193833883593985, "rpe_16m_rot": 2.4686048522565684, "rpe_24m_trans": 0.1640136880197923, "rpe_24m_rot": 2.7547012582888777, "rpe_32m_trans": 0.1793032893409669, "rpe_32m_rot": 3.094934079337665, "rpe_40m_trans": 0.19675359544649326, "rpe_40m_rot": 3.3387990578866487, "rpe_48m_trans": 0.2160912681858649, "rpe_48m_rot": 4.103425870453582}