{"rmse": 2.1489047215729804, "mean": 2.0904045693656657, "median": 1.7427881384960462, "std": 0.4979962236541501, "min": 1.5786279593961907, "max": 3.0091936853335253, "sse": 2572.1098668360473}