{"ape_trans": 0.09911541532338737, "ape_rot_deg": 0.7564746697919116, "rpe_8m_trans": 0.0706774601527312, "rpe_8m_rot": 0.6602731140279906, "rpe_16m_trans": 0.09521605364722227, "rpe_16m_rot": 0.7594566352749564, "rpe_24m_trans": 0.11633323994671046, "rpe_24m_rot": 0.8278664491705404, "rpe_32m_trans": 0.14232080954616663, "rpe_32m_rot": 0.8503159801704381, "rpe_40m_trans": 0.17256820773587886, "rpe_40m_rot": 0.7904840694696761, "rpe_48m_trans": 0.21169388328802766, "rpe_48m_rot": 0.6992514526746118}