{"std": 0.07712280051419816, "rmse": 0.16443371916059946, "sse": 35.36628998005886, "max": 0.4287360556354009, "min": 0.012460117172725462, "median": 0.1408543142631231, "mean": 0.1452257609304702}