{"std": 0.08407779640670152, "rmse": 0.2754869363207482, "sse": 81.73681709381317, "max": 0.44074644521122675, "min": 0.07658363142782146, "median": 0.2570943355446282, "mean": 0.262343241259967}