{"ape_trans": 1.5119544023675118, "ape_rot_deg": 17.26293247522305, "rpe_8m_trans": 2.4308561957045285, "rpe_8m_rot": 7.317771990525128, "rpe_16m_trans": 3.459567039691335, "rpe_16m_rot": 11.02065715046195, "rpe_24m_trans": 4.541947764812817, "rpe_24m_rot": 15.296356083597674, "rpe_32m_trans": 4.524349483558578, "rpe_32m_rot": 16.453044535754024, "rpe_40m_trans": NaN, "rpe_40m_rot": NaN, "rpe_48m_trans": NaN, "rpe_48m_rot": NaN}