{"rmse_8m_trans": 0.04146311079453691, "rmse_8m_rot": 0.8008179168133976, "rmse_16m_trans": 0.05544040056803381, "rmse_16m_rot": 0.9760886776555681, "rmse_24m_trans": 0.07008453983411454, "rmse_24m_rot": 1.1229321928809306, "rmse_32m_trans": 0.08281834580041572, "rmse_32m_rot": 1.2789215261042586, "rmse_40m_trans": 0.09994630840505148, "rmse_40m_rot": 1.4487244763482146, "rmse_48m_trans": 0.11426001665534528, "rmse_48m_rot": 1.6020943370070588}