{"ape_trans": 0.17829912031257802, "ape_rot_deg": 2.3071812238344047, "rpe_8m_trans": 0.13717244669213488, "rpe_8m_rot": 0.6082213859610522, "rpe_16m_trans": 0.25330469147253537, "rpe_16m_rot": 0.6511693686576887, "rpe_24m_trans": 0.27347445944816634, "rpe_24m_rot": 0.5092281511366551, "rpe_32m_trans": 0.32819191118366514, "rpe_32m_rot": 0.7004468766504346, "rpe_40m_trans": 0.35111451279478506, "rpe_40m_rot": 0.7323953516650392, "rpe_48m_trans": 0.412692888367285, "rpe_48m_rot": 0.5867954997564621}