{"rmse": 0.3027116733953258, "mean": 0.29633488022148335, "median": 0.2978251261255577, "std": 0.06180611599119866, "min": 0.12488493026441098, "max": 0.42996920237693215, "sse": 98.41529964332346}