{"rmse": 36.84738614436653, "mean": 34.008152973739854, "median": 29.4280680676454, "std": 14.18363130466821, "min": 24.92662707361317, "max": 128.41308728305742, "sse": 1606194.4310900408}