{"ape_trans": 0.22052092885506833, "ape_rot_deg": 3.4470787569360803, "rpe_8m_trans": 0.16526781712302707, "rpe_8m_rot": 0.3933926550151013, "rpe_16m_trans": 0.26164885460859294, "rpe_16m_rot": 0.43636011736347535, "rpe_24m_trans": 0.32874298753349845, "rpe_24m_rot": 0.534218749597989, "rpe_32m_trans": 0.3661190579051321, "rpe_32m_rot": 0.6107081084725756, "rpe_40m_trans": 0.386623173152215, "rpe_40m_rot": 0.6398832886572742, "rpe_48m_trans": 0.4107780844605979, "rpe_48m_rot": 0.5864761038156131}