{"ape_trans": 8.57809143302495, "ape_rot_deg": 40.30738235818361, "rpe_8m_trans": 0.0381730977621287, "rpe_8m_rot": 1.0451876797310296, "rpe_16m_trans": 0.04669832769420081, "rpe_16m_rot": 1.084885842098371, "rpe_24m_trans": 8.020517188265515, "rpe_24m_rot": 11.826756542287425, "rpe_32m_trans": 10.751264349620387, "rpe_32m_rot": 16.288525061926556, "rpe_40m_trans": 14.261251387694957, "rpe_40m_rot": 21.42826412878029, "rpe_48m_trans": 17.03837952010001, "rpe_48m_rot": 25.396741440308272}