{"rmse": 0.03962484561815631, "mean": 0.03519405850619652, "median": 0.031625228857082036, "std": 0.01820732369474267, "min": 0.0031381231940706745, "max": 0.0961807801246368, "sse": 1.6611958368979591}