{"rmse": 0.0731766582338758, "mean": 0.06177109695383392, "median": 0.05573517212852617, "std": 0.03923206458239884, "min": 0.009258393338351784, "max": 0.14786194744652065, "sse": 6.773851487500991}