{"rmse": 1.9249010759290541, "mean": 1.1757578135865088, "median": 0.6507730218299712, "std": 1.524085862378856, "min": 0.410140125463535, "max": 6.187022977167611, "sse": 1448.7504634761167}