{"ape_trans": 2.868212608333643, "ape_rot_deg": 11.8860301016509, "rpe_8m_trans": 1.6659323520689329, "rpe_8m_rot": 5.101167725087099, "rpe_16m_trans": 3.9951128073665902, "rpe_16m_rot": 11.631179173896738, "rpe_24m_trans": 5.615721693461893, "rpe_24m_rot": 16.277353911257585, "rpe_32m_trans": 5.929399568683898, "rpe_32m_rot": 17.50800325639914, "rpe_40m_trans": 5.989832167537055, "rpe_40m_rot": 17.80036788939552, "rpe_48m_trans": 5.98168990474604, "rpe_48m_rot": 18.368736140806668}