{"rmse": 1.6010703779104647, "mean": 1.0273490968883807, "median": 0.5900798980315192, "std": 1.227998447940789, "min": 0.2697116944725941, "max": 4.955604652904481, "sse": 1017.6802629438762}