{"rmse": 1.3711349894063434, "mean": 1.3590435331605881, "median": 1.3741661892829795, "std": 0.1816915907484974, "min": 1.0137486961969933, "max": 1.7921699033952052, "sse": 1291.5676663527672}