{"ape_trans": 0.42959673395798187, "ape_rot_deg": 11.861473342319552, "rpe_8m_trans": 0.875313783483368, "rpe_8m_rot": 1.5340336705684883, "rpe_16m_trans": 0.9531899767071828, "rpe_16m_rot": 1.705101976696119, "rpe_24m_trans": 1.3582842499609984, "rpe_24m_rot": 1.7544575988455522, "rpe_32m_trans": NaN, "rpe_32m_rot": NaN, "rpe_40m_trans": NaN, "rpe_40m_rot": NaN, "rpe_48m_trans": NaN, "rpe_48m_rot": NaN}