{"ape_trans": 25.387314991003368, "ape_rot_deg": 14.522470901451245, "rpe_8m_trans": 0.052763575739114534, "rpe_8m_rot": 1.4616596391445413, "rpe_16m_trans": 0.06464447315867912, "rpe_16m_rot": 1.4295153418208926, "rpe_24m_trans": 0.0634418686208091, "rpe_24m_rot": 1.2112745325381973, "rpe_32m_trans": 0.06458005470132636, "rpe_32m_rot": 1.088081652020443, "rpe_40m_trans": 0.03444998382670973, "rpe_40m_rot": 1.227178558134476, "rpe_48m_trans": 49.7470470611331, "rpe_48m_rot": 28.03927898971092}