{"rmse": 0.06783432546661321, "mean": 0.06152411594448675, "median": 0.05764581818587829, "std": 0.02857059447683509, "min": 0.003205200259699864, "max": 0.12484394513492633, "sse": 5.903718997867854}