{"std": 0.5122310805247399, "rmse": 1.0901287216752227, "sse": 503.8733870442122, "max": 2.162655768792202, "min": 0.1162463524901217, "median": 0.9673556054617449, "mean": 0.9622889119000139}