{"ape_trans": 0.4244239447262017, "ape_rot_deg": 1.7398396385294588, "rpe_8m_trans": 0.2170277930691819, "rpe_8m_rot": 0.5433921685372325, "rpe_16m_trans": 0.34051412981625806, "rpe_16m_rot": 0.6665075733898468, "rpe_24m_trans": 0.4256015757515194, "rpe_24m_rot": 0.7044723673451013, "rpe_32m_trans": 0.5248938465574849, "rpe_32m_rot": 0.7924898866283565, "rpe_40m_trans": 0.6498894185266709, "rpe_40m_rot": 1.0432750770956192, "rpe_48m_trans": 0.7125013499034327, "rpe_48m_rot": 1.1934967423775242}