{"rmse": 2.3214229609717902, "mean": 2.3088581880025782, "median": 2.3442331998649255, "std": 0.2412020551746722, "min": 1.823155403857721, "max": 2.8474845812450935, "sse": 4160.31152319727}