{"std": 0.053210331461508595, "rmse": 0.10707116847213345, "sse": 13.619511320169725, "max": 0.25291722692535007, "min": 0.011650948186487776, "median": 0.08459921938327662, "mean": 0.09291337763607764}