{"ape_trans": 0.8900548569256518, "ape_rot_deg": 87.32636524800573, "rpe_8m_trans": 0.9973677673250887, "rpe_8m_rot": 0.7039935671019238, "rpe_16m_trans": 1.7952562506847927, "rpe_16m_rot": 0.7310674482475915, "rpe_24m_trans": 2.3454754870083687, "rpe_24m_rot": 0.7298637459913248, "rpe_32m_trans": 2.3823044677271135, "rpe_32m_rot": 0.7998065997036621, "rpe_40m_trans": 2.3982568540124856, "rpe_40m_rot": 0.7206443377881735, "rpe_48m_trans": NaN, "rpe_48m_rot": NaN}