{"ape_trans": 0.1038061517348643, "ape_rot_deg": 2.741947021156562, "rpe_8m_trans": 0.12330392213605777, "rpe_8m_rot": 0.6954527028726993, "rpe_16m_trans": 0.2340995791300998, "rpe_16m_rot": 0.7501288479664419, "rpe_24m_trans": 0.22052885503399522, "rpe_24m_rot": 0.6392961644559793, "rpe_32m_trans": 0.2820864953345481, "rpe_32m_rot": 0.7784100675751987, "rpe_40m_trans": 0.28404039183366764, "rpe_40m_rot": 0.9270100610018861, "rpe_48m_trans": 0.35278092028002417, "rpe_48m_rot": 0.9856485109889425}