{"rmse": 0.1669502372339161, "mean": 0.15621132144464997, "median": 0.15278972104849067, "std": 0.05891014144421239, "min": 0.03790944097368709, "max": 0.27327511560510265, "sse": 21.907692025994244}