{"ape_trans": 0.0656549470808889, "ape_rot_deg": 6.111465993357453, "rpe_8m_trans": 0.31412855018731217, "rpe_8m_rot": 3.671981308348934, "rpe_16m_trans": 0.2574866133183652, "rpe_16m_rot": 3.035718557044248, "rpe_24m_trans": 0.30226117474244535, "rpe_24m_rot": 2.9526382168309566, "rpe_32m_trans": 0.2616633159730345, "rpe_32m_rot": 3.189215585876827, "rpe_40m_trans": 0.2535659202479841, "rpe_40m_rot": 3.066026681793729, "rpe_48m_trans": 0.3655619637645063, "rpe_48m_rot": 3.299709859249732}