{"std": 1.8845882509689456, "rmse": 19.79711516477154, "sse": 1424258.243990824, "max": 22.492079979670695, "min": 17.742820876631814, "median": 18.113937179478484, "mean": 19.7072092385385}