{"std": 2.47958782169233, "rmse": 26.498646989709176, "sse": 2549609.379287645, "max": 29.43558743346087, "min": 23.61192601188668, "median": 24.32918577158686, "mean": 26.38237928087113}