{"rmse": 0.2122760282839626, "mean": 0.20499779700554482, "median": 0.19297345586200054, "std": 0.055109122719266115, "min": 0.09047286210113276, "max": 0.35690961039465996, "sse": 62.36457926267495}