{"std": 0.05656465379251979, "rmse": 0.13052079512704154, "sse": 23.696628043187857, "max": 0.2644838876118527, "min": 0.010596538725329908, "median": 0.11037860860163853, "mean": 0.11762702878984713}