{"ape_trans": 0.9506306962823039, "ape_rot_deg": 26.152489103890705, "rpe_8m_trans": 0.9295775454961613, "rpe_8m_rot": 1.902279919422258, "rpe_16m_trans": 1.3879541425436943, "rpe_16m_rot": 2.778054711363575, "rpe_24m_trans": 1.7481559757227245, "rpe_24m_rot": 3.6005893045848265, "rpe_32m_trans": 1.8604336279396763, "rpe_32m_rot": 4.136837106573459, "rpe_40m_trans": 1.948703088951215, "rpe_40m_rot": 4.465393742648928, "rpe_48m_trans": 1.9464457602370204, "rpe_48m_rot": 4.668996770621994}