{"ape_trans": 1.584637730959183, "ape_rot_deg": 17.8674273817375, "rpe_8m_trans": 1.2832094155894442, "rpe_8m_rot": 2.2419072942848497, "rpe_16m_trans": 2.365721700119259, "rpe_16m_rot": 3.875049875268808, "rpe_24m_trans": 3.102933983958412, "rpe_24m_rot": 5.2194718995056055, "rpe_32m_trans": 3.297671257319417, "rpe_32m_rot": 5.610938261167929, "rpe_40m_trans": 3.3397303566030723, "rpe_40m_rot": 5.617972505596726, "rpe_48m_trans": 3.309693794201978, "rpe_48m_rot": 5.693792629818309}