{"ape_trans": 3.444119027167145, "ape_rot_deg": 17.57486468708461, "rpe_8m_trans": 2.2904973768734815, "rpe_8m_rot": 6.127822968121002, "rpe_16m_trans": 4.379800100955876, "rpe_16m_rot": 10.033616933435287, "rpe_24m_trans": 5.130527941605759, "rpe_24m_rot": 13.865860731707723, "rpe_32m_trans": 5.871506462547447, "rpe_32m_rot": 18.900390667086338, "rpe_40m_trans": 8.290704413542127, "rpe_40m_rot": 22.229289305985272, "rpe_48m_trans": 11.451864432345904, "rpe_48m_rot": 25.877866901874427}