{"ape_trans": 0.18699868685885468, "ape_rot_deg": 6.214994185382939, "rpe_8m_trans": 0.17517111199763713, "rpe_8m_rot": 2.226137021252945, "rpe_16m_trans": 0.21019137531082996, "rpe_16m_rot": 3.1168278458562173, "rpe_24m_trans": 0.2534403931374508, "rpe_24m_rot": 4.000983329094052, "rpe_32m_trans": 0.31020671438913056, "rpe_32m_rot": 4.705034782167243, "rpe_40m_trans": 0.34932296797561907, "rpe_40m_rot": 4.866354859237875, "rpe_48m_trans": 0.3926236498865012, "rpe_48m_rot": 5.550352147346985}