{"rmse": 0.1590934889372044, "mean": 0.1389579141296876, "median": 0.11796322512200691, "std": 0.07746893779405234, "min": 0.01450511357897228, "max": 0.5579576646854856, "sse": 28.272094594211232}