{"ape_trans": 0.9644513048128175, "ape_rot_deg": 76.85151127735897, "rpe_8m_trans": 0.9934668296591105, "rpe_8m_rot": 1.2969879375212499, "rpe_16m_trans": 1.8036931571087138, "rpe_16m_rot": 1.9913321745387547, "rpe_24m_trans": 2.3998516159759045, "rpe_24m_rot": 2.4714625177029212, "rpe_32m_trans": 2.4306973200528414, "rpe_32m_rot": 2.4993835609166544, "rpe_40m_trans": 2.448079907657453, "rpe_40m_rot": 2.4367182922762005, "rpe_48m_trans": NaN, "rpe_48m_rot": NaN}