{"rmse": 9.415993610570704, "mean": 9.116448383574705, "median": 7.792402129487875, "std": 2.3561206556385166, "min": 6.4108214819554705, "max": 13.07184164112894, "sse": 424951.8646869598}