{"ape_trans": 0.08275428644850993, "ape_rot_deg": 2.6662303417154978, "rpe_8m_trans": 0.14650616657173834, "rpe_8m_rot": 0.8396061408614733, "rpe_16m_trans": 0.12936099479179922, "rpe_16m_rot": 1.0926136462618348, "rpe_24m_trans": 0.15120581996483579, "rpe_24m_rot": 1.2074892958125039, "rpe_32m_trans": 0.16471927998017943, "rpe_32m_rot": 1.3430250317465726, "rpe_40m_trans": 0.1704259956257604, "rpe_40m_rot": 1.355359083906674, "rpe_48m_trans": 0.17489146436149763, "rpe_48m_rot": 1.8035158272280762}