{"rmse": 12.807702862911428, "mean": 12.801037195964104, "median": 12.752694930596505, "std": 0.4131577570045916, "min": 11.564051833111314, "max": 13.85632835117437, "sse": 784098.0675457295}