{"rmse": 0.05406905582907397, "mean": 0.043698048450930574, "median": 0.03732899674820467, "std": 0.03184247728785626, "min": 0.007896306827413177, "max": 0.22666828161234132, "sse": 3.7420323817568226}