{"ape_trans": 0.25509987476794865, "ape_rot_deg": 1.560313008684118, "rpe_8m_trans": 0.17393426910223306, "rpe_8m_rot": 0.5354489479992468, "rpe_16m_trans": 0.25126410037468194, "rpe_16m_rot": 0.6796192946275655, "rpe_24m_trans": 0.25039820290057224, "rpe_24m_rot": 0.7417277970799596, "rpe_32m_trans": 0.2956855267542919, "rpe_32m_rot": 0.7666349567554124, "rpe_40m_trans": 0.30555723374453797, "rpe_40m_rot": 0.9516091067296689, "rpe_48m_trans": 0.3648541551795455, "rpe_48m_rot": 1.0456497856881166}