{"rmse": 0.06614736167486933, "mean": 0.06180462533671901, "median": 0.06222792551818339, "std": 0.023572478519107046, "min": 0.002048824138145382, "max": 0.12611581879219683, "sse": 12.404467249307832}