{"ape_trans": 0.14684159883579564, "ape_rot_deg": 2.876339392845812, "rpe_8m_trans": 0.05426953991883014, "rpe_8m_rot": 1.0937424918952687, "rpe_16m_trans": 0.08397095027751628, "rpe_16m_rot": 1.4100845859526616, "rpe_24m_trans": 0.10426584259726757, "rpe_24m_rot": 1.85964266545277, "rpe_32m_trans": 0.1265995996455846, "rpe_32m_rot": 2.3536419066725274, "rpe_40m_trans": 0.15099793872214437, "rpe_40m_rot": 2.761113517810762, "rpe_48m_trans": 0.17342064578881586, "rpe_48m_rot": 3.2206159690252107}