{"rmse_8m_trans": 0.07061655976303408, "rmse_8m_rot": 0.8075422838493447, "rmse_16m_trans": 0.09406893529425707, "rmse_16m_rot": 0.9947609217928927, "rmse_24m_trans": 0.11448772715914093, "rmse_24m_rot": 1.1270599166205097, "rmse_32m_trans": 0.13749487089915263, "rmse_32m_rot": 1.2426155264307757, "rmse_40m_trans": 0.16453231203180432, "rmse_40m_rot": 1.3781468464622124, "rmse_48m_trans": 0.19575220893775197, "rmse_48m_rot": 1.5039873098363516}