{"rmse": 0.055323911942130426, "mean": 0.05087529034200873, "median": 0.04626325369011456, "std": 0.02173568644411569, "min": 0.014082881503183396, "max": 0.17023714927004782, "sse": 3.9177410977031695}