{"rmse_8m_trans": 0.18766515840538034, "rmse_8m_rot": 1.651903980596787, "rmse_16m_trans": 0.25654130829363064, "rmse_16m_rot": 1.7698220719800002, "rmse_24m_trans": 0.2979941388751076, "rmse_24m_rot": 2.04967559127444, "rmse_32m_trans": 0.3455438781133704, "rmse_32m_rot": 2.3252139978956423, "rmse_40m_trans": 0.3739967374269188, "rmse_40m_rot": 2.406519252274455, "rmse_48m_trans": 0.45680757717773623, "rmse_48m_rot": 2.7887864264564715}