{"ape_trans": 0.06511003666813299, "ape_rot_deg": 2.5242493430495223, "rpe_8m_trans": 0.031621007412702164, "rpe_8m_rot": 0.7572876814568362, "rpe_16m_trans": 0.042208174398016544, "rpe_16m_rot": 0.8713485311616735, "rpe_24m_trans": 0.053660678434998, "rpe_24m_rot": 0.9824399245353186, "rpe_32m_trans": 0.06357302837949597, "rpe_32m_rot": 1.1630781311877698, "rpe_40m_trans": 0.07378667386958719, "rpe_40m_rot": 1.2932464540174213, "rpe_48m_trans": 0.08409634405291141, "rpe_48m_rot": 1.4108644589960946}