{"ape_trans": 0.08236949626544152, "ape_rot_deg": 2.686029286466607, "rpe_8m_trans": 0.14538636818397682, "rpe_8m_rot": 0.8498987024096358, "rpe_16m_trans": 0.1286822993617552, "rpe_16m_rot": 1.133816612782336, "rpe_24m_trans": 0.15064678940786838, "rpe_24m_rot": 1.2636132956192965, "rpe_32m_trans": 0.16035163275741798, "rpe_32m_rot": 1.4068899548048397, "rpe_40m_trans": 0.17032625822980144, "rpe_40m_rot": 1.3702107611685397, "rpe_48m_trans": 0.17067929198487597, "rpe_48m_rot": 1.8039328519511457}