{"std": 0.09516885452425038, "rmse": 0.2599197752607721, "sse": 59.8566445604467, "max": 0.39455320484286516, "min": 0.040709555777448926, "median": 0.25262481559386907, "mean": 0.24187016909935866}