{"rmse_8m_trans": 0.04876519850387067, "rmse_8m_rot": 0.8173210398854319, "rmse_16m_trans": 0.07028855391316795, "rmse_16m_rot": 1.0086793798428986, "rmse_24m_trans": 0.09069709660099672, "rmse_24m_rot": 1.1562943875163034, "rmse_32m_trans": 0.10460408015936992, "rmse_32m_rot": 1.2881001322242047, "rmse_40m_trans": 0.11909208630610357, "rmse_40m_rot": 1.4442781589584264, "rmse_48m_trans": 0.13374885982384616, "rmse_48m_rot": 1.540877984624808}