{"rmse": 0.441478457197054, "mean": 0.42922016264707785, "median": 0.4122801410847376, "std": 0.10331156830823467, "min": 0.22340933052418868, "max": 0.6870119910611997, "sse": 432.8800697635511}