{"std": 0.32947123976508746, "rmse": 0.8147912244784173, "sse": 424.8862332717048, "max": 1.6069029457783928, "min": 0.04151189291606744, "median": 0.7164936114491987, "mean": 0.74520697907004}