{"ape_trans": 5.429004162286073, "ape_rot_deg": 142.88590943677457, "rpe_8m_trans": 0.08456200951470645, "rpe_8m_rot": 1.3068045132168853, "rpe_16m_trans": 4.593260636622536, "rpe_16m_rot": 1.6525621676949775, "rpe_24m_trans": 7.676341298808408, "rpe_24m_rot": 2.187347602577096, "rpe_32m_trans": 10.519526111939241, "rpe_32m_rot": 2.563032659235296, "rpe_40m_trans": 11.564684816265942, "rpe_40m_rot": 2.58681041814401, "rpe_48m_trans": 11.570996704918, "rpe_48m_rot": 2.5502185646409834}