{"ape_trans": 0.23902211936679302, "ape_rot_deg": 1.860012653772597, "rpe_8m_trans": 0.17507288314685254, "rpe_8m_rot": 0.8944580208148593, "rpe_16m_trans": 0.28304009008595343, "rpe_16m_rot": 1.3955274538615443, "rpe_24m_trans": 0.3440193924301509, "rpe_24m_rot": 1.7488292786559643, "rpe_32m_trans": 0.4337661761411046, "rpe_32m_rot": 2.2945974469601684, "rpe_40m_trans": 0.40492527144573465, "rpe_40m_rot": 2.7382191058688217, "rpe_48m_trans": 0.5105074047402783, "rpe_48m_rot": 3.117694834742978}