{"rmse": 4.0492471434960455, "mean": 3.9666604284718954, "median": 3.5059300837220277, "std": 0.8136384174226557, "min": 3.025896234413829, "max": 5.1095143652659925, "sse": 94885.9808572647}