{"rmse": 0.042255244705778246, "mean": 0.038092124017496926, "median": 0.033085938256522625, "std": 0.018289226144942113, "min": 0.00844089163878338, "max": 0.08067571101453234, "sse": 1.8944215531590576}