{"ape_trans": 7.002472950560705, "ape_rot_deg": 143.97799123691223, "rpe_8m_trans": 5.846359857025969, "rpe_8m_rot": 2.83931278434359, "rpe_16m_trans": 7.805084520624416, "rpe_16m_rot": 4.559988065701536, "rpe_24m_trans": 8.057031693506406, "rpe_24m_rot": 5.79038925875285, "rpe_32m_trans": 8.762290868109723, "rpe_32m_rot": 7.705618995198254, "rpe_40m_trans": 9.313240399422547, "rpe_40m_rot": 9.06394885649199, "rpe_48m_trans": 9.586446787428143, "rpe_48m_rot": 10.742579013269001}