{"rmse": 0.30240791502115066, "mean": 0.2960026692566538, "median": 0.2973296024030576, "std": 0.06191095912983017, "min": 0.12459317989792908, "max": 0.4294074080668754, "sse": 98.21788755043002}