{"std": 0.09578700139172121, "rmse": 0.3167809976197792, "sse": 98.74459724573481, "max": 0.4438361496883783, "min": 0.09159938984322351, "median": 0.3477770499916475, "mean": 0.30195206708576267}