{"ape_trans": 0.29588578880449856, "ape_rot_deg": 0.7729143483910732, "rpe_8m_trans": 0.22857134038689678, "rpe_8m_rot": 0.6612093126033572, "rpe_16m_trans": 0.3510954398072428, "rpe_16m_rot": 0.7150890784462196, "rpe_24m_trans": 0.38914560960714467, "rpe_24m_rot": 0.823455771193125, "rpe_32m_trans": 0.42043167892534344, "rpe_32m_rot": 0.8370844562545355, "rpe_40m_trans": 0.49256021721786425, "rpe_40m_rot": 0.8879206728038677, "rpe_48m_trans": 0.6361601884616365, "rpe_48m_rot": 0.9613804836831068}