{"ape_trans": 0.16696999049848077, "ape_rot_deg": 3.2863916454878126, "rpe_8m_trans": 0.17142439475423474, "rpe_8m_rot": 1.1780129065072689, "rpe_16m_trans": 0.18630835898098558, "rpe_16m_rot": 1.4450980125735768, "rpe_24m_trans": 0.23397008629138036, "rpe_24m_rot": 1.6437968606692486, "rpe_32m_trans": 0.27958389227729524, "rpe_32m_rot": 1.896727912100406, "rpe_40m_trans": 0.3161050208969461, "rpe_40m_rot": 1.8215225189630462, "rpe_48m_trans": 0.33767731836689957, "rpe_48m_rot": 2.3688406405709226}