{"rmse": 0.21227477450888244, "mean": 0.20499651995003682, "median": 0.1929732117546047, "std": 0.05510904373304842, "min": 0.09046555079440037, "max": 0.3569165666280249, "sse": 62.36384257163089}