{"ape_trans": 0.04662843870512336, "ape_rot_deg": 0.6171837851176636, "rpe_8m_trans": 0.04232805423546176, "rpe_8m_rot": 0.7472585121339499, "rpe_16m_trans": 0.05695146046864035, "rpe_16m_rot": 0.9475634475355774, "rpe_24m_trans": 0.06260869807818778, "rpe_24m_rot": 0.9508120878121992, "rpe_32m_trans": 0.06760218072400387, "rpe_32m_rot": 0.8959550417903944, "rpe_40m_trans": 0.0741717261979999, "rpe_40m_rot": 0.883485041457463, "rpe_48m_trans": 0.08325861054695306, "rpe_48m_rot": 0.8739651187818774}