{"ape_trans": 48.984796019815775, "ape_rot_deg": 79.62915683397895, "rpe_8m_trans": 0.0748926820959957, "rpe_8m_rot": 1.789223304835245, "rpe_16m_trans": 0.10705232617560553, "rpe_16m_rot": 2.674763546276119, "rpe_24m_trans": 0.14568182726891454, "rpe_24m_rot": 3.5710867197174068, "rpe_32m_trans": 0.17975477170401793, "rpe_32m_rot": 4.635453833764005, "rpe_40m_trans": 0.23785829514817866, "rpe_40m_rot": 6.025349219889452, "rpe_48m_trans": 0.3232390220019251, "rpe_48m_rot": 8.646604316992919}