{"rmse": 1.6041060847016304, "mean": 1.5923159640205875, "median": 1.6394849262875737, "std": 0.19412934271248553, "min": 1.1778035402513252, "max": 1.908788451811622, "sse": 1356.0533864247705}