{"ape_trans": 4.28904321272603, "ape_rot_deg": 34.28891540419857, "rpe_8m_trans": 0.8247071054956477, "rpe_8m_rot": 0.8626242552638623, "rpe_16m_trans": 3.947095218004699, "rpe_16m_rot": 1.5488226956781537, "rpe_24m_trans": 4.749995251023768, "rpe_24m_rot": 1.7620834460990196, "rpe_32m_trans": 5.561919699787834, "rpe_32m_rot": 2.0302730056474525, "rpe_40m_trans": 6.262659756113655, "rpe_40m_rot": 2.2978924427258707, "rpe_48m_trans": 7.001269217791367, "rpe_48m_rot": 2.5563366521988833}