{"ape_trans": 2.18447164499524, "ape_rot_deg": 10.798830869824538, "rpe_8m_trans": 1.2959069551067222, "rpe_8m_rot": 1.0699497645709535, "rpe_16m_trans": 2.102900887411694, "rpe_16m_rot": 1.4996582752379992, "rpe_24m_trans": 2.4736718287436945, "rpe_24m_rot": 1.5755967041380157, "rpe_32m_trans": 2.949618441166602, "rpe_32m_rot": 1.8137989969269437, "rpe_40m_trans": 3.4964199945249916, "rpe_40m_rot": 2.019073513911103, "rpe_48m_trans": 4.115491351606243, "rpe_48m_rot": 2.192480056943571}