{"rmse": 0.1783300653884642, "mean": 0.13384609956315083, "median": 0.08945856499244433, "std": 0.11784241109713021, "min": 0.03255109653653189, "max": 0.5335971560278907, "sse": 47.54341027107361}