{"rmse_8m_trans": 0.04890805014517757, "rmse_8m_rot": 0.7840270621268318, "rmse_16m_trans": 0.06746048404248282, "rmse_16m_rot": 0.9585176299391996, "rmse_24m_trans": 0.0820421467312997, "rmse_24m_rot": 1.1157897405626656, "rmse_32m_trans": 0.0982970958987673, "rmse_32m_rot": 1.267977037797152, "rmse_40m_trans": 0.11686043459413462, "rmse_40m_rot": 1.4348435637888715, "rmse_48m_trans": 0.13570270965350012, "rmse_48m_rot": 1.566975057585278}