{"rmse": 2.3217897341607507, "mean": 2.3092247090167284, "median": 2.344582284071947, "std": 0.2412235745545096, "min": 1.8235334684004925, "max": 2.847916007972373, "sse": 4161.62624377308}