{"ape_trans": 0.1354429176672205, "ape_rot_deg": 1.2890786209846103, "rpe_8m_trans": 0.1946578218952476, "rpe_8m_rot": 0.7597301661333249, "rpe_16m_trans": 0.23532778566566642, "rpe_16m_rot": 1.1896066915366785, "rpe_24m_trans": 0.26956615279916446, "rpe_24m_rot": 1.762779777858905, "rpe_32m_trans": 0.2705251933743757, "rpe_32m_rot": 2.21028516084283, "rpe_40m_trans": 0.37889021399061495, "rpe_40m_rot": 2.8507252912422363, "rpe_48m_trans": NaN, "rpe_48m_rot": NaN}