{"ape_trans": 0.3113430889822353, "ape_rot_deg": 1.358805241706365, "rpe_8m_trans": 0.17400352590682525, "rpe_8m_rot": 0.5410320888484482, "rpe_16m_trans": 0.22684664757209688, "rpe_16m_rot": 0.6482791955552877, "rpe_24m_trans": 0.2538759125671342, "rpe_24m_rot": 0.7100052479304984, "rpe_32m_trans": 0.2855329442807719, "rpe_32m_rot": 0.7394077590149011, "rpe_40m_trans": 0.3296575493649903, "rpe_40m_rot": 0.9334663092550349, "rpe_48m_trans": 0.3760385865962627, "rpe_48m_rot": 1.035901179540933}