{"std": 15.295658729264636, "rmse": 74.44805127670878, "sse": 6512451.998206865, "max": 93.56256131297938, "min": 58.22392529402993, "median": 61.40054574359453, "mean": 72.85983230105138}