{"rmse": 0.4136418963810677, "mean": 0.410635930426028, "median": 0.4161251922675678, "std": 0.04977701361950346, "min": 0.2389821511718104, "max": 0.4943835558835784, "sse": 178.28580241627844}