{"ape_trans": 0.08706138669323306, "ape_rot_deg": 6.227475966162923, "rpe_8m_trans": 0.3113677982987096, "rpe_8m_rot": 3.6913943945891137, "rpe_16m_trans": 0.2589073777990889, "rpe_16m_rot": 3.0349560827549835, "rpe_24m_trans": 0.3062286113729028, "rpe_24m_rot": 2.9645806820887626, "rpe_32m_trans": 0.2676932576009345, "rpe_32m_rot": 3.2926312908933473, "rpe_40m_trans": 0.2850218506028849, "rpe_40m_rot": 3.3198375321582665, "rpe_48m_trans": 0.39059004462886804, "rpe_48m_rot": 3.6275724799214744}