{"rmse": 0.9644513048128175, "mean": 0.9375477006882177, "median": 0.910819001034391, "std": 0.2262092577446435, "min": 0.2903684508192826, "max": 2.5200036358489517, "sse": 469.73399127434885}