{"ape_trans": 0.08173894855981678, "ape_rot_deg": 0.758842655535183, "rpe_8m_trans": 0.058110357957843, "rpe_8m_rot": 0.6521861178751319, "rpe_16m_trans": 0.07779629206126547, "rpe_16m_rot": 0.7557195670492326, "rpe_24m_trans": 0.09691842073600243, "rpe_24m_rot": 0.7941614910811491, "rpe_32m_trans": 0.12185933956480066, "rpe_32m_rot": 0.7670795887087029, "rpe_40m_trans": 0.14731900809784562, "rpe_40m_rot": 0.6774241226662184, "rpe_48m_trans": 0.17476077615573923, "rpe_48m_rot": 0.5935915558538499}