{"rmse": 0.23504425281873112, "mean": 0.20746566293684485, "median": 0.17842042071946346, "std": 0.11047080829473052, "min": 0.04010539514549709, "max": 0.4917601336590107, "sse": 115.68470683984407}