{"rmse": 0.17559304653053764, "mean": 0.16152985895309488, "median": 0.15609170631338284, "std": 0.06885508446345, "min": 0.03389327763533599, "max": 0.31786595416156194, "sse": 71.19320763862267}