{"rmse": 0.3143819205395598, "mean": 0.3093120397204915, "median": 0.30844139280778704, "std": 0.056232144242338994, "min": 0.1784539133028885, "max": 0.4856908441771847, "sse": 106.14985536734062}