{"rmse": 0.1044767668306088, "mean": 0.08528492497861526, "median": 0.07133256020459569, "std": 0.060347960850134504, "min": 0.0017707760477499994, "max": 0.25902599672545146, "sse": 14.451982724967678}