{"ape_trans": 3.292950221440599, "ape_rot_deg": 23.825593474885178, "rpe_8m_trans": 1.3615969941943562, "rpe_8m_rot": 0.702651669744905, "rpe_16m_trans": 3.5569562739854375, "rpe_16m_rot": 0.9787290536657918, "rpe_24m_trans": 4.628684726707275, "rpe_24m_rot": 1.2142966120616154, "rpe_32m_trans": 5.682487897612151, "rpe_32m_rot": 1.4160207928390747, "rpe_40m_trans": 6.696045133675158, "rpe_40m_rot": 1.4575525293487674, "rpe_48m_trans": 6.6945293722980965, "rpe_48m_rot": 1.493659703487027}