{"rmse": 1.5539593818112343, "mean": 1.4663327025961608, "median": 1.3977094353632202, "std": 0.514449381004772, "min": 0.14913200416515815, "max": 2.771008739801038, "sse": 3610.110691677135}