{"rmse": 0.05047010480437126, "mean": 0.0430710132891383, "median": 0.03585094954857693, "std": 0.02630816020194287, "min": 0.0012971251978079923, "max": 0.13165185357717094, "sse": 2.6949709047441432}