{"rmse": 0.3334502075756973, "mean": 0.30157064304513986, "median": 0.2818214945074589, "std": 0.1422820726079588, "min": 0.04371411501149957, "max": 0.6679360822681456, "sse": 98.84705738879303}