{"rmse": 3024077.320259996, "mean": 3015386.7826881115, "median": 2967270.37032867, "std": 229098.64622193243, "min": 2510142.4512525247, "max": 3613062.839377255, "sse": 5.194384786901381e+16}