{"ape_trans": 0.14667055549333669, "ape_rot_deg": 2.5464198577500134, "rpe_8m_trans": 0.13831082838974726, "rpe_8m_rot": 0.6930777818767593, "rpe_16m_trans": 0.2659120874166548, "rpe_16m_rot": 0.7462800524214904, "rpe_24m_trans": 0.263949491176458, "rpe_24m_rot": 0.6267536193142108, "rpe_32m_trans": 0.3293332626357523, "rpe_32m_rot": 0.7592981162297386, "rpe_40m_trans": 0.341672981712141, "rpe_40m_rot": 0.9073331356286106, "rpe_48m_trans": 0.41755135760823636, "rpe_48m_rot": 0.920896068707722}