{"ape_trans": 0.09653832612852145, "ape_rot_deg": 2.2584511607518, "rpe_8m_trans": 0.12556987109854345, "rpe_8m_rot": 1.9070706636045938, "rpe_16m_trans": 0.19438569919106444, "rpe_16m_rot": 3.2002417393752736, "rpe_24m_trans": 0.3048199008605242, "rpe_24m_rot": 4.724137747727551, "rpe_32m_trans": 0.26777232314177385, "rpe_32m_rot": 6.797175841932936, "rpe_40m_trans": 0.20393068581969143, "rpe_40m_rot": 8.038117667609205, "rpe_48m_trans": NaN, "rpe_48m_rot": NaN}