{"rmse": 0.06800127453147863, "mean": 0.06337441663750462, "median": 0.06001234587495041, "std": 0.02465474911171274, "min": 0.004915295822139263, "max": 0.16450420496049933, "sse": 11.78701783832118}