{"rmse": 36.847551052325464, "mean": 34.00874477031823, "median": 29.428680870996907, "std": 14.182640716773582, "min": 24.927994679861264, "max": 128.40605544271935, "sse": 1606208.8079490645}