{"rmse": 0.30288970456887415, "mean": 0.2965494436827439, "median": 0.2985721793611752, "std": 0.061649011227066626, "min": 0.12522654917546552, "max": 0.4303505560718624, "sse": 98.53109394572253}