{"rmse": 178.44260985127207, "mean": 128.75203759806826, "median": 60.38058311180375, "std": 123.55030483523268, "min": 13.25279439135509, "max": 525.9239794761148, "sse": 26969974.963921707}