{"rmse": 0.2129265604799821, "mean": 0.20224407659129584, "median": 0.1972324652122598, "std": 0.06659619840178213, "min": 0.02479200355094761, "max": 0.35586541138004835, "sse": 62.88341785891781}