{"ape_trans": 1.7841307462376208, "ape_rot_deg": 15.554945514552767, "rpe_8m_trans": 1.4049341020887955, "rpe_8m_rot": 2.613631940568965, "rpe_16m_trans": 2.657300463912112, "rpe_16m_rot": 4.7443141763439955, "rpe_24m_trans": 3.488826612518629, "rpe_24m_rot": 6.281827822643287, "rpe_32m_trans": 3.6913908228078816, "rpe_32m_rot": 6.781406084469889, "rpe_40m_trans": 3.7260885799621155, "rpe_40m_rot": 6.842376201359107, "rpe_48m_trans": 3.691569284870557, "rpe_48m_rot": 6.824806465830898}