{"rmse": 0.2231920328625182, "mean": 0.2002590445138425, "median": 0.18429480460469694, "std": 0.09854439925082636, "min": 0.054951683908266234, "max": 0.45915552128419523, "sse": 104.31194731873734}