{"ape_trans": 0.23371432185719418, "ape_rot_deg": 12.804089425646099, "rpe_8m_trans": 0.31598290110649263, "rpe_8m_rot": 1.518719583488842, "rpe_16m_trans": 0.462527098021806, "rpe_16m_rot": 2.6437165212982148, "rpe_24m_trans": 0.4714367275853313, "rpe_24m_rot": 3.576442392705021, "rpe_32m_trans": 0.46073749732940134, "rpe_32m_rot": 4.123748128975965, "rpe_40m_trans": NaN, "rpe_40m_rot": NaN, "rpe_48m_trans": NaN, "rpe_48m_rot": NaN}