{"ape_trans": 0.3347535955412042, "ape_rot_deg": 0.8019497192796564, "rpe_8m_trans": 0.24237719910749836, "rpe_8m_rot": 0.5622281661577195, "rpe_16m_trans": 0.3691664073336945, "rpe_16m_rot": 0.6328316351619135, "rpe_24m_trans": 0.43544738327999366, "rpe_24m_rot": 0.7297946541711423, "rpe_32m_trans": 0.4700579730846944, "rpe_32m_rot": 0.7360838821222706, "rpe_40m_trans": 0.5419683098688127, "rpe_40m_rot": 0.7896792806648472, "rpe_48m_trans": 0.7041365710888325, "rpe_48m_rot": 0.8723974939660105}