{"rmse": 16.50509740384844, "mean": 11.829281863344747, "median": 6.916164849271368, "std": 11.510270670495439, "min": 5.528290976229367, "max": 93.90106124056052, "sse": 341340.05510908714}