{"ape_trans": 0.06792988365849158, "ape_rot_deg": 0.7999816661699756, "rpe_8m_trans": 0.0289177713127149, "rpe_8m_rot": 0.7918033242146159, "rpe_16m_trans": 0.04390533815586629, "rpe_16m_rot": 0.962170421843354, "rpe_24m_trans": 0.055942029336092436, "rpe_24m_rot": 0.9894447426229076, "rpe_32m_trans": 0.06750729668533215, "rpe_32m_rot": 1.0058677684172792, "rpe_40m_trans": 0.07767704649792788, "rpe_40m_rot": 1.0587354377258267, "rpe_48m_trans": 0.08569138314786284, "rpe_48m_rot": 1.0623348306590545}