{"ape_trans": 0.4953741814651675, "ape_rot_deg": 6.3523054720080765, "rpe_8m_trans": 0.4040059797292753, "rpe_8m_rot": 1.3156568519666192, "rpe_16m_trans": 0.557043911947259, "rpe_16m_rot": 1.7480698816615585, "rpe_24m_trans": 0.6762388016368028, "rpe_24m_rot": 2.167443993793012, "rpe_32m_trans": 0.7823353178525664, "rpe_32m_rot": 2.6176885009681565, "rpe_40m_trans": 0.9119627969358506, "rpe_40m_rot": 3.120951157910439, "rpe_48m_trans": 0.9768991926117616, "rpe_48m_rot": 3.5517955905956873}