{"std": 0.12269948564937741, "rmse": 0.30290861347074777, "sse": 241.4037955699622, "max": 0.4695760894821357, "min": 0.019766406168454525, "median": 0.28027797474986116, "mean": 0.2769448759882535}