{"rmse": 1.626070881741972, "mean": 1.5257307865122007, "median": 1.5058140204625623, "std": 0.5623629428918442, "min": 0.2147849815204262, "max": 2.90625041746214, "sse": 3648.8669871797774}