{"ape_trans": 129.73972770997256, "ape_rot_deg": 60.18042632374543, "rpe_8m_trans": 4.289150392945093, "rpe_8m_rot": 1.5653179753066762, "rpe_16m_trans": 9.798982501383971, "rpe_16m_rot": 1.976242688970517, "rpe_24m_trans": 15.517556668492702, "rpe_24m_rot": 2.385519799086253, "rpe_32m_trans": 22.491442677059247, "rpe_32m_rot": 9.146162991315538, "rpe_40m_trans": 28.023069194268672, "rpe_40m_rot": 10.885433442784004, "rpe_48m_trans": 34.02350308022698, "rpe_48m_rot": 12.216683456307988}