{"ape_trans": 133.79484271825524, "ape_rot_deg": 170.08937204334774, "rpe_8m_trans": 2.471395593359587, "rpe_8m_rot": 2.049662219347876, "rpe_16m_trans": 3.7332314508522444, "rpe_16m_rot": 2.011642285067034, "rpe_24m_trans": 3.790240865975666, "rpe_24m_rot": 2.1169439197550384, "rpe_32m_trans": 4.214614614438002, "rpe_32m_rot": 2.2124945858406666, "rpe_40m_trans": 5.4801989720943505, "rpe_40m_rot": 2.2659043047791494, "rpe_48m_trans": 7.008809403979022, "rpe_48m_rot": 2.385948820250639}