{"ape_trans": 0.36012114363694103, "ape_rot_deg": 7.142735949624883, "rpe_8m_trans": 0.207608140258892, "rpe_8m_rot": 1.0588932273969796, "rpe_16m_trans": 0.34553160515561493, "rpe_16m_rot": 1.411063018972746, "rpe_24m_trans": 0.3954728659003867, "rpe_24m_rot": 1.9376604525292795, "rpe_32m_trans": 0.5045910021004243, "rpe_32m_rot": 2.649334298825847, "rpe_40m_trans": 0.5755256926627913, "rpe_40m_rot": 3.277630180538536, "rpe_48m_trans": 0.7026152523516132, "rpe_48m_rot": 4.067162493010901}