{"ape_trans": 0.07207121142061303, "ape_rot_deg": 5.608920482300436, "rpe_8m_trans": 0.27375760878067495, "rpe_8m_rot": 3.700445962483295, "rpe_16m_trans": 0.2619696817662469, "rpe_16m_rot": 3.1761606625488708, "rpe_24m_trans": 0.29098699595344774, "rpe_24m_rot": 2.884203045541875, "rpe_32m_trans": 0.23786504686957993, "rpe_32m_rot": 3.135907166104707, "rpe_40m_trans": 0.2529459968682778, "rpe_40m_rot": 3.186868636192324, "rpe_48m_trans": 0.29606990262005195, "rpe_48m_rot": 3.418978101902376}