{"rmse": 0.34037392932113175, "mean": 0.3277420972052461, "median": 0.3126332703200838, "std": 0.09186691178554886, "min": 0.112309888277845, "max": 0.6357726869785678, "sse": 421.47834998836174}