{"std": 13.29009578643237, "rmse": 23.107455356813638, "sse": 110528.58006489702, "max": 75.01398183322102, "min": 7.587220987756156, "median": 15.54728536446613, "mean": 18.90311738985367}