{"ape_trans": 0.1062542641607504, "ape_rot_deg": 1.0141784756537406, "rpe_8m_trans": 0.04412417725812699, "rpe_8m_rot": 0.8070965467697917, "rpe_16m_trans": 0.06340978897546953, "rpe_16m_rot": 1.017163990014063, "rpe_24m_trans": 0.07648199150020189, "rpe_24m_rot": 1.2470619885306735, "rpe_32m_trans": 0.09191302818730698, "rpe_32m_rot": 1.2120064907453418, "rpe_40m_trans": 0.11269349447534358, "rpe_40m_rot": 1.2677999133440827, "rpe_48m_trans": 0.12862801312508848, "rpe_48m_rot": 1.302376739974383}