{"rmse": 0.8610246368583591, "mean": 0.8591816059906136, "median": 0.8639082207830604, "std": 0.05630624480871778, "min": 0.6980164139996062, "max": 0.9832640977273147, "sse": 740.6220618517921}