{"rmse": 0.7476240803217885, "mean": 0.5112083730924231, "median": 0.29889177723146365, "std": 0.5455343845782759, "min": 0.19963381350441523, "max": 2.0758798625992436, "sse": 951.8778266073313}