{"ape_trans": 0.24398899711879823, "ape_rot_deg": 4.256128652483971, "rpe_8m_trans": 0.1790956265806435, "rpe_8m_rot": 0.7763397827243556, "rpe_16m_trans": 0.2379670900251708, "rpe_16m_rot": 1.0223326950654965, "rpe_24m_trans": 0.3066979732901823, "rpe_24m_rot": 0.999556860651226, "rpe_32m_trans": 0.39358596214733804, "rpe_32m_rot": 0.9747026210602974, "rpe_40m_trans": 0.44332563843023054, "rpe_40m_rot": 0.8599925815782481, "rpe_48m_trans": 0.49058072912761164, "rpe_48m_rot": 0.9491132163840998}