{"ape_trans": 0.06911152950473365, "ape_rot_deg": 6.2598937251549165, "rpe_8m_trans": 0.3144064653837414, "rpe_8m_rot": 3.6659476801488746, "rpe_16m_trans": 0.26248220274766226, "rpe_16m_rot": 3.0422084029769194, "rpe_24m_trans": 0.3107946428692592, "rpe_24m_rot": 2.968228802795133, "rpe_32m_trans": 0.27046489892909564, "rpe_32m_rot": 3.2282286893388683, "rpe_40m_trans": 0.26776467657182657, "rpe_40m_rot": 3.147256057094903, "rpe_48m_trans": 0.37630918238691996, "rpe_48m_rot": 3.395255707310916}