{"rmse": 0.3408432644862833, "mean": 0.23733061910928457, "median": 0.14911134855488525, "std": 0.24463913868976525, "min": 0.029059018575335657, "max": 0.9203791748879961, "sse": 197.84454500047005}