{"rmse": 0.11936386943953092, "mean": 0.09250853767925302, "median": 0.06714370024869536, "std": 0.07543145089432925, "min": 0.02746818800327676, "max": 0.403114321093047, "sse": 20.274524525142617}