{"rmse": 0.1527819327340466, "mean": 0.14645348883572618, "median": 0.14265906111344673, "std": 0.04351660117466174, "min": 0.04198791290769101, "max": 0.2621576122436576, "sse": 32.259084816471926}