{"rmse": 0.08895301187838427, "mean": 0.07886000464216131, "median": 0.07218880535088562, "std": 0.04115504817242075, "min": 0.01119816198445793, "max": 0.2019874405152214, "sse": 11.00647990623024}