{"ape_trans": 0.2771756129607525, "ape_rot_deg": 3.217098009171401, "rpe_8m_trans": 0.21254164136566267, "rpe_8m_rot": 1.7644815520638661, "rpe_16m_trans": 0.3160654255441917, "rpe_16m_rot": 2.4698094960279637, "rpe_24m_trans": 0.39875736888398366, "rpe_24m_rot": 3.393704659478657, "rpe_32m_trans": 0.434763567264015, "rpe_32m_rot": 4.091513600729902, "rpe_40m_trans": 0.433403540823612, "rpe_40m_rot": 4.576289635675469, "rpe_48m_trans": 0.4913190302369441, "rpe_48m_rot": 5.677337266280352}