{"ape_trans": 2.3217897341607507, "ape_rot_deg": 19.63983017416008, "rpe_8m_trans": 1.2426977149644498, "rpe_8m_rot": 1.2929798166648547, "rpe_16m_trans": 2.693339222868345, "rpe_16m_rot": 1.6434220276002618, "rpe_24m_trans": 3.4541119275496346, "rpe_24m_rot": 1.9170177563859778, "rpe_32m_trans": 4.419655465520377, "rpe_32m_rot": 2.3766287166558815, "rpe_40m_trans": 4.693555893143574, "rpe_40m_rot": 2.683277632499972, "rpe_48m_trans": 4.672403190044478, "rpe_48m_rot": 2.6686339580536584}