{"ape_trans": 0.14944975848005793, "ape_rot_deg": 1.545133440488963, "rpe_8m_trans": 0.20794153445853342, "rpe_8m_rot": 0.5103690123803715, "rpe_16m_trans": 0.2762821918006634, "rpe_16m_rot": 0.5260869924006001, "rpe_24m_trans": 0.23832450502226252, "rpe_24m_rot": 0.5643126903484823, "rpe_32m_trans": 0.25504782650030156, "rpe_32m_rot": 0.5963109019882269, "rpe_40m_trans": 0.23588075329617506, "rpe_40m_rot": 0.6352419064622303, "rpe_48m_trans": 0.21710212622404632, "rpe_48m_rot": 0.48004271317729436}