{"ape_trans": 0.34037392932113175, "ape_rot_deg": 2.4799513067329926, "rpe_8m_trans": 0.23880573746684666, "rpe_8m_rot": 0.7964993991980966, "rpe_16m_trans": 0.3959513464613156, "rpe_16m_rot": 0.9402239015095168, "rpe_24m_trans": 0.5029243557573125, "rpe_24m_rot": 1.2667571933835426, "rpe_32m_trans": 0.5597751934461979, "rpe_32m_rot": 1.3533683775476346, "rpe_40m_trans": 0.6338739903240003, "rpe_40m_rot": 1.4814728330034241, "rpe_48m_trans": 0.5882422344350179, "rpe_48m_rot": 1.5105132229742708}