{"ape_trans": 0.996306176800298, "ape_rot_deg": 21.562074693228105, "rpe_8m_trans": 1.3187073697128358, "rpe_8m_rot": 8.364872767162, "rpe_16m_trans": 1.1222635848928941, "rpe_16m_rot": 14.107622303481907, "rpe_24m_trans": 1.6164871266439915, "rpe_24m_rot": 20.98670883918878, "rpe_32m_trans": 1.6565872416091278, "rpe_32m_rot": 27.53084599289596, "rpe_40m_trans": 1.7437315496843966, "rpe_40m_rot": 33.37999116561616, "rpe_48m_trans": 1.6056154770239608, "rpe_48m_rot": 38.74494783944856}