{"ape_trans": 0.1785386028648702, "ape_rot_deg": 2.309254643654249, "rpe_8m_trans": 0.13732423973147978, "rpe_8m_rot": 0.6084675432735415, "rpe_16m_trans": 0.25361530685962563, "rpe_16m_rot": 0.6517519232808564, "rpe_24m_trans": 0.27389471969251306, "rpe_24m_rot": 0.5096696252562823, "rpe_32m_trans": 0.32864818286274483, "rpe_32m_rot": 0.700639500089566, "rpe_40m_trans": 0.35163408691585646, "rpe_40m_rot": 0.7327303277864178, "rpe_48m_trans": 0.41314891904928713, "rpe_48m_rot": 0.586819710200719}