{"rmse": 0.13495193773911812, "mean": 0.12538220578608036, "median": 0.12232898693090284, "std": 0.04991320438280639, "min": 0.030321591612257417, "max": 0.36677458898411913, "sse": 9.415617183263635}