{"rmse": 0.34053336627517705, "mean": 0.3098352955865799, "median": 0.31314688231161497, "std": 0.14129778184911657, "min": 0.05197472081790271, "max": 0.5850801354831195, "sse": 219.1700200032703}