{"ape_trans": 8.98729562239508, "ape_rot_deg": 36.92936313797742, "rpe_8m_trans": 0.056044265518059674, "rpe_8m_rot": 0.8773983916097293, "rpe_16m_trans": 0.06538149686809029, "rpe_16m_rot": 0.8997122228751597, "rpe_24m_trans": 8.684340076129908, "rpe_24m_rot": 4.643152354867116, "rpe_32m_trans": 10.737702100536369, "rpe_32m_rot": 5.585267008519059, "rpe_40m_trans": 12.483933805648611, "rpe_40m_rot": 6.553025204057903, "rpe_48m_trans": 14.35073970037143, "rpe_48m_rot": 7.531440071488065}