{"std": 0.0133620558314443, "rmse": 0.03398533663500959, "sse": 1.2069782459736969, "max": 0.13731621714072662, "min": 0.0055406506664523675, "median": 0.029840840189746327, "mean": 0.031248337078191704}