{"std": 0.14013892887829105, "rmse": 1.2602081904361495, "sse": 3435.1136898532122, "max": 1.5830733215776227, "min": 0.8989202619071015, "median": 1.2548536551409681, "mean": 1.2523920168442464}