{"rmse": 0.08605457680804152, "mean": 0.0711454173600484, "median": 0.05908337970198415, "std": 0.04841197969795948, "min": 0.012888890090326094, "max": 0.22595034631817199, "sse": 7.95338906364234}