{"ape_trans": 0.11619828181738945, "ape_rot_deg": 2.520052637546512, "rpe_8m_trans": 0.1120520369651758, "rpe_8m_rot": 1.3636469859673295, "rpe_16m_trans": 0.14017512396633042, "rpe_16m_rot": 1.5228384236950792, "rpe_24m_trans": 0.16538936787718195, "rpe_24m_rot": 1.9221738027149369, "rpe_32m_trans": 0.19755570487579024, "rpe_32m_rot": 2.3765159686041724, "rpe_40m_trans": 0.20609014138799564, "rpe_40m_rot": 2.739365881377132, "rpe_48m_trans": 0.2262694323594469, "rpe_48m_rot": 3.229543373370236}