{"rmse": 0.17291173691980885, "mean": 0.15771214086775798, "median": 0.14612714142069125, "std": 0.07088969874060443, "min": 0.024802014647675553, "max": 0.32390079894566776, "sse": 38.12054767489711}