{"rmse": 0.04264028858816377, "mean": 0.04024022598950136, "median": 0.04001778758089189, "std": 0.014103844270118276, "min": 0.005159949698784435, "max": 0.08015592685021522, "sse": 2.483653292064661}