{"ape_trans": 0.8614650706510949, "ape_rot_deg": 4.888266603760344, "rpe_8m_trans": 0.7108134824225236, "rpe_8m_rot": 0.9188578484355842, "rpe_16m_trans": 0.9725768468332093, "rpe_16m_rot": 0.9933872052603336, "rpe_24m_trans": 1.2047207570008347, "rpe_24m_rot": 1.0088739726362845, "rpe_32m_trans": 1.4174538709925768, "rpe_32m_rot": 1.0723874053331988, "rpe_40m_trans": 1.6747945889671156, "rpe_40m_rot": 0.8175413898719425, "rpe_48m_trans": 1.7054014869236862, "rpe_48m_rot": 0.7439087629589559}