{"ape_trans": 3024077.320259996, "ape_rot_deg": 121.04209384709416, "rpe_8m_trans": 0.034664477214849, "rpe_8m_rot": 0.49740881394672726, "rpe_16m_trans": 0.03627745506786194, "rpe_16m_rot": 0.5513614512628976, "rpe_24m_trans": 0.04016988326508655, "rpe_24m_rot": 0.6402129000529262, "rpe_32m_trans": 0.04545689815618144, "rpe_32m_rot": 0.702488900363414, "rpe_40m_trans": 0.0557416120515615, "rpe_40m_rot": 0.8046223459796097, "rpe_48m_trans": 0.06840620959671731, "rpe_48m_rot": 0.9723023839007275}