{"std": 0.09591078648105028, "rmse": 0.31799074303241065, "sse": 99.50022285183573, "max": 0.44444076250069897, "min": 0.09276017437165283, "median": 0.34914489531125487, "mean": 0.30318184921081764}