{"rmse": 0.04226453779142878, "mean": 0.03809860181332066, "median": 0.033079977196628085, "std": 0.018297204556793678, "min": 0.008444764296933272, "max": 0.08068794528644593, "sse": 1.8952549151612212}