{"std": 0.36692492986767383, "rmse": 0.8835153511972883, "sse": 402.0086785376529, "max": 1.6150184732477237, "min": 0.15730075057411352, "median": 0.8018815217698614, "mean": 0.803719771837716}