{"ape_trans": 0.042264386418123676, "ape_rot_deg": 0.8132992721031719, "rpe_8m_trans": 0.04423433683527886, "rpe_8m_rot": 0.7696964591681372, "rpe_16m_trans": 0.049110043185144926, "rpe_16m_rot": 0.9055477492937005, "rpe_24m_trans": 0.058263989037347724, "rpe_24m_rot": 1.0129159200924442, "rpe_32m_trans": 0.07000965561760242, "rpe_32m_rot": 1.049537501111421, "rpe_40m_trans": 0.0850711216002187, "rpe_40m_rot": 0.8814839269294108, "rpe_48m_trans": 0.10382379209696395, "rpe_48m_rot": 0.6606503508476155}