{"rmse": 0.23478365503495136, "mean": 0.20609316777652303, "median": 0.19485221128175514, "std": 0.11246764364655713, "min": 0.038744196613870005, "max": 0.549579477256602, "sse": 72.10136099041492}