{"ape_trans": 5.0240748153717565, "ape_rot_deg": 20.196625374486587, "rpe_8m_trans": 0.03502084168395372, "rpe_8m_rot": 1.052033679926453, "rpe_16m_trans": 3.9177473270382417, "rpe_16m_rot": 4.588304918348194, "rpe_24m_trans": 5.430309011879308, "rpe_24m_rot": 6.330104199955447, "rpe_32m_trans": 6.863959975756947, "rpe_32m_rot": 7.844700121189088, "rpe_40m_trans": 8.565483162957568, "rpe_40m_rot": 9.615142125652635, "rpe_48m_trans": 9.841709012304861, "rpe_48m_rot": 10.857566543699471}