{"ape_trans": 0.27716355719256086, "ape_rot_deg": 3.2170496850123635, "rpe_8m_trans": 0.21254159479249699, "rpe_8m_rot": 1.7644248752790597, "rpe_16m_trans": 0.31607215938831285, "rpe_16m_rot": 2.469748218791015, "rpe_24m_trans": 0.3987657249586881, "rpe_24m_rot": 3.3936720137979526, "rpe_32m_trans": 0.43477211953347655, "rpe_32m_rot": 4.0914627224607445, "rpe_40m_trans": 0.4334014778491542, "rpe_40m_rot": 4.5761855428380915, "rpe_48m_trans": 0.4912957076300269, "rpe_48m_rot": 5.677184048778434}