{"rmse": 0.17334989932512565, "mean": 0.13140362256946658, "median": 0.10802180517126822, "std": 0.11306314860135629, "min": 0.020896936954372832, "max": 0.5116914934855312, "sse": 44.92503045606664}