{"std": 0.07140030069665831, "rmse": 0.17922396254068848, "sse": 40.66547559596321, "max": 0.3078709824133812, "min": 0.025780707204395462, "median": 0.16087440162251757, "mean": 0.16438742594618624}