{"rmse": 16.506836185379147, "mean": 11.8289706654012, "median": 6.913389755166451, "std": 11.513083594242694, "min": 5.524157197902118, "max": 93.91470943991123, "sse": 341411.97798623075}