{"std": 0.30210369735142517, "rmse": 0.602978276653722, "sse": 250.5085506581255, "max": 1.9754501375571254, "min": 0.06029679122841868, "median": 0.46951742398210067, "mean": 0.5218392071921111}