{"rmse": 1.7154860091155313, "mean": 1.6677751458681462, "median": 1.4204588587941658, "std": 0.4017689762732013, "min": 1.2151135769198547, "max": 2.3954957759744633, "sse": 1636.2480895939498}