{"ape_trans": 129.4322677290289, "ape_rot_deg": 60.158514968222114, "rpe_8m_trans": 4.2945772808679274, "rpe_8m_rot": 1.5653170963518475, "rpe_16m_trans": 9.78970143343418, "rpe_16m_rot": 1.9762681329677836, "rpe_24m_trans": 15.53118405649288, "rpe_24m_rot": 2.3841363297366907, "rpe_32m_trans": 22.487974104219568, "rpe_32m_rot": 9.170484712667282, "rpe_40m_trans": 28.016871875999144, "rpe_40m_rot": 10.879148051201359, "rpe_48m_trans": 34.01693424974844, "rpe_48m_rot": 12.214631880788092}