{"rmse": 0.07358557305386212, "mean": 0.06409716182755679, "median": 0.05946570472859888, "std": 0.03614402312025149, "min": 0.006084991839560842, "max": 0.1947096796129061, "sse": 7.277540338878135}