{"rmse_8m_trans": 0.16923700411309398, "rmse_8m_rot": 1.2988413224526871, "rmse_16m_trans": 0.2531377059039778, "rmse_16m_rot": 1.776844437004535, "rmse_24m_trans": 0.29926168248664586, "rmse_24m_rot": 2.200240802490417, "rmse_32m_trans": 0.3830389725433188, "rmse_32m_rot": 2.3796982625171763, "rmse_40m_trans": 0.36890769512892657, "rmse_40m_rot": 2.2398976447986025, "rmse_48m_trans": 0.42061709727670216, "rmse_48m_rot": 2.4728924376668586}