{"std": 0.1483708527975493, "rmse": 2.1839159556061682, "sse": 5651.844347864176, "max": 2.5436156249168986, "min": 1.8556890131849035, "median": 2.156598965386431, "mean": 2.178870118017899}