{"ape_trans": 0.4141104734095971, "ape_rot_deg": 2.529212874555847, "rpe_8m_trans": 0.39775284973630376, "rpe_8m_rot": 0.8709154013186279, "rpe_16m_trans": 0.5013078864539623, "rpe_16m_rot": 0.9347673574239838, "rpe_24m_trans": 0.5910825273520616, "rpe_24m_rot": 0.9633537779313835, "rpe_32m_trans": 0.7055975472453099, "rpe_32m_rot": 1.0018067060250262, "rpe_40m_trans": 0.7609997138262109, "rpe_40m_rot": 0.9871575948639825, "rpe_48m_trans": 0.7631343269360304, "rpe_48m_rot": 1.0195585680183141}