{"ape_trans": 0.36883405940179653, "ape_rot_deg": 3.6889690495289855, "rpe_8m_trans": 0.3144509584403887, "rpe_8m_rot": 0.7040495164232515, "rpe_16m_trans": 0.4129566945383343, "rpe_16m_rot": 0.929829162328199, "rpe_24m_trans": 0.48797086334632295, "rpe_24m_rot": 1.2225868052822144, "rpe_32m_trans": 0.5802204585020778, "rpe_32m_rot": 1.2467292158435417, "rpe_40m_trans": 0.6096959093798577, "rpe_40m_rot": 1.3869499316315679, "rpe_48m_trans": 0.5557901117228212, "rpe_48m_rot": 1.4448843156203444}