{"ape_trans": 0.13062596992099446, "ape_rot_deg": 7.1010220168285345, "rpe_8m_trans": 0.31849906358005764, "rpe_8m_rot": 3.7409510884936186, "rpe_16m_trans": 0.30051234672169647, "rpe_16m_rot": 3.2185619470459597, "rpe_24m_trans": 0.35049781203629204, "rpe_24m_rot": 3.310168515467541, "rpe_32m_trans": 0.333006277781242, "rpe_32m_rot": 3.666902065356755, "rpe_40m_trans": 0.37985392372012655, "rpe_40m_rot": 3.6713849777163685, "rpe_48m_trans": 0.4644401915212314, "rpe_48m_rot": 4.372995928376391}