{"ape_trans": 0.08419207754253472, "ape_rot_deg": 1.0831559901694767, "rpe_8m_trans": 0.06545862015187394, "rpe_8m_rot": 0.9735062565297806, "rpe_16m_trans": 0.07521365275311756, "rpe_16m_rot": 1.1509853459670323, "rpe_24m_trans": 0.08864657474926564, "rpe_24m_rot": 1.3372045774259709, "rpe_32m_trans": 0.10436530335638704, "rpe_32m_rot": 1.5459783157199771, "rpe_40m_trans": 0.10965459077876644, "rpe_40m_rot": 1.748695123964611, "rpe_48m_trans": 0.10713471824739058, "rpe_48m_rot": 1.8136651960843944}