{"ape_trans": 0.3913012462678735, "ape_rot_deg": 1.4351735400419163, "rpe_8m_trans": 0.24194149672849433, "rpe_8m_rot": 0.49745243257119365, "rpe_16m_trans": 0.3762426482974417, "rpe_16m_rot": 0.634618927393163, "rpe_24m_trans": 0.46796603584331065, "rpe_24m_rot": 0.6520203999555367, "rpe_32m_trans": 0.5329988342820976, "rpe_32m_rot": 0.7237430607626998, "rpe_40m_trans": 0.6338739699597391, "rpe_40m_rot": 0.9707980004629598, "rpe_48m_trans": 0.5942064092703457, "rpe_48m_rot": 1.136176672075298}