{"rmse": 0.6483975107841576, "mean": 0.644935985684793, "median": 0.6414916129687298, "std": 0.06690968808682554, "min": 0.4759548051167197, "max": 0.8332278661739478, "sse": 850.5083086179786}