{"ape_trans": 6.3975713303529576, "ape_rot_deg": 22.00304873709977, "rpe_8m_trans": 0.03830700135868737, "rpe_8m_rot": 0.8669264092185862, "rpe_16m_trans": 4.743831999510619, "rpe_16m_rot": 5.401130234733423, "rpe_24m_trans": 6.789739432812158, "rpe_24m_rot": 7.490347124013891, "rpe_32m_trans": 7.963401341883633, "rpe_32m_rot": 8.796815393047446, "rpe_40m_trans": 9.163324568300398, "rpe_40m_rot": 10.084881451306861, "rpe_48m_trans": 10.429229862517243, "rpe_48m_rot": 11.391554502072887}