{"rmse": 0.08419207754253472, "mean": 0.07174351834164994, "median": 0.0600252746546067, "std": 0.04405875051439291, "min": 0.019680969058661717, "max": 0.19043751783839627, "sse": 8.980883601816002}