{"rmse": 0.8570895094353307, "mean": 0.5862862360887288, "median": 0.3423785047476988, "std": 0.6251966703022396, "min": 0.23200870605268603, "max": 2.390160962583074, "sse": 1251.0279334945153}