{"ape_trans": 14.964277794929275, "ape_rot_deg": 39.0186738442791, "rpe_8m_trans": 2.9143291287922275, "rpe_8m_rot": 2.9362339350326017, "rpe_16m_trans": 6.197200717524391, "rpe_16m_rot": 4.486056223744109, "rpe_24m_trans": 11.278644614532121, "rpe_24m_rot": 5.06080503177198, "rpe_32m_trans": 16.882103253064688, "rpe_32m_rot": 5.329453956261011, "rpe_40m_trans": 22.92011986904099, "rpe_40m_rot": 6.503826741090087, "rpe_48m_trans": 27.192233294301676, "rpe_48m_rot": 8.417877676350898}