{"ape_trans": 0.5542105995744601, "ape_rot_deg": 60.386426611507886, "rpe_8m_trans": 0.6247677112909258, "rpe_8m_rot": 1.7264388397841723, "rpe_16m_trans": 1.0152250665324427, "rpe_16m_rot": 2.7302897693590276, "rpe_24m_trans": 1.3591346628077956, "rpe_24m_rot": 3.941338918073972, "rpe_32m_trans": 1.4326038590825783, "rpe_32m_rot": 4.2752865603005406, "rpe_40m_trans": 1.4246935045269493, "rpe_40m_rot": 4.454301282016696, "rpe_48m_trans": 1.4069138607934946, "rpe_48m_rot": 4.746189665886628}