{"ape_trans": 0.9950802517892874, "ape_rot_deg": 21.892986689803717, "rpe_8m_trans": 1.3008520649822897, "rpe_8m_rot": 8.64426649344119, "rpe_16m_trans": 1.151976328607382, "rpe_16m_rot": 14.666654513586833, "rpe_24m_trans": 1.5768441356193288, "rpe_24m_rot": 21.637115608906758, "rpe_32m_trans": 1.6727580854109876, "rpe_32m_rot": 28.45170282453982, "rpe_40m_trans": 1.7312490562002223, "rpe_40m_rot": 34.82355267220014, "rpe_48m_trans": 1.3888244640961243, "rpe_48m_rot": 40.4345264768636}