{"rmse": 0.051562454660399465, "mean": 0.04797507886542152, "median": 0.04734904776418121, "std": 0.01889652186150501, "min": 0.008190167813808557, "max": 0.18543655446301052, "sse": 5.809230506373565}