{"ape_trans": 0.6671841359643502, "ape_rot_deg": 30.328231542376695, "rpe_8m_trans": 0.6994483840575606, "rpe_8m_rot": 1.4640726559315573, "rpe_16m_trans": 0.9918005640623606, "rpe_16m_rot": 1.9477637788578168, "rpe_24m_trans": 1.2662726947346246, "rpe_24m_rot": 2.5160386193553355, "rpe_32m_trans": 1.3867807147577063, "rpe_32m_rot": 2.868441990102363, "rpe_40m_trans": 1.486212270401562, "rpe_40m_rot": 3.163742650861334, "rpe_48m_trans": 1.4846360256579838, "rpe_48m_rot": 3.246855554777296}