{"ape_trans": 0.11001422157307879, "ape_rot_deg": 3.2593494799099534, "rpe_8m_trans": 0.15165258395755152, "rpe_8m_rot": 1.9737617578463595, "rpe_16m_trans": 0.15147451602848605, "rpe_16m_rot": 2.413313319122022, "rpe_24m_trans": 0.16421465532718357, "rpe_24m_rot": 2.693079090676737, "rpe_32m_trans": 0.17923457264196627, "rpe_32m_rot": 3.025459238019641, "rpe_40m_trans": 0.19737200597172677, "rpe_40m_rot": 3.2607680965121024, "rpe_48m_trans": 0.21590178303089408, "rpe_48m_rot": 4.0137055435706745}