{"rmse": 0.3820773941162131, "mean": 0.3536873545348185, "median": 0.4078696878978154, "std": 0.1445281645105812, "min": 0.009758230728871272, "max": 0.6929480480798509, "sse": 129.34105769384752}