{"rmse_8m_trans": 0.19177545511021085, "rmse_8m_rot": 1.6375807511406817, "rmse_16m_trans": 0.2591870638863511, "rmse_16m_rot": 1.7707901705857036, "rmse_24m_trans": 0.3159299795918595, "rmse_24m_rot": 2.06817304785349, "rmse_32m_trans": 0.3532129403112757, "rmse_32m_rot": 2.2701453917916514, "rmse_40m_trans": 0.3893970533429825, "rmse_40m_rot": 2.21496837243483, "rmse_48m_trans": 0.47572793940286423, "rmse_48m_rot": 2.5229958808427675}