{"rmse": 0.309906616006117, "mean": 0.28926756331952913, "median": 0.3304956239813222, "std": 0.11120426006023819, "min": 0.06942562299508004, "max": 0.47026456579162834, "sse": 94.02522632083125}