{"rmse": 1.6533951270484983, "mean": 1.0603514591595802, "median": 0.6098401973585597, "std": 1.2686095653138791, "min": 0.26059692954051256, "max": 5.112259572485962, "sse": 1085.2850321206447}