{"rmse": 0.3469874292334815, "mean": 0.3307150114564571, "median": 0.37751361978313336, "std": 0.10501360503961285, "min": 0.11480109039252402, "max": 0.4835528105779574, "sse": 117.5106694209549}