{"std": 0.21682579557601872, "rmse": 0.5892967663899997, "sse": 175.02442215436582, "max": 2.18207649985281, "min": 0.22773926121836116, "median": 0.5276652851283596, "mean": 0.5479573461963407}