{"std": 0.08546512803039442, "rmse": 0.18717797097725283, "sse": 34.75530807660802, "max": 0.3751536869797318, "min": 0.014108767434941197, "median": 0.14456948208820736, "mean": 0.16652718910108819}