{"rmse": 0.8168917445914083, "mean": 0.7880038729908009, "median": 0.771974586944199, "std": 0.21531841196955842, "min": 0.30077438082657215, "max": 2.3140200647679365, "sse": 324.313691477455}