{"ape_trans": 6765885.716575671, "ape_rot_deg": 136.87236887849923, "rpe_8m_trans": 0.040365416674497855, "rpe_8m_rot": 0.5110751454734022, "rpe_16m_trans": 0.03666552154201066, "rpe_16m_rot": 0.5338026899058665, "rpe_24m_trans": 0.044582719726275866, "rpe_24m_rot": 0.6230830436714082, "rpe_32m_trans": 0.04571767488457326, "rpe_32m_rot": 0.7440129007073215, "rpe_40m_trans": 0.05282758407644512, "rpe_40m_rot": 0.890550313239307, "rpe_48m_trans": 0.07136046874493047, "rpe_48m_rot": 1.0997840668721142}