{"ape_trans": 0.07568187832834142, "ape_rot_deg": 1.0513148519954, "rpe_8m_trans": 0.06061688099733954, "rpe_8m_rot": 0.95797561104848, "rpe_16m_trans": 0.06772852153143187, "rpe_16m_rot": 1.1413703724312654, "rpe_24m_trans": 0.07710017349435716, "rpe_24m_rot": 1.3038701806816164, "rpe_32m_trans": 0.08694236094744509, "rpe_32m_rot": 1.4981045912296551, "rpe_40m_trans": 0.08631066510891994, "rpe_40m_rot": 1.6931418851441753, "rpe_48m_trans": 0.08435067372993159, "rpe_48m_rot": 1.7607988649010384}