{"rmse": 0.08354304432485819, "mean": 0.07871117233443224, "median": 0.07713360106047557, "std": 0.027999850085393806, "min": 0.005794743921498597, "max": 0.17089454263162943, "sse": 17.790593210161244}