{"ape_trans": 1.332203232244347, "ape_rot_deg": 22.62216807351938, "rpe_8m_trans": 1.1116978485201128, "rpe_8m_rot": 1.6128436402240043, "rpe_16m_trans": 2.0214024988539587, "rpe_16m_rot": 2.492261704472352, "rpe_24m_trans": 2.6651798789334724, "rpe_24m_rot": 3.1679596094981792, "rpe_32m_trans": 2.8474353904780925, "rpe_32m_rot": 3.381932894412073, "rpe_40m_trans": 2.87495691016829, "rpe_40m_rot": 3.3024677936503535, "rpe_48m_trans": NaN, "rpe_48m_rot": NaN}