{"rmse": 0.14796759829895018, "mean": 0.12983246437936927, "median": 0.11107851349694164, "std": 0.07097845686924517, "min": 0.014198158159338862, "max": 0.33369351399253394, "sse": 21.74114927533497}