{"rmse_8m_trans": 0.16627886269486125, "rmse_8m_rot": 1.0035475295679341, "rmse_16m_trans": 0.2913142745311742, "rmse_16m_rot": 1.3858168746778612, "rmse_24m_trans": 0.33164474361115887, "rmse_24m_rot": 1.9593631951181256, "rmse_32m_trans": 0.4310081379530425, "rmse_32m_rot": 2.572288899868549, "rmse_40m_trans": 0.4066408668250419, "rmse_40m_rot": 3.2183343182868285, "rmse_48m_trans": 0.5150946492998549, "rmse_48m_rot": 3.7425638102254135}