{"rmse": 0.08855805449285535, "mean": 0.07111245529718341, "median": 0.05454668370769033, "std": 0.05277828831219925, "min": 0.0032200384780276493, "max": 0.2180163538476115, "sse": 9.928641733698374}