{"ape_trans": 0.10909931201463989, "ape_rot_deg": 1.0814592482168797, "rpe_8m_trans": 0.06157845898217602, "rpe_8m_rot": 0.7325012103276164, "rpe_16m_trans": 0.10403826071324815, "rpe_16m_rot": 0.9381871649462866, "rpe_24m_trans": 0.1435649862807423, "rpe_24m_rot": 1.1716110936547197, "rpe_32m_trans": 0.17746307507840997, "rpe_32m_rot": 1.3531784239843285, "rpe_40m_trans": 0.21401529164433186, "rpe_40m_rot": 1.5152439200159042, "rpe_48m_trans": 0.2452870435116915, "rpe_48m_rot": 1.7802024002394834}