{"ape_trans": 0.4958373393761991, "ape_rot_deg": 6.361087942794077, "rpe_8m_trans": 0.4043020536687518, "rpe_8m_rot": 1.315381124799195, "rpe_16m_trans": 0.5574713101490362, "rpe_16m_rot": 1.747787562870957, "rpe_24m_trans": 0.6768068384697794, "rpe_24m_rot": 2.167608245728894, "rpe_32m_trans": 0.7829802476259965, "rpe_32m_rot": 2.6171207006658714, "rpe_40m_trans": 0.9127470656165779, "rpe_40m_rot": 3.1201964300068665, "rpe_48m_trans": 0.9778143407668601, "rpe_48m_rot": 3.550936776396985}