{"ape_trans": 0.07996951482497515, "ape_rot_deg": 0.849275242791889, "rpe_8m_trans": 0.04085028003709353, "rpe_8m_rot": 0.7621444139618818, "rpe_16m_trans": 0.05812481040518931, "rpe_16m_rot": 0.9721779577995356, "rpe_24m_trans": 0.06651301744760774, "rpe_24m_rot": 0.9976832692058615, "rpe_32m_trans": 0.07831760111738839, "rpe_32m_rot": 0.9956627921836045, "rpe_40m_trans": 0.08827940316957587, "rpe_40m_rot": 1.0470043903217832, "rpe_48m_trans": 0.10017784788846464, "rpe_48m_rot": 1.1158506842841371}