{"std": 0.36782321910322147, "rmse": 0.8853890072568964, "sse": 501.7047642696656, "max": 1.9449602944966595, "min": 0.026213283002463013, "median": 0.7656574365735561, "mean": 0.8053693399055465}