{"ape_trans": 0.9945161036361901, "ape_rot_deg": 28.457057528312394, "rpe_8m_trans": 0.8638779387983806, "rpe_8m_rot": 2.0316061101239056, "rpe_16m_trans": 1.3136605714837744, "rpe_16m_rot": 3.061933672529988, "rpe_24m_trans": 1.790197917771391, "rpe_24m_rot": 4.317874355654155, "rpe_32m_trans": 1.99619143478878, "rpe_32m_rot": 4.925250634635149, "rpe_40m_trans": 2.124183060581761, "rpe_40m_rot": 5.417341690824217, "rpe_48m_trans": 2.125221342942927, "rpe_48m_rot": 5.722749505978221}