{"rmse": 0.4953741814651675, "mean": 0.48969253973042126, "median": 0.47127182304218673, "std": 0.07481173834803263, "min": 0.29116713448966625, "max": 0.702482860961304, "sse": 261.10089676067093}