{"ape_trans": 0.2710974674038853, "ape_rot_deg": 3.2320401042764506, "rpe_8m_trans": 0.1877895596343358, "rpe_8m_rot": 1.2015944963975167, "rpe_16m_trans": 0.30258336371504624, "rpe_16m_rot": 1.8157301872324827, "rpe_24m_trans": 0.3981794784171884, "rpe_24m_rot": 2.3842326879621014, "rpe_32m_trans": 0.4805220495023161, "rpe_32m_rot": 3.240898463147472, "rpe_40m_trans": 0.4879479724961553, "rpe_40m_rot": 3.853634619603774, "rpe_48m_trans": 0.5540295293056091, "rpe_48m_rot": 4.532091339377159}