{"std": 0.37686080617293366, "rmse": 1.098017554590054, "sse": 475.0231647740412, "max": 1.7311596189520357, "min": 0.2114104982011636, "median": 0.9556536800551589, "mean": 1.0313188076238156}