{"rmse": 0.22052092885506833, "mean": 0.20679538106686496, "median": 0.21082186179026233, "std": 0.07658427013762167, "min": 0.0188781314123162, "max": 0.45973090186483656, "sse": 145.88844018930632}