{"rmse": 0.04621618827474093, "mean": 0.04356808964926692, "median": 0.04404549874409865, "std": 0.015419391134533868, "min": 0.00652300295983934, "max": 0.09354301153708454, "sse": 6.055378726262264}