{"rmse_8m_trans": 0.07332076558447656, "rmse_8m_rot": 0.7988486213076595, "rmse_16m_trans": 0.09699897547431736, "rmse_16m_rot": 0.9855791945945521, "rmse_24m_trans": 0.1179601271656967, "rmse_24m_rot": 1.1611674570959278, "rmse_32m_trans": 0.14094964364359694, "rmse_32m_rot": 1.318521809545498, "rmse_40m_trans": 0.16440386130064402, "rmse_40m_rot": 1.474996084253784, "rmse_48m_trans": 0.1918804974095324, "rmse_48m_rot": 1.6236030421234249}