{"rmse": 0.08837945563590219, "mean": 0.07508343993660357, "median": 0.05824724894126514, "std": 0.04661979435588325, "min": 0.008611013571800382, "max": 0.17699354557356028, "sse": 9.810525792193992}