{"ape_trans": 9.448149917638986, "ape_rot_deg": 35.209128859759495, "rpe_8m_trans": 2.663431140233762, "rpe_8m_rot": 2.9519788986487794, "rpe_16m_trans": 5.446928691501855, "rpe_16m_rot": 4.577546744592666, "rpe_24m_trans": 9.634731553796248, "rpe_24m_rot": 5.114326570287991, "rpe_32m_trans": 13.779908651535134, "rpe_32m_rot": 5.869377491437799, "rpe_40m_trans": 16.614990030040406, "rpe_40m_rot": 7.312562836847761, "rpe_48m_trans": 18.253156565302664, "rpe_48m_rot": 7.4104718243354}