{"std": 0.15443119552962153, "rmse": 0.38524414309671823, "sse": 193.38220387679308, "max": 0.8318884772587974, "min": 0.05076930569330684, "median": 0.3276529463001442, "mean": 0.3529363336886931}