{"ape_trans": 0.3275273448952513, "ape_rot_deg": 4.690372245831649, "rpe_8m_trans": 0.31758675399069997, "rpe_8m_rot": 1.9083813417917799, "rpe_16m_trans": 0.38242319380541867, "rpe_16m_rot": 2.3102718109767286, "rpe_24m_trans": 0.4254806190717425, "rpe_24m_rot": 2.686549358126567, "rpe_32m_trans": 0.4504768826149957, "rpe_32m_rot": 2.9350355840716422, "rpe_40m_trans": 0.4897395243103425, "rpe_40m_rot": 3.2139268175690763, "rpe_48m_trans": 0.5639550227069459, "rpe_48m_rot": 3.9101613949983114}