{"ape_trans": 0.10805398227511975, "ape_rot_deg": 1.4510497531475683, "rpe_8m_trans": 0.048705253670263515, "rpe_8m_rot": 0.7901295342832552, "rpe_16m_trans": 0.07284163902806763, "rpe_16m_rot": 1.0970967948012544, "rpe_24m_trans": 0.08856597661487338, "rpe_24m_rot": 1.2791074592820508, "rpe_32m_trans": 0.10480993801112642, "rpe_32m_rot": 1.3709151660424963, "rpe_40m_trans": 0.11931794772467623, "rpe_40m_rot": 1.5309778967475882, "rpe_48m_trans": 0.12820694157062398, "rpe_48m_rot": 1.7094977626846644}