{"rmse": 0.6101311421292952, "mean": 0.5936139984131331, "median": 0.5482714234701596, "std": 0.14100507609292304, "min": 0.33922909167208964, "max": 1.1087023738486794, "sse": 444.85071266221786}