{"ape_trans": 0.8614178407562467, "ape_rot_deg": 4.888105570727616, "rpe_8m_trans": 0.7107772297378858, "rpe_8m_rot": 0.9188649731370753, "rpe_16m_trans": 0.9725278580878728, "rpe_16m_rot": 0.9934469638134252, "rpe_24m_trans": 1.204659650910877, "rpe_24m_rot": 1.0089417818568545, "rpe_32m_trans": 1.4173812776149697, "rpe_32m_rot": 1.0724935818802215, "rpe_40m_trans": 1.6747276853624764, "rpe_40m_rot": 0.817172894692733, "rpe_48m_trans": 1.7053059681705598, "rpe_48m_rot": 0.7448259282175866}