{"rmse": 0.3937520682576076, "mean": 0.38852863026433254, "median": 0.38206400690653974, "std": 0.06392335036639783, "min": 0.2778102076575529, "max": 0.5895316476277667, "sse": 81.70644429251473}