{"ape_trans": 22.089654590595885, "ape_rot_deg": 167.55393482579143, "rpe_8m_trans": 0.06810367780453655, "rpe_8m_rot": 1.4748561124589312, "rpe_16m_trans": 0.07913087584927417, "rpe_16m_rot": 1.7563085082432546, "rpe_24m_trans": 0.10123498420751405, "rpe_24m_rot": 2.152880741945198, "rpe_32m_trans": 0.12527764197608887, "rpe_32m_rot": 2.618286328814556, "rpe_40m_trans": 3.392811702579316, "rpe_40m_rot": 3.401139318327267, "rpe_48m_trans": 25.500514626927718, "rpe_48m_rot": 14.104057838821443}