{"rmse": 0.20721026875459336, "mean": 0.19194406763398206, "median": 0.18485729337336226, "std": 0.07806132446655073, "min": 0.05488169501873217, "max": 0.4440580351356976, "sse": 54.271224683371415}