{"rmse": 0.9450838470455779, "mean": 0.934238684202669, "median": 0.854813370032994, "std": 0.1427639971622235, "min": 0.7362336198177659, "max": 1.2189095496725506, "sse": 1067.3542561460308}