{"rmse": 0.151180480335303, "mean": 0.13548954191363136, "median": 0.12473678315727856, "std": 0.06706803759203989, "min": 0.006587300256720546, "max": 0.3017983134958476, "sse": 29.163666021510913}