{"ape_trans": 0.04827934310834563, "ape_rot_deg": 0.7691800894375345, "rpe_8m_trans": 0.05440851907909574, "rpe_8m_rot": 0.658309195152688, "rpe_16m_trans": 0.06470062040485308, "rpe_16m_rot": 0.8175706176950945, "rpe_24m_trans": 0.06446423735957149, "rpe_24m_rot": 1.0030990948915388, "rpe_32m_trans": 0.07767696950808212, "rpe_32m_rot": 1.1756484826880027, "rpe_40m_trans": 0.08398889062501586, "rpe_40m_rot": 1.2862289807271934, "rpe_48m_trans": 0.09471244265496684, "rpe_48m_rot": 1.354726668640285}