{"rmse": 11.032414705604133, "mean": 11.022661906202464, "median": 11.056666815992148, "std": 0.46378738445905904, "min": 9.881717031942493, "max": 12.052950371379463, "sse": 237951.21063222125}