{"ape_trans": 133.7526178402955, "ape_rot_deg": 170.08217942550615, "rpe_8m_trans": 2.430711972352827, "rpe_8m_rot": 2.0539586086989403, "rpe_16m_trans": 3.6296631623175126, "rpe_16m_rot": 2.0118600595413803, "rpe_24m_trans": 3.707238963900447, "rpe_24m_rot": 2.1190698079045975, "rpe_32m_trans": 4.104282809786693, "rpe_32m_rot": 2.207754146765071, "rpe_40m_trans": 5.352425713699214, "rpe_40m_rot": 2.2689965446580715, "rpe_48m_trans": 6.8216664154123325, "rpe_48m_rot": 2.3434983520543735}