{"ape_trans": 0.08106127788859172, "ape_rot_deg": 1.1408302257467122, "rpe_8m_trans": 0.04018050262462315, "rpe_8m_rot": 0.7738227988746657, "rpe_16m_trans": 0.05612296039130795, "rpe_16m_rot": 1.013143444187698, "rpe_24m_trans": 0.0652363160559974, "rpe_24m_rot": 1.1386423886496662, "rpe_32m_trans": 0.07606404385020064, "rpe_32m_rot": 1.2060517960761163, "rpe_40m_trans": 0.08861482507692861, "rpe_40m_rot": 1.2379961834852276, "rpe_48m_trans": 0.10352313805559514, "rpe_48m_rot": 1.2844011226779422}