{"ape_trans": 0.0731766582338758, "ape_rot_deg": 0.8854904568326667, "rpe_8m_trans": 0.06384104558491083, "rpe_8m_rot": 0.691738718965949, "rpe_16m_trans": 0.08289554338800481, "rpe_16m_rot": 0.8469093027947266, "rpe_24m_trans": 0.08638233238319408, "rpe_24m_rot": 0.905300908206716, "rpe_32m_trans": 0.10083715638342336, "rpe_32m_rot": 0.9145938538478169, "rpe_40m_trans": 0.13076822468670715, "rpe_40m_rot": 0.9291819791112508, "rpe_48m_trans": 0.15465057221757028, "rpe_48m_rot": 1.0869194219377272}