{"rmse_8m_trans": 0.19045906554322198, "rmse_8m_rot": 1.6096480500312962, "rmse_16m_trans": 0.25746684000734466, "rmse_16m_rot": 1.7037204167936664, "rmse_24m_trans": 0.31119422653785583, "rmse_24m_rot": 1.9657158396136636, "rmse_32m_trans": 0.3544006149355439, "rmse_32m_rot": 2.1566867163416794, "rmse_40m_trans": 0.3996785364690389, "rmse_40m_rot": 2.124069546464137, "rmse_48m_trans": 0.4907562379154831, "rmse_48m_rot": 2.452356579882434}