{"ape_trans": 0.13514283095203788, "ape_rot_deg": 11.72938114630943, "rpe_8m_trans": 0.17162597669130122, "rpe_8m_rot": 0.5464380531128656, "rpe_16m_trans": 0.2771829074301045, "rpe_16m_rot": 0.6341121235383497, "rpe_24m_trans": 0.3184357979942218, "rpe_24m_rot": 0.6867391179214536, "rpe_32m_trans": 0.31825135457949105, "rpe_32m_rot": 0.5983301489685346, "rpe_40m_trans": NaN, "rpe_40m_rot": NaN, "rpe_48m_trans": NaN, "rpe_48m_rot": NaN}