{"ape_trans": 0.3576348933749986, "ape_rot_deg": 0.9072334280087411, "rpe_8m_trans": 0.24022493802691094, "rpe_8m_rot": 0.6612681021523099, "rpe_16m_trans": 0.376929031690801, "rpe_16m_rot": 0.7595995273342276, "rpe_24m_trans": 0.4261633325494118, "rpe_24m_rot": 0.9241659004977644, "rpe_32m_trans": 0.4796864858246738, "rpe_32m_rot": 0.9920426780167885, "rpe_40m_trans": 0.5995127281399198, "rpe_40m_rot": 1.1194126558400186, "rpe_48m_trans": 0.7737153835113925, "rpe_48m_rot": 1.219601352339197}