{"ape_trans": 0.3334502075756973, "ape_rot_deg": 3.5073604223126167, "rpe_8m_trans": 0.2253097482123606, "rpe_8m_rot": 1.878044480395728, "rpe_16m_trans": 0.38425994084928106, "rpe_16m_rot": 2.499176365910826, "rpe_24m_trans": 0.5096114329191848, "rpe_24m_rot": 3.3917127815930086, "rpe_32m_trans": 0.5916574639619864, "rpe_32m_rot": 4.081610172445387, "rpe_40m_trans": 0.5592983139406802, "rpe_40m_rot": 4.77089553636989, "rpe_48m_trans": 0.5979262926512723, "rpe_48m_rot": 5.872822183430929}