{"ape_trans": 0.08887347256397185, "ape_rot_deg": 6.337662657311358, "rpe_8m_trans": 0.31591586097539415, "rpe_8m_rot": 3.6758438367121, "rpe_16m_trans": 0.26973553915748116, "rpe_16m_rot": 3.0262311177726597, "rpe_24m_trans": 0.32074840778192015, "rpe_24m_rot": 2.925260249906579, "rpe_32m_trans": 0.2868901978854016, "rpe_32m_rot": 3.2087811092838274, "rpe_40m_trans": 0.29724465899131935, "rpe_40m_rot": 3.1585623658013744, "rpe_48m_trans": 0.4117076827169114, "rpe_48m_rot": 3.4456943626096592}