{"rmse": 4.227061076997331, "mean": 4.092530313161586, "median": 3.5699365597818242, "std": 1.0579418625422479, "min": 2.2829882213770243, "max": 5.856575823632256, "sse": 85570.06917476069}