{"ape_trans": 0.2298934973565862, "ape_rot_deg": 2.947742805006642, "rpe_8m_trans": 0.17625368999412452, "rpe_8m_rot": 1.9206395395182991, "rpe_16m_trans": 0.2766821229632355, "rpe_16m_rot": 2.388999323277991, "rpe_24m_trans": 0.36614109910996034, "rpe_24m_rot": 3.0683926067764102, "rpe_32m_trans": 0.4092674488818839, "rpe_32m_rot": 3.652811909920057, "rpe_40m_trans": 0.3830179150389062, "rpe_40m_rot": 4.207013486202793, "rpe_48m_trans": 0.41440815858302915, "rpe_48m_rot": 5.146426346967004}