{"ape_trans": 0.06307766158463742, "ape_rot_deg": 0.9698645644409347, "rpe_8m_trans": 0.044503839863372564, "rpe_8m_rot": 1.002016906880114, "rpe_16m_trans": 0.05235068601526148, "rpe_16m_rot": 1.1740504611426563, "rpe_24m_trans": 0.0704570558033581, "rpe_24m_rot": 1.332170301004473, "rpe_32m_trans": 0.08978969310579199, "rpe_32m_rot": 1.5539283817215166, "rpe_40m_trans": 0.1008866281826117, "rpe_40m_rot": 1.7429674022633577, "rpe_48m_trans": 0.09632578100371092, "rpe_48m_rot": 1.8176185358944164}