{"rmse": 0.15553450969421684, "mean": 0.14056832099730604, "median": 0.1363467407343726, "std": 0.06656974416218503, "min": 0.017859955671916082, "max": 0.2652467056436271, "sse": 40.42313377242594}