{"std": 0.07956356305904055, "rmse": 0.2899948575029847, "sse": 90.57248771629598, "max": 0.4427225576444625, "min": 0.13221339658198503, "median": 0.26529536680369536, "mean": 0.27886673665305883}