{"ape_trans": 0.08815807984245558, "ape_rot_deg": 2.674182388620915, "rpe_8m_trans": 0.14632245038726532, "rpe_8m_rot": 0.8330459225864114, "rpe_16m_trans": 0.1284113592421858, "rpe_16m_rot": 1.1273839459111292, "rpe_24m_trans": 0.154787654576999, "rpe_24m_rot": 1.2613040944936982, "rpe_32m_trans": 0.162905543424726, "rpe_32m_rot": 1.4487536961226823, "rpe_40m_trans": 0.17652292122322272, "rpe_40m_rot": 1.4712222942126247, "rpe_48m_trans": 0.18050906737704964, "rpe_48m_rot": 1.929044356815353}