{"rmse": 0.12420011809075784, "mean": 0.11025555451952584, "median": 0.09078840807671278, "std": 0.05717851022324782, "min": 0.011042553674348848, "max": 0.31446964831895846, "sse": 17.292175323142935}