{"rmse": 1.214471473938698, "mean": 1.2031568021736376, "median": 1.2084186339838683, "std": 0.16539247381347222, "min": 0.8557985098318996, "max": 1.6182830297388628, "sse": 1013.2844402144426}