{"rmse": 0.1679096780307295, "mean": 0.15913992475012365, "median": 0.15238551380037552, "std": 0.05355505883582075, "min": 0.028325325923643205, "max": 0.29655768210816325, "sse": 39.132800047219945}