{"std": 0.07099408459114785, "rmse": 0.114429993544073, "sse": 19.5758640166324, "max": 0.3087848524242679, "min": 0.021277393477158398, "median": 0.06676773426819792, "mean": 0.08974443367452675}