{"rmse": 1.666917414363818, "mean": 1.664462404871773, "median": 1.6548255905497684, "std": 0.09043544149187482, "min": 1.492052402208262, "max": 1.9257229969988576, "sse": 3937.2955651603575}