{"rmse": 1.473232243378521, "mean": 1.4718334560702335, "median": 1.4786420531480258, "std": 0.0641834910429617, "min": 1.3049792966204015, "max": 1.6785906799025117, "sse": 2064.0629940265344}