{"std": 0.16254871872694795, "rmse": 0.40685653352664475, "sse": 211.55020128010017, "max": 0.8406296858707544, "min": 0.039833046764604016, "median": 0.3879440476220005, "mean": 0.3729747349533818}