{"ape_trans": 0.23851511690215835, "ape_rot_deg": 1.7739217337006943, "rpe_8m_trans": 0.17463188001561955, "rpe_8m_rot": 0.8671243295085219, "rpe_16m_trans": 0.2824763179462452, "rpe_16m_rot": 1.2798464328681978, "rpe_24m_trans": 0.3271508143650317, "rpe_24m_rot": 1.5853422650263187, "rpe_32m_trans": 0.40371059062423414, "rpe_32m_rot": 2.1062558442482455, "rpe_40m_trans": 0.41382745528745485, "rpe_40m_rot": 2.5563750577998405, "rpe_48m_trans": 0.5125714468497448, "rpe_48m_rot": 2.985214124840847}