{"rmse": 0.37516174479327485, "mean": 0.334541674450629, "median": 0.31572650093420196, "std": 0.16978870048417116, "min": 0.08476506709361539, "max": 0.8881416691154715, "sse": 255.59534391750304}