{"ape_trans": 0.30240791502115066, "ape_rot_deg": 0.7124573484922789, "rpe_8m_trans": 0.1943915891374994, "rpe_8m_rot": 0.5496850959833471, "rpe_16m_trans": 0.2975003670587795, "rpe_16m_rot": 0.6341656793369368, "rpe_24m_trans": 0.3267752261542328, "rpe_24m_rot": 0.7213828911041951, "rpe_32m_trans": 0.3863114460515572, "rpe_32m_rot": 0.7862352256416529, "rpe_40m_trans": 0.4966931637228489, "rpe_40m_rot": 0.951260702878845, "rpe_48m_trans": 0.656702075295486, "rpe_48m_rot": 0.9987867815291896}