{"rmse": 14.964277794929275, "mean": 14.645983626045178, "median": 14.938983231490768, "std": 3.0699794053755323, "min": 2.124465075723831, "max": 21.74083434321926, "sse": 406656.1716216451}