{"ape_trans": 0.14952875074807698, "ape_rot_deg": 3.986283898760964, "rpe_8m_trans": 0.16039087025568452, "rpe_8m_rot": 2.4701748650892346, "rpe_16m_trans": 0.18265678076126413, "rpe_16m_rot": 2.9777606256656926, "rpe_24m_trans": 0.2163517204026218, "rpe_24m_rot": 3.5526735897373602, "rpe_32m_trans": 0.21464885901823447, "rpe_32m_rot": 4.4257182647718505, "rpe_40m_trans": 0.24339603056328116, "rpe_40m_rot": 5.335576056919169, "rpe_48m_trans": 0.28936106720332855, "rpe_48m_rot": 6.422955685841663}