{"rmse": 13.735383615919197, "mean": 13.58336475154251, "median": 14.007233062856614, "std": 2.0378825047126714, "min": 10.026001115718131, "max": 17.047087468519017, "sse": 189038.08460261443}