{"ape_trans": 0.06783442403590578, "ape_rot_deg": 0.6450007839664865, "rpe_8m_trans": 0.04349409059049917, "rpe_8m_rot": 0.7882325157610431, "rpe_16m_trans": 0.05892464579629212, "rpe_16m_rot": 0.93826790772107, "rpe_24m_trans": 0.06462405127788066, "rpe_24m_rot": 0.9822545670261222, "rpe_32m_trans": 0.06999919409092784, "rpe_32m_rot": 0.9475116009576516, "rpe_40m_trans": 0.07672711194635237, "rpe_40m_rot": 0.9660382308269696, "rpe_48m_trans": 0.08828042455359071, "rpe_48m_rot": 0.9646989313079245}