{"rmse": 0.2943759064804195, "mean": 0.28098203144829725, "median": 0.2973931892668188, "std": 0.08778537645506103, "min": 0.10105304626228957, "max": 0.6028886702106534, "sse": 171.2345764487493}