{"std": 0.5589548329831412, "rmse": 1.500402264803263, "sse": 913.9900242280651, "max": 2.620226202660409, "min": 0.1095772290014269, "median": 1.3989985158475036, "mean": 1.3923995299164498}