{"ape_trans": 0.34692151178942415, "ape_rot_deg": 1.491971352824534, "rpe_8m_trans": 0.20180523644490583, "rpe_8m_rot": 1.2127636848441794, "rpe_16m_trans": 0.3285086354953948, "rpe_16m_rot": 1.5041797911512407, "rpe_24m_trans": 0.4203627277846669, "rpe_24m_rot": 1.528058152896978, "rpe_32m_trans": 0.4720775740781057, "rpe_32m_rot": 1.6424782097807522, "rpe_40m_trans": 0.6215780305367, "rpe_40m_rot": 2.0126970996264504, "rpe_48m_trans": 0.803151421876247, "rpe_48m_rot": 2.2931752388992703}