{"ape_trans": 0.06781269663542223, "ape_rot_deg": 0.6450108866929611, "rpe_8m_trans": 0.04351037146328187, "rpe_8m_rot": 0.7882370470804957, "rpe_16m_trans": 0.05893005963664041, "rpe_16m_rot": 0.9382763295599607, "rpe_24m_trans": 0.0646298686628384, "rpe_24m_rot": 0.9823372713551317, "rpe_32m_trans": 0.07001019871040289, "rpe_32m_rot": 0.9475633577930925, "rpe_40m_trans": 0.07671895039088115, "rpe_40m_rot": 0.9651124008365751, "rpe_48m_trans": 0.08825481609620381, "rpe_48m_rot": 0.9652090410998276}