{"ape_trans": 11.440727811011884, "ape_rot_deg": 43.019683674703444, "rpe_8m_trans": 1.2239512780734851, "rpe_8m_rot": 7.512609837238468, "rpe_16m_trans": 1.702559831374977, "rpe_16m_rot": 14.17847939268297, "rpe_24m_trans": 3.1553633100817358, "rpe_24m_rot": 19.861211443859414, "rpe_32m_trans": 32.41223300519754, "rpe_32m_rot": 104.72105115979703, "rpe_40m_trans": 34.232145554906275, "rpe_40m_rot": 111.25294266915537, "rpe_48m_trans": 34.31224716705931, "rpe_48m_rot": 118.57468577284241}