{"ape_trans": 0.9660692944941655, "ape_rot_deg": 89.8477205518906, "rpe_8m_trans": 1.0388344947954649, "rpe_8m_rot": 0.7887078588658651, "rpe_16m_trans": 1.8865575827077052, "rpe_16m_rot": 0.8788560554278034, "rpe_24m_trans": 2.5090867698108092, "rpe_24m_rot": 0.8945388883505081, "rpe_32m_trans": 2.537621223175413, "rpe_32m_rot": 0.943959091060526, "rpe_40m_trans": 2.5638589047586713, "rpe_40m_rot": 0.8117372475376521, "rpe_48m_trans": NaN, "rpe_48m_rot": NaN}