{"rmse": 0.2731679058895056, "mean": 0.24412402068525652, "median": 0.2389167533828554, "std": 0.12257311015276653, "min": 0.029697095992153272, "max": 0.621684121541335, "sse": 94.3951915821931}