{"rmse": 0.10931090130280043, "mean": 0.0895456692528284, "median": 0.08006990499591576, "std": 0.06269327126329934, "min": 0.01436236832724196, "max": 0.28337657146841533, "sse": 12.845038629402868}