{"ape_trans": 0.23504425281873112, "ape_rot_deg": 5.464892637989789, "rpe_8m_trans": 0.18297690681797124, "rpe_8m_rot": 1.017595788217904, "rpe_16m_trans": 0.23354244183061587, "rpe_16m_rot": 1.6894761854625218, "rpe_24m_trans": 0.2867111971512975, "rpe_24m_rot": 2.342086071380977, "rpe_32m_trans": 0.35944224032172584, "rpe_32m_rot": 3.053099813378946, "rpe_40m_trans": 0.4096582140971695, "rpe_40m_rot": 3.791301905424409, "rpe_48m_trans": 0.46883580051559787, "rpe_48m_rot": 4.499294647564485}