{"rmse": 1.555416904185813, "mean": 1.4629587624725575, "median": 1.4019630141918658, "std": 0.5282739868020592, "min": 0.41487150505496445, "max": 2.5938630364360713, "sse": 3401.566374632732}