{"rmse": 3.1332912348446325, "mean": 3.128440421308852, "median": 3.112753345509798, "std": 0.17428279512072664, "min": 2.7747096597372787, "max": 3.604617433161976, "sse": 9611.346169144763}