{"rmse": 26.647672689065082, "mean": 26.630522390939333, "median": 26.64128237862498, "std": 0.9558958778151454, "min": 22.681342773569185, "max": 29.44631867220171, "sse": 3397111.03141312}