{"rmse_8m_trans": 0.19885655748993117, "rmse_8m_rot": 1.6598721712938311, "rmse_16m_trans": 0.27916434928034595, "rmse_16m_rot": 1.8346749447634618, "rmse_24m_trans": 0.3346695733282024, "rmse_24m_rot": 2.148117508152649, "rmse_32m_trans": 0.37666105709914677, "rmse_32m_rot": 2.3771300565000812, "rmse_40m_trans": 0.41340273685012685, "rmse_40m_rot": 2.3708223679489304, "rmse_48m_trans": 0.5032915566513597, "rmse_48m_rot": 2.7238582602330013}