{"rmse": 1.0788041003914646, "mean": 1.0743454135719435, "median": 1.0697998769551973, "std": 0.0979807091134118, "min": 0.8347760608015888, "max": 1.2757823860268471, "sse": 2516.175136540347}