{"std": 0.07481808978551108, "rmse": 0.49550302079403447, "sse": 261.2367312074382, "max": 0.7026703705192612, "min": 0.2911657696271826, "median": 0.4713749900198226, "mean": 0.4898219034065958}