{"ape_trans": 0.1463900776270463, "ape_rot_deg": 2.5482545602355327, "rpe_8m_trans": 0.1387466461515545, "rpe_8m_rot": 0.6979250395192416, "rpe_16m_trans": 0.2671691542989722, "rpe_16m_rot": 0.7526059254802501, "rpe_24m_trans": 0.26470574450377554, "rpe_24m_rot": 0.6300624786942758, "rpe_32m_trans": 0.3300805904626671, "rpe_32m_rot": 0.7615696086179133, "rpe_40m_trans": 0.3425233927879858, "rpe_40m_rot": 0.9108981507076729, "rpe_48m_trans": 0.41812261036141857, "rpe_48m_rot": 0.9253186673463799}