{"ape_trans": 0.0974840491216184, "ape_rot_deg": 2.1896693851480826, "rpe_8m_trans": 0.12276691542321758, "rpe_8m_rot": 1.859109523877922, "rpe_16m_trans": 0.18798321363461695, "rpe_16m_rot": 3.0898207472565815, "rpe_24m_trans": 0.2950700689123389, "rpe_24m_rot": 4.541578265359479, "rpe_32m_trans": 0.28269350474919097, "rpe_32m_rot": 6.639436956765939, "rpe_40m_trans": 0.23469723841297374, "rpe_40m_rot": 8.01069572810341, "rpe_48m_trans": NaN, "rpe_48m_rot": NaN}