{"ape_trans": 0.0576164950326415, "ape_rot_deg": 0.6967550411961055, "rpe_8m_trans": 0.05996219960531454, "rpe_8m_rot": 0.7333492915608889, "rpe_16m_trans": 0.08161970364109751, "rpe_16m_rot": 0.8506218630395884, "rpe_24m_trans": 0.09487367209748279, "rpe_24m_rot": 0.8330242314743176, "rpe_32m_trans": 0.09373942227279049, "rpe_32m_rot": 0.9107710172277822, "rpe_40m_trans": 0.09476549598702909, "rpe_40m_rot": 0.8490347598889452, "rpe_48m_trans": 0.08649469161221995, "rpe_48m_rot": 0.9541302789483942}