{"ape_trans": 12.934763138272274, "ape_rot_deg": 37.934286637312695, "rpe_8m_trans": 2.870276963961967, "rpe_8m_rot": 2.965785601426021, "rpe_16m_trans": 6.028263729905576, "rpe_16m_rot": 4.519114352910268, "rpe_24m_trans": 10.939557692777795, "rpe_24m_rot": 5.060319885746264, "rpe_32m_trans": 16.131515497361224, "rpe_32m_rot": 5.624634870720289, "rpe_40m_trans": 21.66422502680799, "rpe_40m_rot": 6.9518615141617595, "rpe_48m_trans": 23.79845302832993, "rpe_48m_rot": 8.28830499709421}