{"rmse": 0.3570117052272441, "mean": 0.3332541984875747, "median": 0.4062739103546349, "std": 0.12805856808378255, "min": 0.09741698884507191, "max": 0.49668073532926826, "sse": 124.39838108520229}