{"rmse": 0.06892023713245525, "mean": 0.06489372876555427, "median": 0.06434249604131524, "std": 0.02321213159743281, "min": 0.00457271766811853, "max": 0.11957987908055724, "sse": 6.483748752927624}