{"rmse": 0.0659136658900897, "mean": 0.06194109042004571, "median": 0.058938068673282516, "std": 0.02253691790476455, "min": 0.006454091276310118, "max": 0.17187668035479073, "sse": 11.995471940305308}