{"ape_trans": 0.1411087270080107, "ape_rot_deg": 1.843814445559126, "rpe_8m_trans": 0.14934948974409243, "rpe_8m_rot": 0.4369619645968995, "rpe_16m_trans": 0.15031017916510908, "rpe_16m_rot": 0.6157358069152754, "rpe_24m_trans": 0.1800507131776563, "rpe_24m_rot": 0.7153503281042728, "rpe_32m_trans": 0.21493537339884355, "rpe_32m_rot": 0.8884976885193926, "rpe_40m_trans": 0.275321939540541, "rpe_40m_rot": 1.0570746608707184, "rpe_48m_trans": 0.27279083458416703, "rpe_48m_rot": 1.225567394052883}