{"std": 0.11785162949107789, "rmse": 0.30013040969422067, "sse": 79.5391060729039, "max": 0.5345241719098092, "min": 0.08275223650345485, "median": 0.2690020438705486, "mean": 0.2760240139000925}