{"rmse": 0.05013168431053605, "mean": 0.043177806446227915, "median": 0.03884817097865119, "std": 0.025472785523050386, "min": 0.005320958371956724, "max": 0.13786801613824873, "sse": 2.653924175032676}