{"ape_trans": 0.40297825543371885, "ape_rot_deg": 1.4746793314877333, "rpe_8m_trans": 0.2119093399908124, "rpe_8m_rot": 1.1667385160591286, "rpe_16m_trans": 0.34473552792277506, "rpe_16m_rot": 1.524057803280737, "rpe_24m_trans": 0.45738537848429445, "rpe_24m_rot": 1.554764553077806, "rpe_32m_trans": 0.5209425417256738, "rpe_32m_rot": 1.657620192258345, "rpe_40m_trans": 0.6751166861782435, "rpe_40m_rot": 2.0340973518076977, "rpe_48m_trans": 0.8747578334964677, "rpe_48m_rot": 2.2323908612140744}