{"std": 0.06792758184943953, "rmse": 0.27648450672252056, "sse": 81.9476275945424, "max": 0.3894371682494783, "min": 0.10221861029432727, "median": 0.26508725358936924, "mean": 0.2680103096555862}