{"ape_trans": 0.9610222995723899, "ape_rot_deg": 67.90795717385794, "rpe_8m_trans": 0.9753579452247387, "rpe_8m_rot": 1.3382735959155767, "rpe_16m_trans": 1.7499002123051708, "rpe_16m_rot": 2.0488668276012367, "rpe_24m_trans": 2.310892744636077, "rpe_24m_rot": 2.584083162978098, "rpe_32m_trans": 2.3367153554784412, "rpe_32m_rot": 2.6085485696654507, "rpe_40m_trans": 2.340539633195347, "rpe_40m_rot": 2.56616995689701, "rpe_48m_trans": NaN, "rpe_48m_rot": NaN}