{"ape_trans": 0.2647576969773521, "ape_rot_deg": 1.8605327563779217, "rpe_8m_trans": 0.18989343735289455, "rpe_8m_rot": 0.6424681610285202, "rpe_16m_trans": 0.24634285684530347, "rpe_16m_rot": 0.7195193139364277, "rpe_24m_trans": 0.2592440066458094, "rpe_24m_rot": 0.7841202234863185, "rpe_32m_trans": 0.2934699502348811, "rpe_32m_rot": 0.8454470916378568, "rpe_40m_trans": 0.3026976461912165, "rpe_40m_rot": 0.9031214539975546, "rpe_48m_trans": 0.34451128444596824, "rpe_48m_rot": 1.107063148237711}