{"ape_trans": 0.8074376668180996, "ape_rot_deg": 5.1939709581442095, "rpe_8m_trans": 0.6454413083624034, "rpe_8m_rot": 1.4884530452221774, "rpe_16m_trans": 0.8809898400811149, "rpe_16m_rot": 1.7487318137539012, "rpe_24m_trans": 1.0913453260878943, "rpe_24m_rot": 2.143368898433506, "rpe_32m_trans": 1.2901853412063113, "rpe_32m_rot": 2.512930896394906, "rpe_40m_trans": 1.5238000927536797, "rpe_40m_rot": 3.1099627944361, "rpe_48m_trans": 1.6128964304912514, "rpe_48m_rot": 3.0863627097113446}