{"ape_trans": 5.679067098669784, "ape_rot_deg": 19.83950958858296, "rpe_8m_trans": 0.20364651468677336, "rpe_8m_rot": 2.7949073036311276, "rpe_16m_trans": 5.974073869766533, "rpe_16m_rot": 17.24472403367946, "rpe_24m_trans": 9.199898763690326, "rpe_24m_rot": 26.027192722580757, "rpe_32m_trans": 10.848092464724365, "rpe_32m_rot": 30.331482339493764, "rpe_40m_trans": 11.472426832257492, "rpe_40m_rot": 33.09820305746084, "rpe_48m_trans": 11.443210130082873, "rpe_48m_rot": 33.79447620499282}