{"rmse": 131.4983818531119, "mean": 130.65276027386312, "median": 117.98855944967947, "std": 14.888944314735246, "min": 115.66806226478772, "max": 161.46713513743288, "sse": 18208291.124776132}