{"rmse": 0.10206289694239312, "mean": 0.09274415776465586, "median": 0.08972998899388784, "std": 0.042606996289320645, "min": 0.009131631449564208, "max": 0.20998845513066058, "sse": 14.291897527079325}