{"ape_trans": 0.12457749228869502, "ape_rot_deg": 0.9816345825782642, "rpe_8m_trans": 0.042762811924660776, "rpe_8m_rot": 0.8198218401903001, "rpe_16m_trans": 0.062421381169686235, "rpe_16m_rot": 1.0176348496584982, "rpe_24m_trans": 0.08284283299936424, "rpe_24m_rot": 1.1367053247413472, "rpe_32m_trans": 0.10307846987355802, "rpe_32m_rot": 1.1362033855570484, "rpe_40m_trans": 0.12311559049822957, "rpe_40m_rot": 1.2349932658852483, "rpe_48m_trans": 0.14364476152391126, "rpe_48m_rot": 1.2968764878449945}