{"std": 0.05790157524699831, "rmse": 0.14704881523946992, "sse": 21.25575704425512, "max": 0.2988210712069385, "min": 0.02771190819098764, "median": 0.13506093351296597, "mean": 0.13516938132301987}