{"rmse": 0.036141895874334834, "mean": 0.03396519112687202, "median": 0.03222225007387274, "std": 0.012353235572363862, "min": 0.0067717920937106135, "max": 0.06804631143130584, "sse": 1.3819983623599545}