{"rmse": 21.8314439923675, "mean": 21.69559471409924, "median": 19.9386664505394, "std": 2.431690110484507, "min": 19.032664769059796, "max": 25.590388737559834, "sse": 857901.5042253822}