{"ape_trans": 2.184434966324744, "ape_rot_deg": 10.798466164365987, "rpe_8m_trans": 1.2958826222672986, "rpe_8m_rot": 1.0702897596177958, "rpe_16m_trans": 2.1028682477349796, "rpe_16m_rot": 1.4995276573171246, "rpe_24m_trans": 2.4736292676586666, "rpe_24m_rot": 1.5754437790182307, "rpe_32m_trans": 2.9495681021397933, "rpe_32m_rot": 1.813590659893947, "rpe_40m_trans": 3.496364565253623, "rpe_40m_rot": 2.0188414015380074, "rpe_48m_trans": 4.115422425031524, "rpe_48m_rot": 2.1921580637272617}