{"rmse": 0.2298934973565862, "mean": 0.20826327494796643, "median": 0.21140973709344976, "std": 0.09735208490212437, "min": 0.03977812346953654, "max": 0.40608108407828886, "sse": 46.45604669149474}