{"rmse_8m_trans": 0.062233190540611105, "rmse_8m_rot": 0.7927169142673153, "rmse_16m_trans": 0.0827642285473778, "rmse_16m_rot": 0.9882855952757748, "rmse_24m_trans": 0.10197057451216664, "rmse_24m_rot": 1.1365208229222352, "rmse_32m_trans": 0.12406695265755013, "rmse_32m_rot": 1.2513383678743482, "rmse_40m_trans": 0.14717296711535877, "rmse_40m_rot": 1.3920126713947873, "rmse_48m_trans": 0.17568026807393303, "rmse_48m_rot": 1.5152728048896067}