{"ape_trans": 0.3169649251120152, "ape_rot_deg": 1.3657990626953587, "rpe_8m_trans": 0.18690693498962874, "rpe_8m_rot": 1.0345169649992791, "rpe_16m_trans": 0.31069789071040094, "rpe_16m_rot": 1.341174479524615, "rpe_24m_trans": 0.40913699864268954, "rpe_24m_rot": 1.461352852105602, "rpe_32m_trans": 0.4682558603613797, "rpe_32m_rot": 1.621807960972171, "rpe_40m_trans": 0.5953366149556485, "rpe_40m_rot": 2.0708125158952613, "rpe_48m_trans": 0.7398758452032154, "rpe_48m_rot": 2.266151646653678}