{"rmse": 0.19682558277148643, "mean": 0.18030255512116888, "median": 0.16927084293505412, "std": 0.07893857517154151, "min": 0.042638160715861614, "max": 0.38024382867251594, "sse": 70.35240302053681}