{"ape_trans": 0.06889055917009525, "ape_rot_deg": 0.8112449937313824, "rpe_8m_trans": 0.04130849325454303, "rpe_8m_rot": 0.7346493718905447, "rpe_16m_trans": 0.05442586729674954, "rpe_16m_rot": 0.8851953768173837, "rpe_24m_trans": 0.06512255203954541, "rpe_24m_rot": 0.9694151668182424, "rpe_32m_trans": 0.07837960312136631, "rpe_32m_rot": 0.9334058065918185, "rpe_40m_trans": 0.08646579536546282, "rpe_40m_rot": 0.9231870454038861, "rpe_48m_trans": 0.0937774068199608, "rpe_48m_rot": 0.9288707143189104}