{"ape_trans": 0.29851625744180477, "ape_rot_deg": 3.23530086394995, "rpe_8m_trans": 0.17279930688158018, "rpe_8m_rot": 0.39274035645442107, "rpe_16m_trans": 0.29496178819527175, "rpe_16m_rot": 0.48519038256737634, "rpe_24m_trans": 0.36259835667063534, "rpe_24m_rot": 0.6254054048086882, "rpe_32m_trans": 0.4173233249943323, "rpe_32m_rot": 0.7458756050588359, "rpe_40m_trans": 0.5026268491805292, "rpe_40m_rot": 0.8145424647174679, "rpe_48m_trans": 0.5956649035607822, "rpe_48m_rot": 0.8474887884247588}