{"rmse": 135.5064780983815, "mean": 105.34324900697179, "median": 76.50248400638272, "std": 85.23382835049875, "min": 22.510063606952848, "max": 447.2263937597735, "sse": 15736238.804879468}