{"ape_trans": 5.3301433436307715, "ape_rot_deg": 142.9853583786813, "rpe_8m_trans": 0.13482932274655857, "rpe_8m_rot": 1.446819698271369, "rpe_16m_trans": 4.613641627396666, "rpe_16m_rot": 1.566936285796307, "rpe_24m_trans": 7.587188049095797, "rpe_24m_rot": 1.6731597205387203, "rpe_32m_trans": 9.950764111097763, "rpe_32m_rot": 1.7278125888770683, "rpe_40m_trans": 11.36967240578569, "rpe_40m_rot": 1.6626480324264372, "rpe_48m_trans": 11.373373827645187, "rpe_48m_rot": 1.6069488869943898}