{"rmse": 0.19507775788292334, "mean": 0.17074775193331054, "median": 0.1549303339253914, "std": 0.09434265647282314, "min": 0.024790634675704706, "max": 0.4478441406333851, "sse": 49.77637375978203}