{"ape_trans": 0.07513729259181377, "ape_rot_deg": 6.150736393333537, "rpe_8m_trans": 0.3160142956553582, "rpe_8m_rot": 3.6385154295707447, "rpe_16m_trans": 0.26555624537196965, "rpe_16m_rot": 3.008706715405509, "rpe_24m_trans": 0.31334722020521244, "rpe_24m_rot": 2.9044871456293726, "rpe_32m_trans": 0.2775193478488435, "rpe_32m_rot": 3.129359551868365, "rpe_40m_trans": 0.27022437658303766, "rpe_40m_rot": 2.991206757404557, "rpe_48m_trans": 0.3894666623466778, "rpe_48m_rot": 3.252769974199242}