{"std": 0.3144419847415476, "rmse": 0.757973051741741, "sse": 367.69481418668033, "max": 1.6725904733821302, "min": 0.026395106176431312, "median": 0.6775191671551584, "mean": 0.6896733903801744}