{"ape_trans": 0.1560105672820879, "ape_rot_deg": 1.504289114059774, "rpe_8m_trans": 0.16579022798388676, "rpe_8m_rot": 0.7319074550864393, "rpe_16m_trans": 0.24665344551699397, "rpe_16m_rot": 1.0303324107229026, "rpe_24m_trans": 0.28048658315417235, "rpe_24m_rot": 1.1980063884260739, "rpe_32m_trans": 0.3652554047855093, "rpe_32m_rot": 1.4861682994204473, "rpe_40m_trans": 0.3025138316153878, "rpe_40m_rot": 1.7108202520163636, "rpe_48m_trans": 0.3541615120491708, "rpe_48m_rot": 1.95769421973882}