{"ape_trans": 4.0492471434960455, "ape_rot_deg": 10.58326500442429, "rpe_8m_trans": 0.036222766096846, "rpe_8m_rot": 0.9867694404036026, "rpe_16m_trans": 4.080171153007535, "rpe_16m_rot": 3.834178467818921, "rpe_24m_trans": 4.8308689169784325, "rpe_24m_rot": 4.522652953538068, "rpe_32m_trans": 5.653036390794043, "rpe_32m_rot": 5.240019258433977, "rpe_40m_trans": 6.632573728479624, "rpe_40m_rot": 6.148051324898624, "rpe_48m_trans": 7.737913216200105, "rpe_48m_rot": 7.012481262279171}