{"ape_trans": 4.289538252686072, "ape_rot_deg": 34.293401761896476, "rpe_8m_trans": 0.8246385980852711, "rpe_8m_rot": 0.8626083301379261, "rpe_16m_trans": 3.947534998371651, "rpe_16m_rot": 1.548839348661938, "rpe_24m_trans": 4.750544820991799, "rpe_24m_rot": 1.761694739048545, "rpe_32m_trans": 5.562566675569909, "rpe_32m_rot": 2.030906356084773, "rpe_40m_trans": 6.263392021435809, "rpe_40m_rot": 2.297996581675746, "rpe_48m_trans": 7.002080569346785, "rpe_48m_rot": 2.557604806362825}