{"ape_trans": 1.4326813166119061, "ape_rot_deg": 16.373579899581333, "rpe_8m_trans": 2.3614371384800705, "rpe_8m_rot": 6.674710543302614, "rpe_16m_trans": 3.2753654186421013, "rpe_16m_rot": 9.948728263172832, "rpe_24m_trans": 4.312604215903373, "rpe_24m_rot": 13.979312283158949, "rpe_32m_trans": NaN, "rpe_32m_rot": NaN, "rpe_40m_trans": NaN, "rpe_40m_rot": NaN, "rpe_48m_trans": NaN, "rpe_48m_rot": NaN}