{"ape_trans": 0.08337844884115594, "ape_rot_deg": 1.8342409719705057, "rpe_8m_trans": 0.06938474243372952, "rpe_8m_rot": 1.229576390196092, "rpe_16m_trans": 0.10750116781109019, "rpe_16m_rot": 1.9798465256660527, "rpe_24m_trans": 0.13392681604336837, "rpe_24m_rot": 2.700404798038847, "rpe_32m_trans": 0.16151624186110314, "rpe_32m_rot": 3.253550883157716, "rpe_40m_trans": 0.17095101927322157, "rpe_40m_rot": 3.45378620656851, "rpe_48m_trans": 0.17252737963831652, "rpe_48m_rot": 3.6977287727096018}