{"rmse_8m_trans": 0.1895075929537248, "rmse_8m_rot": 1.7966306304959971, "rmse_16m_trans": 0.2534185205668589, "rmse_16m_rot": 2.0441061683086352, "rmse_24m_trans": 0.29895853939653, "rmse_24m_rot": 2.4427026032324854, "rmse_32m_trans": 0.339920349198635, "rmse_32m_rot": 2.8255077750782953, "rmse_40m_trans": 0.3779166815100089, "rmse_40m_rot": 2.971743121105106, "rmse_48m_trans": 0.4700370631852737, "rmse_48m_rot": 3.4309474805034608}