{"rmse": 0.05921112077278775, "mean": 0.05409798863400608, "median": 0.052522109030138556, "std": 0.02406999062992351, "min": 0.008605543276795519, "max": 0.11777567915146073, "sse": 9.939387593685977}