{"rmse": 0.34482631045977014, "mean": 0.3216035010420275, "median": 0.3623453463067735, "std": 0.12440406947848767, "min": 0.07849403980365022, "max": 0.651164748688531, "sse": 356.7155531558933}