{"ape_trans": 3.702993780504538, "ape_rot_deg": 12.389287361131192, "rpe_8m_trans": 2.7774889585877256, "rpe_8m_rot": 5.665003269076915, "rpe_16m_trans": 4.104998457871281, "rpe_16m_rot": 8.587847417252181, "rpe_24m_trans": 4.845375489781325, "rpe_24m_rot": 9.400272511909757, "rpe_32m_trans": 5.330276449887289, "rpe_32m_rot": 10.550148713372732, "rpe_40m_trans": 5.516301981384069, "rpe_40m_rot": 11.73796052441634, "rpe_48m_trans": 5.766507347561912, "rpe_48m_rot": 9.544002014613051}