{"rmse": 16.486657079120082, "mean": 11.821163279205374, "median": 6.914928448439717, "std": 11.492169524109311, "min": 5.527142458791315, "max": 93.74805590561272, "sse": 340577.75664055895}