{"ape_trans": 0.34053336627517705, "ape_rot_deg": 6.470579550657928, "rpe_8m_trans": 0.19791216553122518, "rpe_8m_rot": 1.969864253850288, "rpe_16m_trans": 0.3759228083392756, "rpe_16m_rot": 3.6321113260860565, "rpe_24m_trans": 0.5337542882168457, "rpe_24m_rot": 5.360980498191045, "rpe_32m_trans": 0.6836566273756048, "rpe_32m_rot": 7.35273430609871, "rpe_40m_trans": 0.6619881883428264, "rpe_40m_rot": 8.938279631420079, "rpe_48m_trans": 0.7753961291492616, "rpe_48m_rot": 10.616126806977823}