{"ape_trans": 6.644815722725276, "ape_rot_deg": 53.74729556827052, "rpe_8m_trans": 5.8043412570814406, "rpe_8m_rot": 2.9459455514101034, "rpe_16m_trans": 7.649449791677099, "rpe_16m_rot": 4.790970331286689, "rpe_24m_trans": 7.796959455846928, "rpe_24m_rot": 6.184487401188629, "rpe_32m_trans": 8.345857014518229, "rpe_32m_rot": 8.224004731620571, "rpe_40m_trans": 8.941118004992399, "rpe_40m_rot": 9.826269860691223, "rpe_48m_trans": 9.055982309722689, "rpe_48m_rot": 11.594459861402594}