{"ape_trans": 0.22196188447502221, "ape_rot_deg": 16.055037721048343, "rpe_8m_trans": 0.2695205746871657, "rpe_8m_rot": 0.5399011301017513, "rpe_16m_trans": 0.43042913434984825, "rpe_16m_rot": 0.576951226895054, "rpe_24m_trans": 0.5083703337001217, "rpe_24m_rot": 0.5802270444974551, "rpe_32m_trans": 0.5102873378523481, "rpe_32m_rot": 0.5350846833819655, "rpe_40m_trans": NaN, "rpe_40m_rot": NaN, "rpe_48m_trans": NaN, "rpe_48m_rot": NaN}