{"rmse": 35.02748244805699, "mean": 35.01388883097539, "median": 34.836261234035824, "std": 0.9757641011218262, "min": 32.62309681788647, "max": 37.27475832424096, "sse": 5864699.237381937}