{"std": 0.2011271943774577, "rmse": 0.5160721060521085, "sse": 81.76343852403303, "max": 0.9552435446029334, "min": 0.1648299888766055, "median": 0.4143913743342985, "mean": 0.47526652556950727}