{"std": 0.07457023206850867, "rmse": 0.1671425818266909, "sse": 36.541128598877215, "max": 0.41267145919263243, "min": 0.02031855946857011, "median": 0.14740340898246043, "mean": 0.14958583873128106}