{"std": 0.061778609294025656, "rmse": 0.3026113871218252, "sse": 98.350101835364, "max": 0.42966465300473194, "min": 0.12491711144400294, "median": 0.29788060493686097, "mean": 0.296238172843223}