{"rmse": 0.36836716369239614, "mean": 0.3649954637656258, "median": 0.36670351385802935, "std": 0.04972603661359232, "min": 0.25871475337542404, "max": 0.5800103256520058, "sse": 142.47908565111962}