{"ape_trans": 0.4757999093575893, "ape_rot_deg": 35.693725760009116, "rpe_8m_trans": 0.5046927050744534, "rpe_8m_rot": 1.268712525301071, "rpe_16m_trans": 0.8755741531416337, "rpe_16m_rot": 1.9187796098952141, "rpe_24m_trans": 1.1378618195307095, "rpe_24m_rot": 2.4479309146461214, "rpe_32m_trans": 1.1530922014173268, "rpe_32m_rot": 2.570906511073191, "rpe_40m_trans": 1.1532587600091635, "rpe_40m_rot": 2.4813524970823244, "rpe_48m_trans": NaN, "rpe_48m_rot": NaN}