{"ape_trans": 0.037826651295520416, "ape_rot_deg": 1.021033559089812, "rpe_8m_trans": 0.036371833341627996, "rpe_8m_rot": 0.8217035213959533, "rpe_16m_trans": 0.04106768192954544, "rpe_16m_rot": 0.9652984518956443, "rpe_24m_trans": 0.052709689429344384, "rpe_24m_rot": 1.0958313340595316, "rpe_32m_trans": 0.06438308283490267, "rpe_32m_rot": 1.078944886105634, "rpe_40m_trans": 0.07057870332532218, "rpe_40m_rot": 0.9989730804455578, "rpe_48m_trans": 0.08503818609942408, "rpe_48m_rot": 0.8219365210867093}