{"ape_trans": 0.06780653155247576, "ape_rot_deg": 0.6453773497514124, "rpe_8m_trans": 0.04349160311046604, "rpe_8m_rot": 0.788220934328021, "rpe_16m_trans": 0.0589057068241261, "rpe_16m_rot": 0.9383076751848122, "rpe_24m_trans": 0.06459878904027275, "rpe_24m_rot": 0.9826639707877454, "rpe_32m_trans": 0.06996695409615311, "rpe_32m_rot": 0.9475710793323618, "rpe_40m_trans": 0.07668975918937454, "rpe_40m_rot": 0.9652824084791763, "rpe_48m_trans": 0.08822584602323995, "rpe_48m_rot": 0.965496598664249}