{"std": 1.4817492975351818, "rmse": 3.748948964796327, "sse": 11313.967764221201, "max": 6.4385958227620055, "min": 0.15220510349988448, "median": 3.5997300853071086, "mean": 3.4436953059034483}