{"ape_trans": 0.5154918135777071, "ape_rot_deg": 61.828004898144236, "rpe_8m_trans": 0.6335450239276019, "rpe_8m_rot": 0.928941882779415, "rpe_16m_trans": 1.0673043194983358, "rpe_16m_rot": 1.0688900499975986, "rpe_24m_trans": 1.3137506778493024, "rpe_24m_rot": 1.0642128160278141, "rpe_32m_trans": 1.3034558976817219, "rpe_32m_rot": 1.2597577093581187, "rpe_40m_trans": 1.2958546227731673, "rpe_40m_rot": 1.3764189635929658, "rpe_48m_trans": NaN, "rpe_48m_rot": NaN}