{"ape_trans": 1.7983324935887477, "ape_rot_deg": 16.613485667909934, "rpe_8m_trans": 1.4005066602316572, "rpe_8m_rot": 2.3656772233984134, "rpe_16m_trans": 2.660279639470913, "rpe_16m_rot": 4.179716596501431, "rpe_24m_trans": 3.5257613589983854, "rpe_24m_rot": 5.528376155542856, "rpe_32m_trans": 3.732315671378448, "rpe_32m_rot": 6.024686575417526, "rpe_40m_trans": 3.7570781950984635, "rpe_40m_rot": 5.971611724775316, "rpe_48m_trans": 3.7313570669328433, "rpe_48m_rot": 5.9428665756714905}