{"ape_trans": 0.19283229290416154, "ape_rot_deg": 1.5329229632510915, "rpe_8m_trans": 0.1697800525189628, "rpe_8m_rot": 0.8172389741749524, "rpe_16m_trans": 0.2784411071302421, "rpe_16m_rot": 1.0835257011866448, "rpe_24m_trans": 0.32642033147989147, "rpe_24m_rot": 1.3422046634048168, "rpe_32m_trans": 0.416776899106985, "rpe_32m_rot": 1.6928427411530418, "rpe_40m_trans": 0.37121523270314577, "rpe_40m_rot": 1.925161838396893, "rpe_48m_trans": 0.42844737718539855, "rpe_48m_rot": 2.2523067839473674}