{"ape_trans": 0.13542479680248473, "ape_rot_deg": 4.321203731819377, "rpe_8m_trans": 0.1497157684695151, "rpe_8m_rot": 1.6762306805671638, "rpe_16m_trans": 0.18874019849825666, "rpe_16m_rot": 2.0242955257115858, "rpe_24m_trans": 0.22179795164529856, "rpe_24m_rot": 2.4477860271218663, "rpe_32m_trans": 0.25200195520858404, "rpe_32m_rot": 2.4426016622287845, "rpe_40m_trans": 0.2962586125986185, "rpe_40m_rot": 1.7245804125163404, "rpe_48m_trans": 0.32550016564224793, "rpe_48m_rot": 1.6756376813051537}