{"ape_trans": 3.1112570603593936, "ape_rot_deg": 13.906249695217745, "rpe_8m_trans": 1.7836045571420038, "rpe_8m_rot": 6.892022538321369, "rpe_16m_trans": 2.2412111648511757, "rpe_16m_rot": 8.236547013332956, "rpe_24m_trans": 2.9172934700027984, "rpe_24m_rot": 7.968704272664096, "rpe_32m_trans": 3.8404516035167275, "rpe_32m_rot": 9.1787224999289, "rpe_40m_trans": 4.14186620521447, "rpe_40m_rot": 9.789114013901605, "rpe_48m_trans": 5.15709841040617, "rpe_48m_rot": 12.148483434628725}