{"ape_trans": 0.05406905582907397, "ape_rot_deg": 0.614711532774435, "rpe_8m_trans": 0.03498462374453536, "rpe_8m_rot": 0.7449398869196234, "rpe_16m_trans": 0.049139576408026325, "rpe_16m_rot": 0.9410759805828105, "rpe_24m_trans": 0.05565226337668613, "rpe_24m_rot": 0.9381646729499772, "rpe_32m_trans": 0.06422290460767278, "rpe_32m_rot": 0.8997503809961348, "rpe_40m_trans": 0.06934544394041198, "rpe_40m_rot": 0.8902001492098024, "rpe_48m_trans": 0.07571485726545299, "rpe_48m_rot": 0.8642777929184688}