{"ape_trans": 0.06557170163798752, "ape_rot_deg": 1.814358589445034, "rpe_8m_trans": 0.03994084988791135, "rpe_8m_rot": 0.8029473671187628, "rpe_16m_trans": 0.057942274791956606, "rpe_16m_rot": 1.117314637570701, "rpe_24m_trans": 0.07155319038932946, "rpe_24m_rot": 1.331711920566629, "rpe_32m_trans": 0.08287667075224003, "rpe_32m_rot": 1.4646893193312454, "rpe_40m_trans": 0.09308349909782439, "rpe_40m_rot": 1.6804673822665868, "rpe_48m_trans": 0.09891147140409828, "rpe_48m_rot": 1.938066381734139}