{"rmse": 4.288852587000007, "mean": 4.243511420061624, "median": 4.240788969426372, "std": 0.6219866082346388, "min": 3.0408980282153064, "max": 7.433194264793145, "sse": 27094.73984367354}