{"ape_trans": 2.6206422532145806, "ape_rot_deg": 6.33222284048921, "rpe_8m_trans": 1.5221684961106348, "rpe_8m_rot": 1.1652658872252522, "rpe_16m_trans": 2.684709810896072, "rpe_16m_rot": 1.5186242322767967, "rpe_24m_trans": 3.4091368101349415, "rpe_24m_rot": 1.7784044000345323, "rpe_32m_trans": 4.143339657135604, "rpe_32m_rot": 2.0743965493850753, "rpe_40m_trans": 5.12229898241882, "rpe_40m_rot": 2.35360985815987, "rpe_48m_trans": 5.2385670862546805, "rpe_48m_rot": 2.4237683814092477}