{"ape_trans": 0.21859783192840124, "ape_rot_deg": 3.4387110778397303, "rpe_8m_trans": 0.15528818686478957, "rpe_8m_rot": 2.159992367016461, "rpe_16m_trans": 0.2604280580835945, "rpe_16m_rot": 2.6987241710858565, "rpe_24m_trans": 0.3692045088670072, "rpe_24m_rot": 3.4710650705240833, "rpe_32m_trans": 0.42029550065960436, "rpe_32m_rot": 4.062877271539585, "rpe_40m_trans": 0.3949180621287772, "rpe_40m_rot": 4.710456624154509, "rpe_48m_trans": 0.43440976538015363, "rpe_48m_rot": 5.666923159343141}