{"ape_trans": 0.20721026875459336, "ape_rot_deg": 1.7689885965859256, "rpe_8m_trans": 0.1967185228989763, "rpe_8m_rot": 1.1617197735127378, "rpe_16m_trans": 0.26109148840100477, "rpe_16m_rot": 1.6017670569684992, "rpe_24m_trans": 0.27932786168551677, "rpe_24m_rot": 1.829233091181243, "rpe_32m_trans": 0.3211760515903839, "rpe_32m_rot": 1.9959714681332437, "rpe_40m_trans": 0.36461737732399746, "rpe_40m_rot": 1.952766076620933, "rpe_48m_trans": 0.41954707185158735, "rpe_48m_rot": 1.9973964374476558}