{"rmse_8m_trans": 0.23013807088697905, "rmse_8m_rot": 1.4844285411222815, "rmse_16m_trans": 0.33939170281349845, "rmse_16m_rot": 1.6204252239824848, "rmse_24m_trans": 0.4088517761286194, "rmse_24m_rot": 1.935357072263327, "rmse_32m_trans": 0.47754236657772975, "rmse_32m_rot": 2.3633024430020027, "rmse_40m_trans": 0.5243239809673499, "rmse_40m_rot": 2.784758108581106, "rmse_48m_trans": 0.5808758082272779, "rmse_48m_rot": 3.2699627671436393}