{"rmse": 0.4053335666011906, "mean": 0.4020523186128488, "median": 0.39685295020072664, "std": 0.051470703430923775, "min": 0.29208293803830315, "max": 0.5453025005022836, "sse": 355.20643906189355}