{"ape_trans": 1.1255558657456806, "ape_rot_deg": 8.647341707699358, "rpe_8m_trans": 0.8592448705294914, "rpe_8m_rot": 0.9302713475913071, "rpe_16m_trans": 1.2102514182897999, "rpe_16m_rot": 1.183846420665889, "rpe_24m_trans": 1.5182825346580164, "rpe_24m_rot": 1.455803083014678, "rpe_32m_trans": 1.7866313495608948, "rpe_32m_rot": 1.7632178554751738, "rpe_40m_trans": 2.110247498533449, "rpe_40m_rot": 2.1738955868155654, "rpe_48m_trans": 2.2661323538025484, "rpe_48m_rot": 2.3461807040727796}