{"ape_trans": 4.368813710728002, "ape_rot_deg": 59.69390363952776, "rpe_8m_trans": 0.3521597622883448, "rpe_8m_rot": 0.798987027732043, "rpe_16m_trans": 4.20182290514891, "rpe_16m_rot": 2.7482337790525375, "rpe_24m_trans": 5.472606116448977, "rpe_24m_rot": 3.7774894977646256, "rpe_32m_trans": 6.797089269419621, "rpe_32m_rot": 4.83759288842702, "rpe_40m_trans": 8.324679099296404, "rpe_40m_rot": 6.161690927340328, "rpe_48m_trans": 8.74860731284184, "rpe_48m_rot": 6.700626428086176}