{"ape_trans": 0.5891731426585687, "ape_rot_deg": 80.30492281263444, "rpe_8m_trans": 0.7382872512669377, "rpe_8m_rot": 0.7142945274327828, "rpe_16m_trans": 1.2584965843316536, "rpe_16m_rot": 0.6513052408332249, "rpe_24m_trans": 1.6266339411807964, "rpe_24m_rot": 0.7003282031366369, "rpe_32m_trans": 1.6422725684238537, "rpe_32m_rot": 0.8149948164829546, "rpe_40m_trans": 1.6486646234072035, "rpe_40m_rot": 0.4594397052719903, "rpe_48m_trans": NaN, "rpe_48m_rot": NaN}