{"ape_trans": 131.49992393844184, "ape_rot_deg": 153.70876803882157, "rpe_8m_trans": 3.5348563910588573, "rpe_8m_rot": 2.459382439769775, "rpe_16m_trans": 7.8690889053386615, "rpe_16m_rot": 3.0780428312566586, "rpe_24m_trans": 12.838592257994907, "rpe_24m_rot": 3.7414346574096258, "rpe_32m_trans": 18.409709061552913, "rpe_32m_rot": 4.640200712707572, "rpe_40m_trans": 24.99406919529529, "rpe_40m_rot": 5.323072349711615, "rpe_48m_trans": 32.634461146119634, "rpe_48m_rot": 6.025820126027912}