{"std": 0.7140862842133789, "rmse": 3.111061486099927, "sse": 1819.5962712153255, "max": 4.544435103295065, "min": 1.3263460648156018, "median": 2.8524378218071282, "mean": 3.0280000576275774}