{"ape_trans": 0.07508582187616142, "ape_rot_deg": 2.109483908403489, "rpe_8m_trans": 0.03991020300833393, "rpe_8m_rot": 0.8288995222784098, "rpe_16m_trans": 0.05613617086960736, "rpe_16m_rot": 0.9947327201896486, "rpe_24m_trans": 0.07388740643945786, "rpe_24m_rot": 1.088756993187479, "rpe_32m_trans": 0.08634427340015348, "rpe_32m_rot": 1.2067018222349801, "rpe_40m_trans": 0.10477782765425167, "rpe_40m_rot": 1.3097609205203193, "rpe_48m_trans": 0.11781502634233522, "rpe_48m_rot": 1.400942704347152}