{"ape_trans": 0.15863329120739897, "ape_rot_deg": 4.1677946637026295, "rpe_8m_trans": 0.1545608607954031, "rpe_8m_rot": 1.7928292176781258, "rpe_16m_trans": 0.18978558089108694, "rpe_16m_rot": 2.3237115817959606, "rpe_24m_trans": 0.22334679475012637, "rpe_24m_rot": 2.8855636412322863, "rpe_32m_trans": 0.25829806544645306, "rpe_32m_rot": 2.9735802745929973, "rpe_40m_trans": 0.313085132902191, "rpe_40m_rot": 2.0716218246442137, "rpe_48m_trans": 0.3519580363557344, "rpe_48m_rot": 1.6742842565446947}