{"ape_trans": 0.16975770900392895, "ape_rot_deg": 3.465511949758322, "rpe_8m_trans": 0.06170324283468878, "rpe_8m_rot": 1.163708148514294, "rpe_16m_trans": 0.09762274690609782, "rpe_16m_rot": 1.5596427513918465, "rpe_24m_trans": 0.12278210845369962, "rpe_24m_rot": 2.1292897977171115, "rpe_32m_trans": 0.14616928122668002, "rpe_32m_rot": 2.7247135846410377, "rpe_40m_trans": 0.17023404879204584, "rpe_40m_rot": 3.283815564879848, "rpe_48m_trans": 0.19740220825992474, "rpe_48m_rot": 3.8537850960218387}