{"rmse": 0.723471303430974, "mean": 0.47113085286760087, "median": 0.26608692615358875, "std": 0.549041388571353, "min": 0.1231797756534005, "max": 2.153090913643621, "sse": 207.27064784769252}