{"rmse": 0.27720164666473457, "mean": 0.2420071320085106, "median": 0.22019254224461965, "std": 0.13517877411286017, "min": 0.03206196776916106, "max": 0.6081910839121583, "sse": 83.75642067586797}