{"rmse": 2.9838444849370767, "mean": 2.8994915002382333, "median": 2.3890786491584444, "std": 0.7044692685530322, "min": 2.236858518099976, "max": 4.215113598884708, "sse": 4941.346990210621}