{"ape_trans": 0.46994261825614914, "ape_rot_deg": 9.675893948062999, "rpe_8m_trans": 0.2381646237586387, "rpe_8m_rot": 2.49914493090815, "rpe_16m_trans": 0.3343432855627944, "rpe_16m_rot": 3.7685129168547515, "rpe_24m_trans": 0.3957593284199536, "rpe_24m_rot": 4.8723526088926725, "rpe_32m_trans": 0.4682313997637014, "rpe_32m_rot": 6.01067326528449, "rpe_40m_trans": 0.5179929687601181, "rpe_40m_rot": 7.0442309968773715, "rpe_48m_trans": 0.5391055310201941, "rpe_48m_rot": 8.188583792941367}