{"ape_trans": 12524727.081204288, "ape_rot_deg": 116.35701499903374, "rpe_8m_trans": 0.06899953027897585, "rpe_8m_rot": 2.1160190969766726, "rpe_16m_trans": 0.07345823943907093, "rpe_16m_rot": 2.1056148740499747, "rpe_24m_trans": 0.08326920072354846, "rpe_24m_rot": 2.257514925256796, "rpe_32m_trans": 0.08663832390895038, "rpe_32m_rot": 2.1173664800436236, "rpe_40m_trans": 0.09384505458803462, "rpe_40m_rot": 1.9573225579990479, "rpe_48m_trans": 0.10280883990310649, "rpe_48m_rot": 2.1005459983656976}