{"rmse": 129.56022829649885, "mean": 85.19720636178734, "median": 65.95001171032797, "std": 97.60783157302454, "min": 0.5155137439304125, "max": 545.9586829349814, "sse": 22862331.454000108}