{"rmse": 0.06974236966271874, "mean": 0.058438957475922294, "median": 0.04723694624940599, "std": 0.038064240111929944, "min": 0.005348796597031954, "max": 0.14297703355609262, "sse": 6.152957629606709}