{"rmse_8m_trans": 0.22346004472463138, "rmse_8m_rot": 1.3904741700392134, "rmse_16m_trans": 0.2991472899988312, "rmse_16m_rot": 1.408222345510122, "rmse_24m_trans": 0.35563519183034237, "rmse_24m_rot": 1.5277366858355264, "rmse_32m_trans": 0.4092649215753527, "rmse_32m_rot": 1.763994374606666, "rmse_40m_trans": 0.4571788323364956, "rmse_40m_rot": 1.9665515944372904, "rmse_48m_trans": 0.493203284826327, "rmse_48m_rot": 2.202048689568088}