{"ape_trans": 0.5264510965087974, "ape_rot_deg": 8.802244937154812, "rpe_8m_trans": 0.3255010008697138, "rpe_8m_rot": 1.6777469801024254, "rpe_16m_trans": 0.5211308523786334, "rpe_16m_rot": 2.1681830003506923, "rpe_24m_trans": 0.6194176178710334, "rpe_24m_rot": 2.8889133042366666, "rpe_32m_trans": 0.7539530390535276, "rpe_32m_rot": 3.8061974397998797, "rpe_40m_trans": 0.8553141645421447, "rpe_40m_rot": 4.720175368398663, "rpe_48m_trans": 1.0854576285957307, "rpe_48m_rot": 5.568675267689408}