{"ape_trans": 0.14596353661221703, "ape_rot_deg": 2.5487409030518617, "rpe_8m_trans": 0.13878290817649233, "rpe_8m_rot": 0.6955625143146505, "rpe_16m_trans": 0.26752731359823656, "rpe_16m_rot": 0.7533161826449706, "rpe_24m_trans": 0.26513966567114633, "rpe_24m_rot": 0.6294360849024601, "rpe_32m_trans": 0.33036165812886603, "rpe_32m_rot": 0.7613887615381488, "rpe_40m_trans": 0.3429277206875882, "rpe_40m_rot": 0.9137009169935673, "rpe_48m_trans": 0.41765602068546764, "rpe_48m_rot": 0.9310631517805732}