{"rmse": 0.19906248969550153, "mean": 0.18124648900668028, "median": 0.17565649458515667, "std": 0.08231394187209702, "min": 0.008368887280032971, "max": 0.38945278878895084, "sse": 91.49614492190874}