{"rmse": 0.2899002673610394, "mean": 0.27178603502656323, "median": 0.28242099840099955, "std": 0.1008688067766337, "min": 0.04252930173646989, "max": 0.5844243881954354, "sse": 252.12649504800638}