{"rmse_8m_trans": 0.22917029221344398, "rmse_8m_rot": 1.415637071146368, "rmse_16m_trans": 0.3304042660713612, "rmse_16m_rot": 1.5220761807099845, "rmse_24m_trans": 0.39247483247288983, "rmse_24m_rot": 1.7258035004475891, "rmse_32m_trans": 0.46005013647992016, "rmse_32m_rot": 2.022098189568909, "rmse_40m_trans": 0.5166213866349577, "rmse_40m_rot": 2.2919652251097244, "rmse_48m_trans": 0.5696488821407635, "rmse_48m_rot": 2.629335902845065}