{"rmse": 0.2556952211031673, "mean": 0.2440429984795495, "median": 0.2821115559916666, "std": 0.07630898366580566, "min": 0.07998750047814332, "max": 0.3796264747970647, "sse": 63.810924988717645}