{"ape_trans": 0.27391896005692173, "ape_rot_deg": 0.8975356440773966, "rpe_8m_trans": 0.22495564413193997, "rpe_8m_rot": 0.5966514750646777, "rpe_16m_trans": 0.35626836643560755, "rpe_16m_rot": 0.6711439697637345, "rpe_24m_trans": 0.37245188286133685, "rpe_24m_rot": 0.8227496693914222, "rpe_32m_trans": 0.4241350676494065, "rpe_32m_rot": 0.9022971836364221, "rpe_40m_trans": 0.47188311474440514, "rpe_40m_rot": 1.0969456230981545, "rpe_48m_trans": 0.5683427767183381, "rpe_48m_rot": 1.2039421706773288}