{"ape_trans": 0.1679096780307295, "ape_rot_deg": 6.3590913593564, "rpe_8m_trans": 0.08354629627833755, "rpe_8m_rot": 0.8005185245852975, "rpe_16m_trans": 0.115921139385256, "rpe_16m_rot": 0.9688012266809293, "rpe_24m_trans": 0.14202956884384532, "rpe_24m_rot": 1.2120680762910014, "rpe_32m_trans": 0.17709532875159006, "rpe_32m_rot": 1.5208737893974826, "rpe_40m_trans": 0.21484336557687322, "rpe_40m_rot": 1.779875557469222, "rpe_48m_trans": 0.2609559090472175, "rpe_48m_rot": 2.0460587101946746}