{"ape_trans": 0.1470031411574793, "ape_rot_deg": 4.529016227388353, "rpe_8m_trans": 0.1495540289224614, "rpe_8m_rot": 1.6716610301892636, "rpe_16m_trans": 0.18510392483501062, "rpe_16m_rot": 2.1532825633641233, "rpe_24m_trans": 0.222620001722157, "rpe_24m_rot": 2.613598746749803, "rpe_32m_trans": 0.2620387245461372, "rpe_32m_rot": 2.591463790005743, "rpe_40m_trans": 0.3087611983727878, "rpe_40m_rot": 1.9651083620969878, "rpe_48m_trans": 0.34765021224627835, "rpe_48m_rot": 2.012492798876456}