{"rmse": 0.46452977113083727, "mean": 0.453229653694148, "median": 0.44230771160043836, "std": 0.10183707222397277, "min": 0.17188542779232974, "max": 0.8729039762477072, "sse": 226.57730368021143}