{"ape_trans": 0.23796421018720001, "ape_rot_deg": 1.8729672841040734, "rpe_8m_trans": 0.17500254551950437, "rpe_8m_rot": 0.9040155622758765, "rpe_16m_trans": 0.2851039952883599, "rpe_16m_rot": 1.4021932436061755, "rpe_24m_trans": 0.3439736742241065, "rpe_24m_rot": 1.7611780936555814, "rpe_32m_trans": 0.43462806697584216, "rpe_32m_rot": 2.302829658442137, "rpe_40m_trans": 0.40584840482264267, "rpe_40m_rot": 2.7502196447276535, "rpe_48m_trans": 0.5093914442940266, "rpe_48m_rot": 3.130032649123717}