{"rmse": 0.06055453037424458, "mean": 0.048397692937354755, "median": 0.03788588602886013, "std": 0.036393879529212476, "min": 0.0029699023118884785, "max": 0.1622692309897115, "sse": 3.879528515478338}