{"ape_trans": 0.30281443942099723, "ape_rot_deg": 0.711669199910455, "rpe_8m_trans": 0.19476028412350258, "rpe_8m_rot": 0.5490175965810818, "rpe_16m_trans": 0.29828344509578425, "rpe_16m_rot": 0.6333711164475966, "rpe_24m_trans": 0.32763998161730334, "rpe_24m_rot": 0.7210493162220146, "rpe_32m_trans": 0.3870466851061891, "rpe_32m_rot": 0.7848547707864173, "rpe_40m_trans": 0.49718886115694266, "rpe_40m_rot": 0.948705888182236, "rpe_48m_trans": 0.6569162026566917, "rpe_48m_rot": 0.9974711133695867}