{"ape_trans": 11.68508915800042, "ape_rot_deg": 174.09489796592183, "rpe_8m_trans": 0.0586308061423707, "rpe_8m_rot": 1.1829778525840835, "rpe_16m_trans": 0.065330559353218, "rpe_16m_rot": 1.3753906094695207, "rpe_24m_trans": 6.522478811080949, "rpe_24m_rot": 7.614124887059077, "rpe_32m_trans": 12.186319984913682, "rpe_32m_rot": 13.341875534938428, "rpe_40m_trans": 14.258853743999213, "rpe_40m_rot": 15.450029919378958, "rpe_48m_trans": 16.651844959466032, "rpe_48m_rot": 17.920606233271737}