{"rmse": 0.06781269663542223, "mean": 0.06149708287245533, "median": 0.05766707365333101, "std": 0.028577449556357677, "min": 0.003113837547603852, "max": 0.12477929890265832, "sse": 5.899954821433695}