{"std": 0.06607402873954663, "rmse": 0.14938027239502547, "sse": 29.1873212413021, "max": 0.38471284267804523, "min": 0.0331294764996395, "median": 0.12656107037392145, "mean": 0.13397271553169912}