{"ape_trans": 0.7301693779307578, "ape_rot_deg": 19.66464469594105, "rpe_8m_trans": 0.7070171180976932, "rpe_8m_rot": 2.170434137790687, "rpe_16m_trans": 1.2332169817596956, "rpe_16m_rot": 3.511506703072117, "rpe_24m_trans": 1.547081320059426, "rpe_24m_rot": 4.3224059839289595, "rpe_32m_trans": 1.53164557586861, "rpe_32m_rot": 4.544042826064578, "rpe_40m_trans": 1.492189843724487, "rpe_40m_rot": 4.708748355542386, "rpe_48m_trans": NaN, "rpe_48m_rot": NaN}