{"rmse": 0.22561667618306674, "mean": 0.19943697446009032, "median": 0.17994597480871605, "std": 0.10548828271471711, "min": 0.026244428087563755, "max": 0.5194533781757636, "sse": 66.58097302003839}