{"rmse": 0.34954135958809085, "mean": 0.3303393504854579, "median": 0.3500821462005098, "std": 0.11425880965394682, "min": 0.04613991822048202, "max": 0.5586602493363209, "sse": 241.42602423587746}