{"std": 0.09414864552374683, "rmse": 0.1463900776270463, "sse": 32.03793196734071, "max": 0.43399788232553543, "min": 0.02954828609628151, "median": 0.07441014117923352, "mean": 0.1120985609795974}