{"rmse": 13.73755969015102, "mean": 13.585639962396218, "median": 14.00997147083942, "std": 2.0373838746306703, "min": 10.029047592643343, "max": 17.049427802048115, "sse": 189097.98733294313}