{"rmse": 0.08618497771482035, "mean": 0.07121165197235624, "median": 0.058897354722694584, "std": 0.048546379958469534, "min": 0.01288232157676176, "max": 0.22667619037736672, "sse": 7.977511312098183}