{"rmse": 1.6461787840404982, "mean": 1.4458091146749676, "median": 1.2131471563208094, "std": 0.7871090095709994, "min": 0.287297572327649, "max": 3.667441954649795, "sse": 2807.4611542299554}