{"ape_trans": 0.38509585569258215, "ape_rot_deg": 22.18836250128999, "rpe_8m_trans": 0.4274096344590226, "rpe_8m_rot": 0.5518586588107754, "rpe_16m_trans": 0.7544596844200068, "rpe_16m_rot": 0.6233114289627608, "rpe_24m_trans": 0.9069936250406992, "rpe_24m_rot": 0.6373142393090774, "rpe_32m_trans": 0.9417309475561453, "rpe_32m_rot": 0.6450121089394975, "rpe_40m_trans": NaN, "rpe_40m_rot": NaN, "rpe_48m_trans": NaN, "rpe_48m_rot": NaN}