{"rmse": 0.05816201193433627, "mean": 0.05417105526090646, "median": 0.05325027356859918, "std": 0.021173483515229467, "min": 0.007410895406644759, "max": 0.11381199531522548, "sse": 4.610783158756579}