{"std": 0.044955512604860484, "rmse": 0.12368989891253171, "sse": 12.086360963463926, "max": 0.2041776153437874, "min": 0.006859030218254093, "median": 0.11481169881782857, "mean": 0.11523104173540455}