{"rmse": 0.2995622467816279, "mean": 0.2733541807498005, "median": 0.26827328635176484, "std": 0.12253583787391484, "min": 0.03911537988327664, "max": 0.5111438599960231, "sse": 169.60395002705962}