{"rmse": 0.7231001829375067, "mean": 0.7099354504190859, "median": 0.6982055577760178, "std": 0.13735185037889122, "min": 0.2294508776939931, "max": 1.3473255021725707, "sse": 218.56127956785886}