{"rmse": 126.45632069928284, "mean": 120.25283227538334, "median": 92.27316571295957, "std": 39.12106049876958, "min": 89.94681762785241, "max": 174.79841436036006, "sse": 86176582.43042651}