{"rmse": 0.26100558775381494, "mean": 0.23342794444050077, "median": 0.21649497949835914, "std": 0.11677033695676693, "min": 0.0365069917608963, "max": 0.5886689662823473, "sse": 86.1767548009737}