{"rmse": 0.23163654115444993, "mean": 0.20512026293739938, "median": 0.17761007437160928, "std": 0.10761582100457784, "min": 0.0457401362019297, "max": 0.5604899080679615, "sse": 67.87419130546643}