{"ape_trans": 1.3754502219577724, "ape_rot_deg": 21.533318114811745, "rpe_8m_trans": 1.1773690927440508, "rpe_8m_rot": 1.9799722047925228, "rpe_16m_trans": 2.1721800788745766, "rpe_16m_rot": 3.3878637025907348, "rpe_24m_trans": 2.7532699863629966, "rpe_24m_rot": 4.2725261578015745, "rpe_32m_trans": 2.9670820200081107, "rpe_32m_rot": 4.693059872051228, "rpe_40m_trans": 2.991812123299797, "rpe_40m_rot": 4.671895350438252, "rpe_48m_trans": NaN, "rpe_48m_rot": NaN}