{"ape_trans": 0.1561153545863713, "ape_rot_deg": 1.5091482393203026, "rpe_8m_trans": 0.16576854503776547, "rpe_8m_rot": 0.7314606543383837, "rpe_16m_trans": 0.24694082985236915, "rpe_16m_rot": 1.029895631540717, "rpe_24m_trans": 0.28047357040269216, "rpe_24m_rot": 1.1981238477377505, "rpe_32m_trans": 0.3653166321651268, "rpe_32m_rot": 1.4848954605535902, "rpe_40m_trans": 0.30315591527062385, "rpe_40m_rot": 1.7097992554006318, "rpe_48m_trans": 0.35427711859785804, "rpe_48m_rot": 1.9564512887356762}