{"rmse": 0.4846756129157776, "mean": 0.4338159207439962, "median": 0.40950096350385645, "std": 0.21613467251767687, "min": 0.09679779996331753, "max": 0.9643522597500289, "sse": 253.70328573570745}