{"rmse": 0.19069070831826906, "mean": 0.17418085706634892, "median": 0.14811797032069904, "std": 0.07761427233798754, "min": 0.02779812368096704, "max": 0.4162822599156025, "sse": 66.03511036988448}