{"ape_trans": 0.7234674670289927, "ape_rot_deg": 9.528549959168839, "rpe_8m_trans": 1.4069133537666458, "rpe_8m_rot": 3.136898991485879, "rpe_16m_trans": 1.5633102119814652, "rpe_16m_rot": 3.6634109736597917, "rpe_24m_trans": 2.251646612916091, "rpe_24m_rot": 4.846035195046165, "rpe_32m_trans": NaN, "rpe_32m_rot": NaN, "rpe_40m_trans": NaN, "rpe_40m_rot": NaN, "rpe_48m_trans": NaN, "rpe_48m_rot": NaN}