{"ape_trans": 0.2557710159354802, "ape_rot_deg": 1.476579206490814, "rpe_8m_trans": 0.18768381637305626, "rpe_8m_rot": 1.1278372955077505, "rpe_16m_trans": 0.3069352288179547, "rpe_16m_rot": 1.515434163345896, "rpe_24m_trans": 0.40585512149218156, "rpe_24m_rot": 1.668155542802684, "rpe_32m_trans": 0.41406289172294275, "rpe_32m_rot": 1.8126419725899698, "rpe_40m_trans": 0.5360259291592301, "rpe_40m_rot": 2.2359297200950135, "rpe_48m_trans": 0.6813550023371107, "rpe_48m_rot": 2.4223916744950977}