{"ape_trans": 0.212273742252928, "ape_rot_deg": 6.8925770300097104, "rpe_8m_trans": 0.11328042875991731, "rpe_8m_rot": 0.7703280845916811, "rpe_16m_trans": 0.16299452956469712, "rpe_16m_rot": 0.9860185608065517, "rpe_24m_trans": 0.20174362190788195, "rpe_24m_rot": 1.2639292155254478, "rpe_32m_trans": 0.24240240025309948, "rpe_32m_rot": 1.572166510849903, "rpe_40m_trans": 0.293951963834737, "rpe_40m_rot": 1.8784962960237075, "rpe_48m_trans": 0.3547869619692893, "rpe_48m_rot": 2.171515597069034}