{"ape_trans": 0.12317792969566153, "ape_rot_deg": 2.3516943232702814, "rpe_8m_trans": 0.11422457072509369, "rpe_8m_rot": 1.3958870337705007, "rpe_16m_trans": 0.1506968546202899, "rpe_16m_rot": 1.5106284902151954, "rpe_24m_trans": 0.17978801670017272, "rpe_24m_rot": 1.8572823565858465, "rpe_32m_trans": 0.21265672730702617, "rpe_32m_rot": 2.212175943611198, "rpe_40m_trans": 0.2259143087887503, "rpe_40m_rot": 2.4808462106065723, "rpe_48m_trans": 0.252815760028016, "rpe_48m_rot": 2.9406766850148616}