{"ape_trans": 0.5890487738880366, "ape_rot_deg": 80.27997086642495, "rpe_8m_trans": 0.7381101703127877, "rpe_8m_rot": 0.7144663784371523, "rpe_16m_trans": 1.2581979892074515, "rpe_16m_rot": 0.6516782332205086, "rpe_24m_trans": 1.62624701287323, "rpe_24m_rot": 0.7007504539793491, "rpe_32m_trans": 1.6418845035443872, "rpe_32m_rot": 0.8154147349423261, "rpe_40m_trans": 1.6482789956409734, "rpe_40m_rot": 0.46015840360888166, "rpe_48m_trans": NaN, "rpe_48m_rot": NaN}