{"rmse": 0.12878114697063184, "mean": 0.11795176355236087, "median": 0.11285995564582389, "std": 0.051691056189242524, "min": 0.02480302044542925, "max": 0.22827338725823215, "sse": 16.468491728365976}