{"ape_trans": 1.643455693030414, "ape_rot_deg": 18.730711460142032, "rpe_8m_trans": 1.3232712688312585, "rpe_8m_rot": 2.117739557670479, "rpe_16m_trans": 2.463087085339117, "rpe_16m_rot": 3.662604658386204, "rpe_24m_trans": 3.219124294028659, "rpe_24m_rot": 4.861901868151018, "rpe_32m_trans": 3.4099450682498342, "rpe_32m_rot": 5.160551109699609, "rpe_40m_trans": 3.4391701103752585, "rpe_40m_rot": 5.144720032159194, "rpe_48m_trans": 3.412200689582089, "rpe_48m_rot": 5.095837295894478}