{"ape_trans": 0.21856471373360098, "ape_rot_deg": 11.549583689086006, "rpe_8m_trans": 0.2582383780712969, "rpe_8m_rot": 0.5636382750893754, "rpe_16m_trans": 0.41294900191548395, "rpe_16m_rot": 0.6454975360059615, "rpe_24m_trans": 0.4859434219240888, "rpe_24m_rot": 0.676719740229281, "rpe_32m_trans": 0.48827292400634437, "rpe_32m_rot": 0.6177690086721038, "rpe_40m_trans": NaN, "rpe_40m_rot": NaN, "rpe_48m_trans": NaN, "rpe_48m_rot": NaN}