{"ape_trans": 0.08613545923569416, "ape_rot_deg": 2.031351556122341, "rpe_8m_trans": 0.11432964556816633, "rpe_8m_rot": 1.7489166849042612, "rpe_16m_trans": 0.17282359999659408, "rpe_16m_rot": 2.858129647138293, "rpe_24m_trans": 0.267784069401361, "rpe_24m_rot": 4.232096168882017, "rpe_32m_trans": 0.23046701132183986, "rpe_32m_rot": 6.225175045314717, "rpe_40m_trans": 0.17716537201935942, "rpe_40m_rot": 7.702590410787035, "rpe_48m_trans": NaN, "rpe_48m_rot": NaN}