{"rmse": 0.3588674207513806, "mean": 0.32036442022589023, "median": 0.33322196376706975, "std": 0.16171723448685874, "min": 0.07513818093472815, "max": 0.7698880966561527, "sse": 233.8750594289752}