{"rmse": 0.28640483689046564, "mean": 0.24580972981254148, "median": 0.22143514802664452, "std": 0.146987439340032, "min": 0.011628114460347401, "max": 0.6671933740066783, "sse": 155.03241082314048}