{"ape_trans": 0.16022598486720366, "ape_rot_deg": 2.2240605103453537, "rpe_8m_trans": 0.1452605147863567, "rpe_8m_rot": 0.6316377903830669, "rpe_16m_trans": 0.27496390712689844, "rpe_16m_rot": 0.7592023246737803, "rpe_24m_trans": 0.26463018658619836, "rpe_24m_rot": 0.6088014909710141, "rpe_32m_trans": 0.31917413617148804, "rpe_32m_rot": 0.6830550636074051, "rpe_40m_trans": 0.34609533473673226, "rpe_40m_rot": 0.6957051694675478, "rpe_48m_trans": 0.38743093217207536, "rpe_48m_rot": 0.6251007726448861}