{"ape_trans": 0.8615033781490479, "ape_rot_deg": 4.8879664233850955, "rpe_8m_trans": 0.7108434432522447, "rpe_8m_rot": 0.9188553134233417, "rpe_16m_trans": 0.9726180845351758, "rpe_16m_rot": 0.9933882452964755, "rpe_24m_trans": 1.2047727829960089, "rpe_24m_rot": 1.0088679402696048, "rpe_32m_trans": 1.4175150567293135, "rpe_32m_rot": 1.0723750189528731, "rpe_40m_trans": 1.6748705664077335, "rpe_40m_rot": 0.8176085580840311, "rpe_48m_trans": 1.7054774794902396, "rpe_48m_rot": 0.7439521071494622}