{"ape_trans": 13.741657992062603, "ape_rot_deg": 67.78413081735968, "rpe_8m_trans": 1.2160824760387139, "rpe_8m_rot": 1.1324140535769327, "rpe_16m_trans": 1.253139264745283, "rpe_16m_rot": 1.1389856834702825, "rpe_24m_trans": 1.4816161680891458, "rpe_24m_rot": 1.329804588576525, "rpe_32m_trans": 14.888798554010076, "rpe_32m_rot": 8.012616103621198, "rpe_40m_trans": 21.147951233520782, "rpe_40m_rot": 11.333315134706186, "rpe_48m_trans": 25.205582250537017, "rpe_48m_rot": 13.388691663973313}