{"rmse": 0.1818548325915033, "mean": 0.17202398841135894, "median": 0.16677633561988836, "std": 0.058982434232001134, "min": 0.025819287616790067, "max": 0.3252283985945074, "sse": 45.86972684985768}