{"ape_trans": 0.0648231745620241, "ape_rot_deg": 1.9203460451998786, "rpe_8m_trans": 0.036837597100412255, "rpe_8m_rot": 0.7624129707538669, "rpe_16m_trans": 0.05072898165039537, "rpe_16m_rot": 0.88347425167971, "rpe_24m_trans": 0.06015817750470462, "rpe_24m_rot": 1.031077803956434, "rpe_32m_trans": 0.07044258922001241, "rpe_32m_rot": 1.2404713622929928, "rpe_40m_trans": 0.08850182511794177, "rpe_40m_rot": 1.4433402695382203, "rpe_48m_trans": 0.10127268805131516, "rpe_48m_rot": 1.6206066789879203}