{"rmse": 0.1677153838142677, "mean": 0.14863867046120793, "median": 0.1317588082597135, "std": 0.07768523419216526, "min": 0.010464891111509837, "max": 0.305212167548948, "sse": 27.93155081819136}