{"ape_trans": 0.9837696133490976, "ape_rot_deg": 10.65754394416877, "rpe_8m_trans": 0.8237881397997853, "rpe_8m_rot": 1.113492153274619, "rpe_16m_trans": 1.0570365887644153, "rpe_16m_rot": 1.458120273548086, "rpe_24m_trans": 1.27181610453989, "rpe_24m_rot": 1.8568870193452989, "rpe_32m_trans": 1.4819557340787883, "rpe_32m_rot": 2.179359783755837, "rpe_40m_trans": 1.7085605222937759, "rpe_40m_rot": 2.5736542409073473, "rpe_48m_trans": 1.9473434857638368, "rpe_48m_rot": 2.9827882848818077}