{"ape_trans": 0.22355938478362922, "ape_rot_deg": 2.7740075432837004, "rpe_8m_trans": 0.15999212009937036, "rpe_8m_rot": 1.891552747391294, "rpe_16m_trans": 0.26188775001204184, "rpe_16m_rot": 2.294218750762014, "rpe_24m_trans": 0.35594854588816044, "rpe_24m_rot": 2.8299257535812483, "rpe_32m_trans": 0.39941653610371863, "rpe_32m_rot": 3.23440639283598, "rpe_40m_trans": 0.3869769818068051, "rpe_40m_rot": 3.718987713711659, "rpe_48m_trans": 0.43200255282509475, "rpe_48m_rot": 4.464325611812318}