{"ape_trans": 0.06303650416572823, "ape_rot_deg": 0.9698778449962459, "rpe_8m_trans": 0.044489379704499614, "rpe_8m_rot": 1.001868798516269, "rpe_16m_trans": 0.05234035622219877, "rpe_16m_rot": 1.1742296575802582, "rpe_24m_trans": 0.07042638812379118, "rpe_24m_rot": 1.33020385137213, "rpe_32m_trans": 0.08974155811667163, "rpe_32m_rot": 1.5539204892438392, "rpe_40m_trans": 0.1008269503207562, "rpe_40m_rot": 1.7414601096552274, "rpe_48m_trans": 0.0962711938214194, "rpe_48m_rot": 1.8165403556090989}