{"rmse": 0.32489048535774584, "mean": 0.29655376212705387, "median": 0.28979258199187485, "std": 0.1327015208815726, "min": 0.038781561646597205, "max": 0.6357265796439123, "sse": 101.75388968685598}