{"std": 0.13523625131307368, "rmse": 0.3820914305329635, "sse": 66.1352191628871, "max": 0.6948408632148501, "min": 0.030696026170855262, "median": 0.3439897162153267, "mean": 0.3573583882008559}