{"rmse": 0.11001422157307879, "mean": 0.09846939625925744, "median": 0.09248949502611414, "std": 0.049060237959755296, "min": 0.03362333885078357, "max": 0.40424158680901906, "sse": 9.573574998129406}