{"rmse": 0.10837212951673443, "mean": 0.09087067796451888, "median": 0.08372559487859518, "std": 0.059051150219623684, "min": 0.013051670245569517, "max": 0.25586565443672776, "sse": 12.62535734019125}