{"ape_trans": 0.3501081656222498, "ape_rot_deg": 1.3938572065546329, "rpe_8m_trans": 0.20902886170294355, "rpe_8m_rot": 1.0918045725712922, "rpe_16m_trans": 0.3343070249386331, "rpe_16m_rot": 1.493724118325528, "rpe_24m_trans": 0.4387282040049113, "rpe_24m_rot": 1.535680008629263, "rpe_32m_trans": 0.4844524582944872, "rpe_32m_rot": 1.6246919986102326, "rpe_40m_trans": 0.6318131450087642, "rpe_40m_rot": 1.957596044031477, "rpe_48m_trans": 0.7910853552023269, "rpe_48m_rot": 2.1682738744660224}