{"ape_trans": 6.427478659340875, "ape_rot_deg": 19.736234257304876, "rpe_8m_trans": 0.03381156428680944, "rpe_8m_rot": 1.0277558117193482, "rpe_16m_trans": 3.824117013613462, "rpe_16m_rot": 4.584593182308746, "rpe_24m_trans": 7.178543271881322, "rpe_24m_rot": 9.314689829347085, "rpe_32m_trans": 8.734448069110986, "rpe_32m_rot": 11.208644017747952, "rpe_40m_trans": 10.282244592708352, "rpe_40m_rot": 13.337181819562936, "rpe_48m_trans": 12.129723936044588, "rpe_48m_rot": 15.741429577589269}