{"ape_trans": 8.717328337283933, "ape_rot_deg": 30.122515265960466, "rpe_8m_trans": 0.03766713674662417, "rpe_8m_rot": 0.6659622748563149, "rpe_16m_trans": 0.05079603742995996, "rpe_16m_rot": 0.7145750236708301, "rpe_24m_trans": 9.207309948653933, "rpe_24m_rot": 4.223294642286698, "rpe_32m_trans": 12.738965855356486, "rpe_32m_rot": 5.851710926077786, "rpe_40m_trans": 16.25547601958967, "rpe_40m_rot": 7.49930891372277, "rpe_48m_trans": 17.383237361015937, "rpe_48m_rot": 8.022611631872035}