{"ape_trans": 0.23478365503495136, "ape_rot_deg": 1.8026556217548266, "rpe_8m_trans": 0.1818245714854326, "rpe_8m_rot": 0.6499978360081559, "rpe_16m_trans": 0.2390773496663773, "rpe_16m_rot": 0.7405017010905227, "rpe_24m_trans": 0.24296131486672942, "rpe_24m_rot": 0.8045571637330041, "rpe_32m_trans": 0.27563228106931437, "rpe_32m_rot": 0.8899705231362444, "rpe_40m_trans": 0.27000579231324495, "rpe_40m_rot": 0.9669433779484409, "rpe_48m_trans": 0.30642652454939256, "rpe_48m_rot": 1.1139121401808634}