{"rmse": 0.19646513085313974, "mean": 0.1684392373901318, "median": 0.14595738397040925, "std": 0.1011274984787627, "min": 0.04340013906117281, "max": 0.5048411256833993, "sse": 40.682869213762956}