{"rmse": 52806029.42043447, "mean": 52622115.967784494, "median": 51728319.51924491, "std": 4403368.508861298, "min": 42935969.17568666, "max": 64210152.8636793, "sse": 1.582181704064326e+19}