{"ape_trans": 5.0447679631568585, "ape_rot_deg": 23.560578608786884, "rpe_8m_trans": 0.029657420775010906, "rpe_8m_rot": 0.5963453280235927, "rpe_16m_trans": 4.53800725477291, "rpe_16m_rot": 2.111906853867317, "rpe_24m_trans": 6.763805766844831, "rpe_24m_rot": 3.1152295516081407, "rpe_32m_trans": 8.534649587839892, "rpe_32m_rot": 3.879555367968589, "rpe_40m_trans": 10.272810087854939, "rpe_40m_rot": 4.777550521098613, "rpe_48m_trans": 10.206278714439286, "rpe_48m_rot": 4.845152461775296}