{"std": 0.049586555489545533, "rmse": 0.4114808952425816, "sse": 176.4278212899211, "max": 0.4925886951072364, "min": 0.2369299706891176, "median": 0.41362500560641047, "mean": 0.40848219136740654}