{"rmse": 13.736800678491182, "mean": 13.584824220547668, "median": 14.009013592049406, "std": 2.0377055178355, "min": 10.027791130366255, "max": 17.048489751033966, "sse": 189077.09226635698}