{"rmse": 0.868872150731294, "mean": 0.8586797884928428, "median": 0.8718431649082928, "std": 0.13269451816224748, "min": 0.5973025585339725, "max": 1.247183654480875, "sse": 518.6429654353836}