{"rmse": 0.27718318192007063, "mean": 0.2419841680319927, "median": 0.22015344608992227, "std": 0.13518202085040484, "min": 0.032028886189925346, "max": 0.6081296694644517, "sse": 83.74526280987511}