{"rmse_8m_trans": 0.17786680389291543, "rmse_8m_rot": 1.6176632404012259, "rmse_16m_trans": 0.23566943199633908, "rmse_16m_rot": 1.710492953031894, "rmse_24m_trans": 0.2787599975273409, "rmse_24m_rot": 1.9387004554414948, "rmse_32m_trans": 0.31644120020685534, "rmse_32m_rot": 2.1275614671974337, "rmse_40m_trans": 0.35669026722574326, "rmse_40m_rot": 2.1406097691761503, "rmse_48m_trans": 0.44800656657345145, "rmse_48m_rot": 2.4201534435788647}