{"rmse": 4.288772328474279, "mean": 4.243427850405698, "median": 4.2407028570924306, "std": 0.6220033471678112, "min": 3.0408110679262568, "max": 7.433591234062778, "sse": 27093.72578992189}