{"ape_trans": 2.459080370965531, "ape_rot_deg": 11.132260587999403, "rpe_8m_trans": 1.5901453208337832, "rpe_8m_rot": 3.682982053769029, "rpe_16m_trans": 3.185489460888705, "rpe_16m_rot": 7.198775680506654, "rpe_24m_trans": 4.681472790163202, "rpe_24m_rot": 10.262933413858223, "rpe_32m_trans": 4.959479002357086, "rpe_32m_rot": 11.223571706777248, "rpe_40m_trans": 5.02897701387513, "rpe_40m_rot": 11.293035020837133, "rpe_48m_trans": 5.512361483111624, "rpe_48m_rot": 11.265657370165986}