{"rmse_8m_trans": 0.07332097537523742, "rmse_8m_rot": 0.798915904373584, "rmse_16m_trans": 0.09700087956063126, "rmse_16m_rot": 0.9856611498817351, "rmse_24m_trans": 0.11796254849003354, "rmse_24m_rot": 1.1599273823756155, "rmse_32m_trans": 0.1409516899062496, "rmse_32m_rot": 1.3185285582984745, "rmse_40m_trans": 0.16440499248557522, "rmse_40m_rot": 1.4749293716100387, "rmse_48m_trans": 0.19188334929320827, "rmse_48m_rot": 1.6234731857330518}