{"rmse": 11.309488740103989, "mean": 11.290781968288215, "median": 11.361431596421667, "std": 0.6502138933586388, "min": 9.8144036111773, "max": 12.600134666547946, "sse": 376678.85723167704}