{"ape_trans": 0.4474123610273635, "ape_rot_deg": 1.1536588807503776, "rpe_8m_trans": 0.33311478053057386, "rpe_8m_rot": 0.4517623274285096, "rpe_16m_trans": 0.4914156522413856, "rpe_16m_rot": 0.6659042552496296, "rpe_24m_trans": 0.5228808507710095, "rpe_24m_rot": 0.7858861606384592, "rpe_32m_trans": 0.5789381370461572, "rpe_32m_rot": 0.8868596895207453, "rpe_40m_trans": 0.699601649270078, "rpe_40m_rot": 1.0616212102674931, "rpe_48m_trans": 0.893993508580536, "rpe_48m_rot": 1.2090898422881184}