{"rmse": 0.3322644207636533, "mean": 0.3173622373187263, "median": 0.32106539946073964, "std": 0.09839133919943596, "min": 0.10774747058851103, "max": 0.5252207955976285, "sse": 218.14969912348235}