{"ape_trans": 0.7297803175755337, "ape_rot_deg": 10.315247917129177, "rpe_8m_trans": 1.4172909844399313, "rpe_8m_rot": 3.537430665715047, "rpe_16m_trans": 1.571938325250018, "rpe_16m_rot": 4.1129702111812545, "rpe_24m_trans": 2.257647693329054, "rpe_24m_rot": 5.455877281084037, "rpe_32m_trans": NaN, "rpe_32m_rot": NaN, "rpe_40m_trans": NaN, "rpe_40m_rot": NaN, "rpe_48m_trans": NaN, "rpe_48m_rot": NaN}