{"rmse_8m_trans": 0.06284626799123225, "rmse_8m_rot": 0.9819540107265912, "rmse_16m_trans": 0.09627035538262578, "rmse_16m_rot": 1.3735953977919668, "rmse_24m_trans": 0.12046609978904557, "rmse_24m_rot": 1.7876124932465647, "rmse_32m_trans": 0.14379343000593064, "rmse_32m_rot": 2.173175256347357, "rmse_40m_trans": 0.1663229060490041, "rmse_40m_rot": 2.5205538281434765, "rmse_48m_trans": 0.18633705125544658, "rmse_48m_rot": 2.921573226056823}