{"ape_trans": 0.3665658201203976, "ape_rot_deg": 1.4934929552604137, "rpe_8m_trans": 0.21544648673370115, "rpe_8m_rot": 1.0522156343396485, "rpe_16m_trans": 0.3401103626464416, "rpe_16m_rot": 1.3611576285152978, "rpe_24m_trans": 0.4339542672509973, "rpe_24m_rot": 1.4313795926979453, "rpe_32m_trans": 0.48919087112713977, "rpe_32m_rot": 1.6036896865917623, "rpe_40m_trans": 0.6428552183812741, "rpe_40m_rot": 2.010662992022081, "rpe_48m_trans": 0.8380742373591202, "rpe_48m_rot": 2.2624271612719498}