{"rmse": 0.8074376668180996, "mean": 0.8055653664886796, "median": 0.804572515981213, "std": 0.05495476422127441, "min": 0.58907657122288, "max": 0.9496182771723212, "sse": 1318.2541944808395}