{"ape_trans": 0.08394269131217205, "ape_rot_deg": 0.841488524589493, "rpe_8m_trans": 0.038613508523267975, "rpe_8m_rot": 0.7436377138034111, "rpe_16m_trans": 0.055616643799993024, "rpe_16m_rot": 0.9406436841629872, "rpe_24m_trans": 0.06861770094544993, "rpe_24m_rot": 0.941444113139972, "rpe_32m_trans": 0.08033621115592886, "rpe_32m_rot": 0.9334682640272224, "rpe_40m_trans": 0.09191223670429684, "rpe_40m_rot": 0.9340861977349725, "rpe_48m_trans": 0.10281096196400735, "rpe_48m_rot": 0.9497858939389004}