{"ape_trans": 3.13556953758602, "ape_rot_deg": 17.06698373411965, "rpe_8m_trans": 1.0513191130729416, "rpe_8m_rot": 0.9261741992965089, "rpe_16m_trans": 3.1504233417405145, "rpe_16m_rot": 2.1813467583518866, "rpe_24m_trans": 4.0810303545370425, "rpe_24m_rot": 2.82233153403073, "rpe_32m_trans": 5.113492690487404, "rpe_32m_rot": 3.5271967621726095, "rpe_40m_trans": 6.025451205687961, "rpe_40m_rot": 4.2135040161148565, "rpe_48m_trans": 6.2843694845692974, "rpe_48m_rot": 4.5168825064753095}