{"ape_trans": 26.839543485985942, "ape_rot_deg": 164.5887671490727, "rpe_8m_trans": 0.0651812125401604, "rpe_8m_rot": 1.3856503648792151, "rpe_16m_trans": 0.07846511691031377, "rpe_16m_rot": 1.4485911931884645, "rpe_24m_trans": 0.09723848276433508, "rpe_24m_rot": 1.5234352504893713, "rpe_32m_trans": 0.11526131008853921, "rpe_32m_rot": 1.7362947466446161, "rpe_40m_trans": 0.13444333660580784, "rpe_40m_rot": 1.9087360408621603, "rpe_48m_trans": 0.14341993503016864, "rpe_48m_rot": 2.005014346635832}