{"ape_trans": 0.1408832589621423, "ape_rot_deg": 2.0703018173172, "rpe_8m_trans": 0.15612229326429788, "rpe_8m_rot": 0.5608099587901637, "rpe_16m_trans": 0.16357647221807292, "rpe_16m_rot": 0.7935284349563062, "rpe_24m_trans": 0.18729808442450058, "rpe_24m_rot": 0.9870271322469997, "rpe_32m_trans": 0.22809475993598902, "rpe_32m_rot": 1.2549308314585212, "rpe_40m_trans": 0.27016024768561914, "rpe_40m_rot": 1.4855041927701405, "rpe_48m_trans": 0.259149599087225, "rpe_48m_rot": 1.7788030426042143}