{"ape_trans": 0.11075726058734389, "ape_rot_deg": 3.3098233816489464, "rpe_8m_trans": 0.15235508973824616, "rpe_8m_rot": 2.052167628080791, "rpe_16m_trans": 0.15326920485060308, "rpe_16m_rot": 2.4984763262274883, "rpe_24m_trans": 0.1645568637772268, "rpe_24m_rot": 2.7862014313862367, "rpe_32m_trans": 0.18053530810424637, "rpe_32m_rot": 3.12786000345229, "rpe_40m_trans": 0.19747890649226568, "rpe_40m_rot": 3.3783405477026465, "rpe_48m_trans": 0.21706779679151197, "rpe_48m_rot": 4.147215076035584}