{"rmse": 3.3970976508058803, "mean": 3.374002371173779, "median": 3.236770886927334, "std": 0.3954496787513534, "min": 2.4271985165764742, "max": 4.446348285457428, "sse": 24026.84723904875}