{"rmse": 0.9505165221153804, "mean": 0.9331755112417726, "median": 0.9464028610372777, "std": 0.18073495520505958, "min": 0.5579046546275269, "max": 1.5393374343188757, "sse": 618.8849362878082}