{"ape_trans": 0.49545181373720354, "ape_rot_deg": 6.3540710829233795, "rpe_8m_trans": 0.4040586901229671, "rpe_8m_rot": 1.3156611193616927, "rpe_16m_trans": 0.5571197702850155, "rpe_16m_rot": 1.7480505396000177, "rpe_24m_trans": 0.6763381110469241, "rpe_24m_rot": 2.167606654740704, "rpe_32m_trans": 0.7824474696394718, "rpe_32m_rot": 2.6176686731910612, "rpe_40m_trans": 0.9120984129374838, "rpe_40m_rot": 3.12093509911815, "rpe_48m_trans": 0.9770529721853243, "rpe_48m_rot": 3.551742349351535}