{"ape_trans": 2.177527746200402, "ape_rot_deg": 15.728315647633812, "rpe_8m_trans": 1.5227432930939868, "rpe_8m_rot": 3.253815598294254, "rpe_16m_trans": 3.1381219208017397, "rpe_16m_rot": 6.5038674982997104, "rpe_24m_trans": 4.247107330113132, "rpe_24m_rot": 8.896728740965802, "rpe_32m_trans": 4.502046318633543, "rpe_32m_rot": 9.543311153179397, "rpe_40m_trans": 4.5617200038025505, "rpe_40m_rot": 9.726322349495094, "rpe_48m_trans": 4.5329131877797275, "rpe_48m_rot": 9.794994164827738}