{"rmse": 0.22925117386111948, "mean": 0.22273734663819983, "median": 0.21959549598237993, "std": 0.054260253678688676, "min": 0.12723206492272018, "max": 0.5370564354053436, "sse": 55.18390575253629}