{"rmse": 0.45801207200786503, "mean": 0.38782210456718824, "median": 0.3437065628053322, "std": 0.243657697013689, "min": 0.07691602009693096, "max": 1.4055936364446326, "sse": 286.552729371345}