{"rmse": 0.3600395646852027, "mean": 0.34586253405452594, "median": 0.35675140219085744, "std": 0.10003797117141132, "min": 0.11728470684611045, "max": 0.6119400156569151, "sse": 471.588439848628}