{"ape_trans": 0.24694192185857156, "ape_rot_deg": 1.232605408027984, "rpe_8m_trans": 0.23505050153456628, "rpe_8m_rot": 0.4520684709791447, "rpe_16m_trans": 0.3380356083377999, "rpe_16m_rot": 0.5744164060708475, "rpe_24m_trans": 0.3936306812302622, "rpe_24m_rot": 0.5964049474618573, "rpe_32m_trans": 0.43610346240418346, "rpe_32m_rot": 0.6595454151641398, "rpe_40m_trans": 0.540732818360204, "rpe_40m_rot": 0.8822384890476466, "rpe_48m_trans": 0.4696697206682511, "rpe_48m_rot": 1.0322350297242653}