{"ape_trans": 34.92898328946961, "ape_rot_deg": 163.53780240694917, "rpe_8m_trans": 0.09458275164653347, "rpe_8m_rot": 1.4340679841029271, "rpe_16m_trans": 0.10243207768602668, "rpe_16m_rot": 1.5161229010153179, "rpe_24m_trans": 0.11753032869894378, "rpe_24m_rot": 1.6210890681380552, "rpe_32m_trans": 0.13553509731119576, "rpe_32m_rot": 1.913540122069935, "rpe_40m_trans": 0.15721478072398998, "rpe_40m_rot": 2.1640894628546503, "rpe_48m_trans": 0.17518405465904735, "rpe_48m_rot": 2.444541055313662}