{"rmse": 0.07568187832834142, "mean": 0.06275499654453653, "median": 0.04376200689616275, "std": 0.042303157281709844, "min": 0.004260879982276195, "max": 0.15583478971596754, "sse": 7.251327331449237}