{"rmse": 1.3754502219577724, "mean": 1.3108290640867117, "median": 1.0586502632972496, "std": 0.41664190599271295, "min": 0.8568944159292071, "max": 2.143763452778609, "sse": 1008.3631458736045}