{"ape_trans": 0.06783432546661321, "ape_rot_deg": 0.6449999732350872, "rpe_8m_trans": 0.043494134507341936, "rpe_8m_rot": 0.7882340085181404, "rpe_16m_trans": 0.05892462394911003, "rpe_16m_rot": 0.9382690733005913, "rpe_24m_trans": 0.06462400122692266, "rpe_24m_rot": 0.9822552539927748, "rpe_32m_trans": 0.06999919926088118, "rpe_32m_rot": 0.9475122391349395, "rpe_40m_trans": 0.07672705248579328, "rpe_40m_rot": 0.9660383046358784, "rpe_48m_trans": 0.08828035403745108, "rpe_48m_rot": 0.9646989241203758}