{"rmse": 0.10246124657132773, "mean": 0.08486358072636363, "median": 0.07219465996039115, "std": 0.05741497814377693, "min": 0.014134255050929702, "max": 0.2614728567652812, "sse": 11.2856800776217}