{"rmse": 0.15689953352564825, "mean": 0.14046658159618672, "median": 0.11162584943981094, "std": 0.06990424218348863, "min": 0.03413188958460618, "max": 0.30944169102058783, "sse": 27.719264036757338}