{"rmse": 133.81878254818713, "mean": 133.37161187832592, "median": 124.67098041430377, "std": 10.93067736492958, "min": 122.1033168871627, "max": 148.0392511355367, "sse": 55405701.544928804}