{"ape_trans": 4.807653932528686, "ape_rot_deg": 18.633517696773506, "rpe_8m_trans": 0.033315235854778594, "rpe_8m_rot": 1.038183616966539, "rpe_16m_trans": 3.8059973433920002, "rpe_16m_rot": 2.985080169164479, "rpe_24m_trans": 5.274666089348798, "rpe_24m_rot": 3.9320706706660724, "rpe_32m_trans": 6.608207894423821, "rpe_32m_rot": 4.85811076956076, "rpe_40m_trans": 8.184180563069553, "rpe_40m_rot": 5.813797434413631, "rpe_48m_trans": 9.415050033897554, "rpe_48m_rot": 6.433924833308879}