{"rmse": 0.1783759515211212, "mean": 0.13388685868169933, "median": 0.0896167666099299, "std": 0.11786555541553287, "min": 0.032374684829183244, "max": 0.533613720830349, "sse": 47.56788022119274}