{"ape_trans": 0.3640347073291621, "ape_rot_deg": 5.760220637126606, "rpe_8m_trans": 0.21217343176531384, "rpe_8m_rot": 2.3673580631646494, "rpe_16m_trans": 0.33060243332904066, "rpe_16m_rot": 3.3540570505509004, "rpe_24m_trans": 0.485234259671514, "rpe_24m_rot": 4.5466777288151405, "rpe_32m_trans": 0.5435701947136896, "rpe_32m_rot": 5.656047549028407, "rpe_40m_trans": 0.5986909685861188, "rpe_40m_rot": 6.659897687554879, "rpe_48m_trans": 0.6931496324755624, "rpe_48m_rot": 8.089881457195803}