{"rmse": 0.06889055917009525, "mean": 0.05750360996650035, "median": 0.04889655033287247, "std": 0.037937369223352786, "min": 0.006173052661616728, "max": 0.2473200394585511, "sse": 6.074763702743544}