{"ape_trans": 0.13209557039858397, "ape_rot_deg": 2.577886978106208, "rpe_8m_trans": 0.11598155460463766, "rpe_8m_rot": 1.3790597773751851, "rpe_16m_trans": 0.14560589367815682, "rpe_16m_rot": 1.5991736573963145, "rpe_24m_trans": 0.17130326733571424, "rpe_24m_rot": 2.000793922631607, "rpe_32m_trans": 0.20762828461032196, "rpe_32m_rot": 2.5024704605409527, "rpe_40m_trans": 0.2230286245055549, "rpe_40m_rot": 2.891734472343095, "rpe_48m_trans": 0.22998293665053907, "rpe_48m_rot": 3.3802729452430835}