{"std": 0.02166762094342556, "rmse": 0.0679764941702302, "sse": 13.099978658679593, "max": 0.12430996559007963, "min": 0.0025158369385107227, "median": 0.06261453112607754, "mean": 0.0644307221931228}