{"std": 0.021780627138934975, "rmse": 0.06127378535394811, "sse": 10.643941647490838, "max": 0.14872145778607068, "min": 0.006998840437017309, "median": 0.054138248126789676, "mean": 0.05727199187243618}