{"rmse": 0.8612751440167122, "mean": 0.8594326422275614, "median": 0.8641600602061384, "std": 0.056306368864995064, "min": 0.6982576155756876, "max": 0.9835184319098527, "sse": 741.0530788273074}