{"ape_trans": 0.15798176783838647, "ape_rot_deg": 4.315992978747859, "rpe_8m_trans": 0.13080342942979678, "rpe_8m_rot": 2.2784727330307097, "rpe_16m_trans": 0.17704333639052505, "rpe_16m_rot": 2.84683869850352, "rpe_24m_trans": 0.22668433908422303, "rpe_24m_rot": 3.7623980077734362, "rpe_32m_trans": 0.2242143338334759, "rpe_32m_rot": 4.766852882398026, "rpe_40m_trans": 0.273267194387346, "rpe_40m_rot": 5.807675931149463, "rpe_48m_trans": 0.33986321921977763, "rpe_48m_rot": 7.050948464949327}