{"rmse": 0.8614178407562467, "mean": 0.8595755555065289, "median": 0.8643043920964624, "std": 0.056307732584404455, "min": 0.6984030581228047, "max": 0.9836698907648984, "sse": 741.2986556767812}