{"rmse": 5.3568497519595955, "mean": 5.23920460894675, "median": 4.838902193224444, "std": 1.1165009317778034, "min": 3.6232261222380746, "max": 6.9742790164534325, "sse": 166062.82182695763}