{"rmse": 0.08979841949177914, "mean": 0.08751581900380669, "median": 0.08993843184872287, "std": 0.02011809054842157, "min": 0.027734373157910205, "max": 0.13742020605723557, "sse": 6.370367353145015}