{"ape_trans": 2.3191775473975746, "ape_rot_deg": 19.652713512118375, "rpe_8m_trans": 1.241357537643719, "rpe_8m_rot": 1.2919796597843207, "rpe_16m_trans": 2.690390767343742, "rpe_16m_rot": 1.6434022556124535, "rpe_24m_trans": 3.4503441553483762, "rpe_24m_rot": 1.9190361622516219, "rpe_32m_trans": 4.414792429603143, "rpe_32m_rot": 2.379861050937787, "rpe_40m_trans": 4.6883503056124045, "rpe_40m_rot": 2.682646372062801, "rpe_48m_trans": 4.667122890221666, "rpe_48m_rot": 2.675942208756841}