{"ape_trans": 0.09239024761268641, "ape_rot_deg": 1.440676392075791, "rpe_8m_trans": 0.037734193245587216, "rpe_8m_rot": 0.7055667272729281, "rpe_16m_trans": 0.051396677931083164, "rpe_16m_rot": 0.9028881972345554, "rpe_24m_trans": 0.0660867791389553, "rpe_24m_rot": 1.0499444918828347, "rpe_32m_trans": 0.08237082354155435, "rpe_32m_rot": 1.2286652317107734, "rpe_40m_trans": 0.10002064543058643, "rpe_40m_rot": 1.4512712406703507, "rpe_48m_trans": 0.11614324885744753, "rpe_48m_rot": 1.6928867225769175}