{"rmse": 0.195082967451208, "mean": 0.17072935356036503, "median": 0.15487190734227285, "std": 0.09438671528572735, "min": 0.024857837718171242, "max": 0.4479129169500794, "sse": 49.77903235995636}