{"rmse_8m_trans": 0.16624874843354465, "rmse_8m_rot": 1.0033928754813237, "rmse_16m_trans": 0.2912179702004848, "rmse_16m_rot": 1.3854242228766802, "rmse_24m_trans": 0.3315278040912503, "rmse_24m_rot": 1.9591915632522618, "rmse_32m_trans": 0.4308842695734866, "rmse_32m_rot": 2.5721216818658874, "rmse_40m_trans": 0.406464006882257, "rmse_40m_rot": 3.2179604368505093, "rmse_48m_trans": 0.5149150159660212, "rmse_48m_rot": 3.7421706040156546}