{"std": 0.16363034112983962, "rmse": 0.412022894506923, "sse": 222.04982820200476, "max": 0.9136584648546192, "min": 0.046716086809812006, "median": 0.3698790922009155, "mean": 0.37813751078092644}