{"ape_trans": 1.6355866921414133, "ape_rot_deg": 15.470231195839718, "rpe_8m_trans": 1.2002239670943617, "rpe_8m_rot": 3.4960162116985734, "rpe_16m_trans": 1.8749305096233346, "rpe_16m_rot": 5.249549306618171, "rpe_24m_trans": 2.5214193004524237, "rpe_24m_rot": 7.15210007141309, "rpe_32m_trans": 3.002124573807067, "rpe_32m_rot": 8.029957026614658, "rpe_40m_trans": 3.1584278189566195, "rpe_40m_rot": 7.819136062795325, "rpe_48m_trans": 3.3926020202335407, "rpe_48m_rot": 7.035238994896075}