{"rmse": 0.6092921152350254, "mean": 0.6059121101771986, "median": 0.6088170923593688, "std": 0.06408897275027764, "min": 0.4587404562281933, "max": 0.7782199990027249, "sse": 801.8716644451544}