{"ape_trans": 0.05880004534831739, "ape_rot_deg": 0.7435029896809738, "rpe_8m_trans": 0.03805585947178203, "rpe_8m_rot": 0.7429745228165856, "rpe_16m_trans": 0.05506782338149247, "rpe_16m_rot": 0.9614606689185297, "rpe_24m_trans": 0.06689341047483739, "rpe_24m_rot": 0.9538599194579027, "rpe_32m_trans": 0.07760899360008466, "rpe_32m_rot": 0.9303141787964454, "rpe_40m_trans": 0.08910601294394359, "rpe_40m_rot": 0.9234312546032705, "rpe_48m_trans": 0.09623932325652011, "rpe_48m_rot": 0.9418320383693242}