{"std": 0.7542609610879718, "rmse": 1.4950121793354578, "sse": 1244.9292089132748, "max": 3.8617767819926545, "min": 0.041529664140326376, "median": 1.205161269890735, "mean": 1.2907950336672371}