{"rmse": 0.4351970439718264, "mean": 0.37351410581554495, "median": 0.3282326718142408, "std": 0.2233465465115359, "min": 0.08334382785749903, "max": 0.9987250717909054, "sse": 241.66989199639696}