{"rmse": 0.2771845213107677, "mean": 0.24199064469614517, "median": 0.2201929587821207, "std": 0.13517317312922508, "min": 0.0320225376960104, "max": 0.608176906914408, "sse": 83.74607215116458}