{"rmse_8m_trans": 1.3008520649825972, "rmse_8m_rot": 8.644266493442727, "rmse_16m_trans": 1.1519763286075866, "rmse_16m_rot": 14.666654513585966, "rmse_24m_trans": 1.5768441356187832, "rmse_24m_rot": 21.637115608906097, "rmse_32m_trans": 1.6727580854104678, "rmse_32m_rot": 28.451702824541307, "rmse_40m_trans": 1.7312490562001102, "rmse_40m_rot": 34.82355267220014, "rmse_48m_trans": 1.3888244640960083, "rmse_48m_rot": 40.43452647686387}