{"std": 0.049389599930924954, "rmse": 0.11033204067537435, "sse": 9.628968926877636, "max": 0.40331123596745344, "min": 0.03407492631362663, "median": 0.09278111106165536, "mean": 0.09866015719760249}