{"ape_trans": 13.736800678491182, "ape_rot_deg": 67.75949186656916, "rpe_8m_trans": 1.2164470599266681, "rpe_8m_rot": 1.1318715118823903, "rpe_16m_trans": 1.2533155935944778, "rpe_16m_rot": 1.1423820023496019, "rpe_24m_trans": 1.4815351827140801, "rpe_24m_rot": 1.3288942331965905, "rpe_32m_trans": 14.88276580068702, "rpe_32m_rot": 8.00513452864564, "rpe_40m_trans": 21.13999293849934, "rpe_40m_rot": 11.322381890782594, "rpe_48m_trans": 25.19590506951988, "rpe_48m_rot": 13.38240560555316}