{"ape_trans": 0.2356697984316113, "ape_rot_deg": 1.645964116484444, "rpe_8m_trans": 0.1906776565467731, "rpe_8m_rot": 0.5566976768454204, "rpe_16m_trans": 0.23970204245955162, "rpe_16m_rot": 0.6092815258977988, "rpe_24m_trans": 0.24984481192120322, "rpe_24m_rot": 0.6564458162817332, "rpe_32m_trans": 0.2684020267924686, "rpe_32m_rot": 0.7286960291834446, "rpe_40m_trans": 0.27512288932179785, "rpe_40m_rot": 0.7497630588854651, "rpe_48m_trans": 0.30496035409169747, "rpe_48m_rot": 0.8690823218882786}