{"rmse": 4.8776916320763375, "mean": 4.873323308411354, "median": 4.932627337357637, "std": 0.2063869892268763, "min": 4.295352350379693, "max": 5.265706528171825, "sse": 46536.908786319436}