{"ape_trans": 0.18559886643830525, "ape_rot_deg": 1.1906229550503726, "rpe_8m_trans": 0.055153052415195, "rpe_8m_rot": 0.7901185220076774, "rpe_16m_trans": 0.09476076867667667, "rpe_16m_rot": 0.968831980022241, "rpe_24m_trans": 0.1365578768570826, "rpe_24m_rot": 1.1368562229424046, "rpe_32m_trans": 0.17091890203407858, "rpe_32m_rot": 1.1658423892871317, "rpe_40m_trans": 0.20019298936545024, "rpe_40m_rot": 1.2968418126276755, "rpe_48m_trans": 0.2275140960581969, "rpe_48m_rot": 1.3907407036803863}