{"rmse": 8.917891516498182, "mean": 8.732643001393463, "median": 7.851127701032845, "std": 1.8082409436366613, "min": 6.440549254543748, "max": 11.265332161601933, "sse": 460233.10252187506}