{"rmse_8m_trans": 0.06272560832230414, "rmse_8m_rot": 0.9491239734009865, "rmse_16m_trans": 0.09717965088100275, "rmse_16m_rot": 1.2862522133430616, "rmse_24m_trans": 0.12210874538782447, "rmse_24m_rot": 1.6545312885258783, "rmse_32m_trans": 0.14621671494267097, "rmse_32m_rot": 1.9888472686112344, "rmse_40m_trans": 0.1704553163287307, "rmse_40m_rot": 2.2742132630841843, "rmse_48m_trans": 0.19056832158964526, "rmse_48m_rot": 2.6106806708172696}