{"rmse": 0.2513654852207645, "mean": 0.2300010448385804, "median": 0.22627523944987332, "std": 0.10141068254100119, "min": 0.07294308751907981, "max": 0.5382160893475648, "sse": 114.74324660305105}