{"rmse_8m_trans": 0.22734192987072038, "rmse_8m_rot": 1.414241490599795, "rmse_16m_trans": 0.3254447125467656, "rmse_16m_rot": 1.5297840802434235, "rmse_24m_trans": 0.3872319527878117, "rmse_24m_rot": 1.7485216456421395, "rmse_32m_trans": 0.44899330966932005, "rmse_32m_rot": 2.0666761926725563, "rmse_40m_trans": 0.506485447188946, "rmse_40m_rot": 2.3455594630336516, "rmse_48m_trans": 0.5609471952195393, "rmse_48m_rot": 2.6960000005661247}