{"std": 0.47599980416985255, "rmse": 1.1937389868159927, "sse": 473.104239189965, "max": 2.305083614137846, "min": 0.13112189836581956, "median": 1.060958391495147, "mean": 1.0947314534052337}