{"rmse": 0.160620400791811, "mean": 0.14553512236205496, "median": 0.13519134397224597, "std": 0.06795911498528873, "min": 0.026722779724557458, "max": 0.3012504874239202, "sse": 32.97101100636712}