{"rmse": 13.718799137911871, "mean": 13.566946230384955, "median": 13.988946468535481, "std": 2.035539183659932, "min": 10.012793231366825, "max": 17.028448373776396, "sse": 188581.86068594424}