{"rmse": 0.08394269131217205, "mean": 0.06884456466481122, "median": 0.05859751049176659, "std": 0.04802917176928238, "min": 0.01015292932023658, "max": 0.25653833259109865, "sse": 9.019360543655175}