{"std": 0.4270940093466679, "rmse": 2.822313697272053, "sse": 3958.8309390872946, "max": 4.926882121697002, "min": 0.9780954944426759, "median": 2.788152367534327, "mean": 2.789810981588113}