{"std": 0.49464870609070116, "rmse": 1.1878943003828637, "sse": 687.2022271455794, "max": 2.4804703666381527, "min": 0.08344066591472729, "median": 1.0861422621695034, "mean": 1.0800071881450088}