{"ape_trans": 6.3657063229794275, "ape_rot_deg": 29.742930138278826, "rpe_8m_trans": 3.0186203119487103, "rpe_8m_rot": 3.9874535358188887, "rpe_16m_trans": 5.541807142612719, "rpe_16m_rot": 4.929177145225051, "rpe_24m_trans": 7.432661059633483, "rpe_24m_rot": 6.234865734841864, "rpe_32m_trans": 9.245946139839033, "rpe_32m_rot": 5.990967608618881, "rpe_40m_trans": 11.225324177888442, "rpe_40m_rot": 6.440667847754499, "rpe_48m_trans": 12.609454979417636, "rpe_48m_rot": 7.422719779960127}