{"ape_trans": 126.45632069928284, "ape_rot_deg": 160.1353315443516, "rpe_8m_trans": 0.06953562256933282, "rpe_8m_rot": 1.7933827013918282, "rpe_16m_trans": 0.08167710706711981, "rpe_16m_rot": 1.8188336468164734, "rpe_24m_trans": 0.10660563965163257, "rpe_24m_rot": 2.111674265759464, "rpe_32m_trans": 0.13135534312660427, "rpe_32m_rot": 2.4946588245317742, "rpe_40m_trans": 0.16981286828190092, "rpe_40m_rot": 2.952858268195635, "rpe_48m_trans": 0.18533202654301387, "rpe_48m_rot": 3.5565131530302048}