{"rmse": 0.8613306486083245, "mean": 0.8594881988463267, "median": 0.864216824790447, "std": 0.05630739095300357, "min": 0.6983118425575675, "max": 0.9835815799437901, "sse": 741.1485957458051}