{"rmse": 0.15159154917866086, "mean": 0.14603247498415162, "median": 0.14810369308539592, "std": 0.04067571797017828, "min": 0.053655574534899365, "max": 0.3189451258941927, "sse": 38.606396274409065}