{"rmse": 0.0678324473991316, "mean": 0.061523037755895, "median": 0.05764841959650397, "std": 0.028568457176450304, "min": 0.003201597049858399, "max": 0.12483651354642693, "sse": 5.903392100560093}