{"rmse": 131.52538284944157, "mean": 130.67942092349372, "median": 118.01224271617046, "std": 14.89346436503369, "min": 115.69195313694922, "max": 161.58154018576133, "sse": 18215769.42937786}