{"ape_trans": 133.7148059339885, "ape_rot_deg": 170.08699868374484, "rpe_8m_trans": 2.454911088218264, "rpe_8m_rot": 2.0494929070971706, "rpe_16m_trans": 3.67964032196308, "rpe_16m_rot": 2.011784496519884, "rpe_24m_trans": 3.7589805938483374, "rpe_24m_rot": 2.1199754153252197, "rpe_32m_trans": 4.154774208138779, "rpe_32m_rot": 2.2121738418998977, "rpe_40m_trans": 5.428857771765548, "rpe_40m_rot": 2.273918535784725, "rpe_48m_trans": 6.934503525104305, "rpe_48m_rot": 2.3709300139718663}