{"rmse": 0.5201014874124007, "mean": 0.4011501598697832, "median": 0.3159609931737031, "std": 0.3310349021554057, "min": 0.01805932779153857, "max": 1.4987954393682779, "sse": 404.4058080268444}