{"rmse": 1.375937913074403, "mean": 1.3112957638640081, "median": 1.0589949712175855, "std": 0.4167835892976725, "min": 0.8573159815648601, "max": 2.1444522409639895, "sse": 1009.0783399587446}