{"ape_trans": 0.16683523626971217, "ape_rot_deg": 3.2528199435122205, "rpe_8m_trans": 0.17409494749582308, "rpe_8m_rot": 1.1756102615163393, "rpe_16m_trans": 0.18830950414452063, "rpe_16m_rot": 1.4322267807548108, "rpe_24m_trans": 0.2367803096426336, "rpe_24m_rot": 1.577929618430447, "rpe_32m_trans": 0.28060021749580283, "rpe_32m_rot": 1.7691827768622574, "rpe_40m_trans": 0.31840559096621535, "rpe_40m_rot": 1.6522532544130504, "rpe_48m_trans": 0.34010235257728116, "rpe_48m_rot": 2.1197761252759206}