{"ape_trans": 0.24528491108122213, "ape_rot_deg": 5.361391607749827, "rpe_8m_trans": 0.18837779583927075, "rpe_8m_rot": 1.0435537631640157, "rpe_16m_trans": 0.25245551028677937, "rpe_16m_rot": 1.6353875577189443, "rpe_24m_trans": 0.3234461326360298, "rpe_24m_rot": 1.6984637136260354, "rpe_32m_trans": 0.41929509720644653, "rpe_32m_rot": 1.6832689070395992, "rpe_40m_trans": 0.47042027104869166, "rpe_40m_rot": 1.5849800862206849, "rpe_48m_trans": 0.5092962928034319, "rpe_48m_rot": 1.6856303808269377}