{"rmse": 0.3467219220803101, "mean": 0.33047755955585956, "median": 0.37694078234394324, "std": 0.10488409736975343, "min": 0.11637530120479317, "max": 0.48279455271109056, "sse": 117.33090506103908}