{"rmse": 21.81435078180506, "mean": 21.678595481420945, "median": 19.923486663100064, "std": 2.429896702445298, "min": 19.01669734169018, "max": 25.571491609678272, "sse": 856558.6200569503}