{"rmse": 0.044195817622428024, "mean": 0.03709020079454799, "median": 0.02914593830715673, "std": 0.024033046006177224, "min": 0.0025245814277003718, "max": 0.12360910994464398, "sse": 2.0665599724431845}