{"ape_trans": 1.6849621196690046, "ape_rot_deg": 7.817508305828553, "rpe_8m_trans": 2.6225470799851474, "rpe_8m_rot": 2.2808387184589205, "rpe_16m_trans": 2.8952018654283416, "rpe_16m_rot": 2.9893152093360493, "rpe_24m_trans": 2.574360234892057, "rpe_24m_rot": 4.118189395524837, "rpe_32m_trans": 2.3983150202202586, "rpe_32m_rot": 5.276194529282456, "rpe_40m_trans": 2.727085794379559, "rpe_40m_rot": 6.3690004259720325, "rpe_48m_trans": 2.759408996553477, "rpe_48m_rot": 7.218977382101674}