{"ape_trans": 0.13491413136415878, "ape_rot_deg": 11.722989428251852, "rpe_8m_trans": 0.17144229800417607, "rpe_8m_rot": 0.5467973277379448, "rpe_16m_trans": 0.2767995181124442, "rpe_16m_rot": 0.6337109778758052, "rpe_24m_trans": 0.3180353208766904, "rpe_24m_rot": 0.6864924222900501, "rpe_32m_trans": 0.3178407874456125, "rpe_32m_rot": 0.5930422256593448, "rpe_40m_trans": NaN, "rpe_40m_rot": NaN, "rpe_48m_trans": NaN, "rpe_48m_rot": NaN}