{"ape_trans": 0.1592907355650624, "ape_rot_deg": 4.352040558225092, "rpe_8m_trans": 0.1320279386899394, "rpe_8m_rot": 2.2980406443520125, "rpe_16m_trans": 0.1788763679838723, "rpe_16m_rot": 2.87231461252384, "rpe_24m_trans": 0.22784218850146898, "rpe_24m_rot": 3.7990844794436, "rpe_32m_trans": 0.22488806687946125, "rpe_32m_rot": 4.8154152895521545, "rpe_40m_trans": 0.274343789448729, "rpe_40m_rot": 5.867840021118962, "rpe_48m_trans": 0.34086050589142125, "rpe_48m_rot": 7.123530902974518}