{"rmse": 0.2647576969773521, "mean": 0.23610847492010692, "median": 0.244546200782566, "std": 0.11978909040331094, "min": 0.0017944608035302177, "max": 0.5657312828167197, "sse": 87.55070099783046}