{"ape_trans": 0.11090129797993985, "ape_rot_deg": 2.547975158463894, "rpe_8m_trans": 0.10612132983837258, "rpe_8m_rot": 1.4695024632653553, "rpe_16m_trans": 0.1357632472337024, "rpe_16m_rot": 1.6197900777559602, "rpe_24m_trans": 0.1610590762725223, "rpe_24m_rot": 2.032539263877913, "rpe_32m_trans": 0.19217932962017076, "rpe_32m_rot": 2.498961504034935, "rpe_40m_trans": 0.20575182073666395, "rpe_40m_rot": 2.9180744139972594, "rpe_48m_trans": 0.23174410274308915, "rpe_48m_rot": 3.482490292907142}