{"rmse": 4.3604219070663754, "mean": 3.0751548039943013, "median": 2.061318847291262, "std": 3.091391618526377, "min": 0.08943709751311851, "max": 13.536447599367888, "sse": 20420.261868988568}