{"ape_trans": 13.718799137911871, "ape_rot_deg": 67.75465756155086, "rpe_8m_trans": 1.2151623907794333, "rpe_8m_rot": 1.1321573024089675, "rpe_16m_trans": 1.25216848181548, "rpe_16m_rot": 1.1385846144047702, "rpe_24m_trans": 1.4804375611528924, "rpe_24m_rot": 1.32975358350994, "rpe_32m_trans": 14.904765036168008, "rpe_32m_rot": 8.027338529644284, "rpe_40m_trans": 21.133674414463957, "rpe_40m_rot": 11.338383249286098, "rpe_48m_trans": 25.162122423846416, "rpe_48m_rot": 13.387282640512412}