{"ape_trans": 0.4856562415699308, "ape_rot_deg": 34.96925089039974, "rpe_8m_trans": 0.5151646958109128, "rpe_8m_rot": 0.9590105489287917, "rpe_16m_trans": 0.830665569030301, "rpe_16m_rot": 1.149984022136356, "rpe_24m_trans": 1.1425640669793724, "rpe_24m_rot": 1.4913714328648409, "rpe_32m_trans": 1.2037137068900763, "rpe_32m_rot": 1.5914388796391432, "rpe_40m_trans": 1.1880866102145853, "rpe_40m_rot": 1.4744887615065714, "rpe_48m_trans": 1.1764596472682418, "rpe_48m_rot": 1.627023817989902}