{"rmse": 0.3657880293061441, "mean": 0.34950937202552174, "median": 0.3185070872548424, "std": 0.10790774416138063, "min": 0.18443832306484872, "max": 0.630500006175232, "sse": 297.1717597741367}