{"rmse": 0.9045103690484023, "mean": 0.8877996853169999, "median": 0.8700975098652858, "std": 0.1730627818657523, "min": 0.5371612997427381, "max": 1.2932587785913656, "sse": 664.3288742654545}