{"ape_trans": 0.07425798590457265, "ape_rot_deg": 1.350795725477007, "rpe_8m_trans": 0.041243140306462256, "rpe_8m_rot": 0.7309277254270752, "rpe_16m_trans": 0.05866818263568428, "rpe_16m_rot": 0.9829515242929493, "rpe_24m_trans": 0.07158063874654443, "rpe_24m_rot": 1.153668942491545, "rpe_32m_trans": 0.08194744249279133, "rpe_32m_rot": 1.2056637949055296, "rpe_40m_trans": 0.09385275923571088, "rpe_40m_rot": 1.3328864022268787, "rpe_48m_trans": 0.10012796321634372, "rpe_48m_rot": 1.4846732650684058}