{"rmse": 0.3771664715069563, "mean": 0.343423383707761, "median": 0.3175164939585428, "std": 0.15593244290948455, "min": 0.12231555304374292, "max": 0.7544549409623031, "sse": 125.75301975044279}