{"rmse_8m_trans": 0.16620087430448408, "rmse_8m_rot": 1.003267970393304, "rmse_16m_trans": 0.2911040202078094, "rmse_16m_rot": 1.385104554335378, "rmse_24m_trans": 0.3313772436606732, "rmse_24m_rot": 1.9588015241785626, "rmse_32m_trans": 0.43071518071572634, "rmse_32m_rot": 2.571969802902324, "rmse_40m_trans": 0.40626306442108434, "rmse_40m_rot": 3.2176057238445392, "rmse_48m_trans": 0.5146861156627314, "rmse_48m_rot": 3.7420755236290466}