{"rmse": 7.012082470221497, "mean": 6.869300541197624, "median": 6.074311213252335, "std": 1.4078389978579433, "min": 5.147173004360016, "max": 8.800607645804034, "sse": 284542.7423938887}