{"rmse": 96.55393346312295, "mean": 91.81693750661425, "median": 70.499927563271, "std": 29.871592761479384, "min": 68.48625681338311, "max": 133.7545106432928, "sse": 50239825.88014713}