{"std": 0.0346967765801077, "rmse": 0.06738491276974987, "sse": 4.876740227691822, "max": 0.16252285261905117, "min": 0.007277089724522444, "median": 0.051134872260773206, "mean": 0.057765562093144124}