{"rmse": 2078789.6608950354, "mean": 2050361.504964566, "median": 1885954.7745385226, "std": 342613.70842909155, "min": 1498334.1107605146, "max": 2994663.557550161, "sse": 2.691779164348647e+16}