{"ape_trans": 0.723471303430974, "ape_rot_deg": 9.528532406273905, "rpe_8m_trans": 1.4069200791207495, "rpe_8m_rot": 3.1368787132907747, "rpe_16m_trans": 1.5633168216097517, "rpe_16m_rot": 3.6634234118976776, "rpe_24m_trans": 2.2516571112419115, "rpe_24m_rot": 4.846036240258967, "rpe_32m_trans": NaN, "rpe_32m_rot": NaN, "rpe_40m_trans": NaN, "rpe_40m_rot": NaN, "rpe_48m_trans": NaN, "rpe_48m_rot": NaN}