{"rmse": 0.2826690184137377, "mean": 0.2637510140979767, "median": 0.29007098841622925, "std": 0.10167190631278086, "min": 0.014290062129005706, "max": 0.40766408404737275, "sse": 210.22156731766412}