{"rmse": 74.45558848497974, "mean": 72.86721051569562, "median": 61.40635703018825, "std": 15.29719870780088, "min": 58.22960868243844, "max": 93.57106367998823, "sse": 6513770.721557461}