{"rmse": 0.11245027498389909, "mean": 0.10369645467901244, "median": 0.10363399367011043, "std": 0.04349838653281343, "min": 0.009374954292755758, "max": 0.2030241400327511, "sse": 15.844265622975016}