{"std": 0.06070695873553538, "rmse": 0.13495242218598288, "sse": 18.066459003832854, "max": 0.29039862802019634, "min": 0.015722542083691133, "median": 0.10949598270957527, "mean": 0.12052726419754896}