{"rmse": 0.04827934310834563, "mean": 0.04266954756991406, "median": 0.03522532239694158, "std": 0.022587710843558297, "min": 0.002937680303932306, "max": 0.10567901414382808, "sse": 2.880986184123074}