{"ape_trans": 0.10052320352686664, "ape_rot_deg": 2.0068048328132173, "rpe_8m_trans": 0.13290330354101626, "rpe_8m_rot": 1.707976492798071, "rpe_16m_trans": 0.1971287204381802, "rpe_16m_rot": 2.8135091760576074, "rpe_24m_trans": 0.3007231332940432, "rpe_24m_rot": 4.152927442606366, "rpe_32m_trans": 0.2724590379525857, "rpe_32m_rot": 6.023449901147656, "rpe_40m_trans": 0.16902764030130116, "rpe_40m_rot": 7.314477474585043, "rpe_48m_trans": NaN, "rpe_48m_rot": NaN}