{"ape_trans": 0.49792486138609243, "ape_rot_deg": 19.059730147839872, "rpe_8m_trans": 0.5866072546863397, "rpe_8m_rot": 0.5885888188783422, "rpe_16m_trans": 0.9264297785903981, "rpe_16m_rot": 0.7060122924090658, "rpe_24m_trans": 1.0534846749157563, "rpe_24m_rot": 0.807433385897163, "rpe_32m_trans": 1.0487382386438002, "rpe_32m_rot": 0.7883314160761041, "rpe_40m_trans": 1.2324123214294707, "rpe_40m_rot": 1.7180211239960734, "rpe_48m_trans": NaN, "rpe_48m_rot": NaN}