{"rmse_8m_trans": 0.19227309760272934, "rmse_8m_rot": 2.2614350180347955, "rmse_16m_trans": 0.27118234460990703, "rmse_16m_rot": 3.569520541342949, "rmse_24m_trans": 0.32321469888438, "rmse_24m_rot": 4.808064352207606, "rmse_32m_trans": 0.3905695437113148, "rmse_32m_rot": 6.129545087550097, "rmse_40m_trans": 0.45368409302227286, "rmse_40m_rot": 7.425867593328131, "rmse_48m_trans": 0.5242152734798922, "rmse_48m_rot": 8.75578629719336}