{"ape_trans": 8.491263483993917, "ape_rot_deg": 33.89635564982454, "rpe_8m_trans": 0.039995147305462456, "rpe_8m_rot": 0.8380219974881414, "rpe_16m_trans": 0.04962471671217367, "rpe_16m_rot": 0.8399482260633496, "rpe_24m_trans": 8.3499407195496, "rpe_24m_rot": 4.47839152996428, "rpe_32m_trans": 10.223712781345862, "rpe_32m_rot": 5.372237287301207, "rpe_40m_trans": 11.839757019911158, "rpe_40m_rot": 6.245227907572337, "rpe_48m_trans": 13.583037265203398, "rpe_48m_rot": 7.180407994020045}