{"rmse": 0.1315149715520467, "mean": 0.10815557569972256, "median": 0.08623084317339046, "std": 0.07482352028204255, "min": 0.015602391854476922, "max": 0.37647100849917536, "sse": 25.8578006747918}