{"ape_trans": 0.07269777064145251, "ape_rot_deg": 0.9223838976795298, "rpe_8m_trans": 0.058318625568535905, "rpe_8m_rot": 0.7173886040219849, "rpe_16m_trans": 0.08084282337448234, "rpe_16m_rot": 0.8936539384252666, "rpe_24m_trans": 0.08624090326753103, "rpe_24m_rot": 0.9830041092305901, "rpe_32m_trans": 0.09689953257045374, "rpe_32m_rot": 1.0425437011254515, "rpe_40m_trans": 0.12194168875330597, "rpe_40m_rot": 1.1174243878818007, "rpe_48m_trans": 0.15484061962415746, "rpe_48m_rot": 1.3414589517203843}