{"ape_trans": 129.6467334158532, "ape_rot_deg": 60.16517326847454, "rpe_8m_trans": 4.293576448870084, "rpe_8m_rot": 1.5646922724340795, "rpe_16m_trans": 9.79715145145878, "rpe_16m_rot": 1.976006614428058, "rpe_24m_trans": 15.51571466377077, "rpe_24m_rot": 2.38521197504436, "rpe_32m_trans": 22.493412126702758, "rpe_32m_rot": 9.164163990234337, "rpe_40m_trans": 28.027911304816033, "rpe_40m_rot": 10.880424453358044, "rpe_48m_trans": 34.02006674941262, "rpe_48m_rot": 12.216185204950145}