{"ape_trans": 0.18705089909374117, "ape_rot_deg": 6.21903996624823, "rpe_8m_trans": 0.17516129094696117, "rpe_8m_rot": 2.2270238449329613, "rpe_16m_trans": 0.21016932033838254, "rpe_16m_rot": 3.1192175800914286, "rpe_24m_trans": 0.2534379703516466, "rpe_24m_rot": 4.004782403082791, "rpe_32m_trans": 0.31020752846170746, "rpe_32m_rot": 4.710530476306745, "rpe_40m_trans": 0.34930106202899225, "rpe_40m_rot": 4.874263038183462, "rpe_48m_trans": 0.3926806988252838, "rpe_48m_rot": 5.559697395026546}