{"rmse": 0.2094665962930636, "mean": 0.18882214750430126, "median": 0.16036609012261105, "std": 0.09067773472283697, "min": 0.06783225592593668, "max": 0.42116561364253735, "sse": 91.8768778916871}