{"rmse": 13.014637675118836, "mean": 12.726092148954956, "median": 12.99563541932466, "std": 2.725320610667611, "min": 2.4366677017339513, "max": 19.534013063770665, "sse": 307595.5215673547}