{"ape_trans": 0.30446820577212264, "ape_rot_deg": 0.8561438859574643, "rpe_8m_trans": 0.23385873860660186, "rpe_8m_rot": 0.6101801015668019, "rpe_16m_trans": 0.3601549925923023, "rpe_16m_rot": 0.6828610856249507, "rpe_24m_trans": 0.40042258389242635, "rpe_24m_rot": 0.821897350126302, "rpe_32m_trans": 0.41657868373729223, "rpe_32m_rot": 0.8567487221765948, "rpe_40m_trans": 0.49540681989098, "rpe_40m_rot": 0.9375314358821878, "rpe_48m_trans": 0.6578346209539326, "rpe_48m_rot": 1.0597846788174103}