{"ape_trans": 2.0571344237721094, "ape_rot_deg": 15.461942297967095, "rpe_8m_trans": 1.5098814049021958, "rpe_8m_rot": 2.744371433259501, "rpe_16m_trans": 3.0019379887047886, "rpe_16m_rot": 5.250767167777511, "rpe_24m_trans": 4.0163046786350405, "rpe_24m_rot": 7.027084125201113, "rpe_32m_trans": 4.257583167776162, "rpe_32m_rot": 7.595184441364594, "rpe_40m_trans": 4.302032299001231, "rpe_40m_rot": 7.598346844173433, "rpe_48m_trans": 4.273602557416558, "rpe_48m_rot": 7.644999749601592}