{"rmse": 0.9040379061382043, "mean": 0.8873382881364152, "median": 0.8696680285381886, "std": 0.1729603947205392, "min": 0.5368773620083303, "max": 1.2925704167085301, "sse": 663.635043016616}