{"rmse": 3.134041973351051, "mean": 3.1291904360225353, "median": 3.1134932811005203, "std": 0.17431668259592786, "min": 2.775373594651174, "max": 3.6054426997715674, "sse": 9615.952489820902}