{"rmse": 0.3469348597536048, "mean": 0.3306921222661763, "median": 0.3771593006371293, "std": 0.10491194966897577, "min": 0.11496572453713548, "max": 0.48324542236029105, "sse": 117.47506578635932}