{"rmse": 9.072744475956824, "mean": 9.05500131289181, "median": 9.125740702938533, "std": 0.5671362706904485, "min": 7.743153679721037, "max": 10.283798784403979, "sse": 242252.1395154329}