{"rmse": 0.07936115405169658, "mean": 0.07624472403888793, "median": 0.08009019602504175, "std": 0.02202123585657587, "min": 0.01311561448199399, "max": 0.12602619289754646, "sse": 8.603331327121783}