{"ape_trans": 0.37595884245132216, "ape_rot_deg": 1.46447521246154, "rpe_8m_trans": 0.22498318675971252, "rpe_8m_rot": 1.131826773105804, "rpe_16m_trans": 0.346671630658909, "rpe_16m_rot": 1.5263007763174914, "rpe_24m_trans": 0.4484676592172141, "rpe_24m_rot": 1.5300613508069663, "rpe_32m_trans": 0.5041649738046262, "rpe_32m_rot": 1.6370889748210185, "rpe_40m_trans": 0.661479575210918, "rpe_40m_rot": 1.9847162270537704, "rpe_48m_trans": 0.8475363195214772, "rpe_48m_rot": 2.2116547367385953}