{"ape_trans": 0.19516353857514596, "ape_rot_deg": 1.6302830593621687, "rpe_8m_trans": 0.18926317062113712, "rpe_8m_rot": 0.5715106946559296, "rpe_16m_trans": 0.25675909753218173, "rpe_16m_rot": 0.6353504662727166, "rpe_24m_trans": 0.2530621278297901, "rpe_24m_rot": 0.6360825936619028, "rpe_32m_trans": 0.2878824770027596, "rpe_32m_rot": 0.6242947759899184, "rpe_40m_trans": 0.25489134159227006, "rpe_40m_rot": 0.6251735132938824, "rpe_48m_trans": 0.2661176479930626, "rpe_48m_rot": 0.6517689308427199}