{"ape_trans": 1.473492312240321, "ape_rot_deg": 8.356828021313637, "rpe_8m_trans": 1.1096310769874995, "rpe_8m_rot": 1.2313500274922249, "rpe_16m_trans": 1.607444630593881, "rpe_16m_rot": 1.7004915722168479, "rpe_24m_trans": 2.0297384297846714, "rpe_24m_rot": 2.0980424193689537, "rpe_32m_trans": 2.4515007511955735, "rpe_32m_rot": 2.5842688725055423, "rpe_40m_trans": 2.9062853971932054, "rpe_40m_rot": 3.076728241305304, "rpe_48m_trans": 2.9193036569206328, "rpe_48m_rot": 3.1599283930507496}