{"ape_trans": 0.48398418032089136, "ape_rot_deg": 14.942308382275213, "rpe_8m_trans": 0.1684890941520712, "rpe_8m_rot": 1.4282560517027836, "rpe_16m_trans": 0.2501418296185564, "rpe_16m_rot": 2.0381746316562666, "rpe_24m_trans": 0.34311507089770255, "rpe_24m_rot": 2.4741713611027474, "rpe_32m_trans": 0.450533317783454, "rpe_32m_rot": 2.864338755650285, "rpe_40m_trans": 0.5561815285620678, "rpe_40m_rot": 3.0885030972783323, "rpe_48m_trans": 0.6758760380394219, "rpe_48m_rot": 3.358383395778763}