{"std": 0.41859734953612765, "rmse": 1.0127261489221098, "sse": 303.58181880233974, "max": 2.2789589769745664, "min": 0.07630481176784458, "median": 0.8657861078916194, "mean": 0.9221662060994948}