{"ape_trans": 0.2771527127690316, "ape_rot_deg": 7.082497507806805, "rpe_8m_trans": 0.20371198794947715, "rpe_8m_rot": 2.3833617540588294, "rpe_16m_trans": 0.21277518100087767, "rpe_16m_rot": 3.2755771967037997, "rpe_24m_trans": 0.2343955792012827, "rpe_24m_rot": 4.221846753110847, "rpe_32m_trans": 0.29326495939006303, "rpe_32m_rot": 5.174078386906692, "rpe_40m_trans": 0.3080090192875691, "rpe_40m_rot": 6.223326425919405, "rpe_48m_trans": 0.31477989353176533, "rpe_48m_rot": 7.1768986640113095}