{"rmse": 0.1672197523183658, "mean": 0.1535434530269729, "median": 0.15728269798691777, "std": 0.06623332694323437, "min": 0.028700135184437394, "max": 0.3121330474902996, "sse": 50.77980114679474}