{"std": 0.04919345902364002, "rmse": 0.09047593915717182, "sse": 8.799837733850175, "max": 0.21877175895151893, "min": 0.005932779066530668, "median": 0.06755568648086303, "mean": 0.07593351799871852}