{"ape_trans": 0.19497774058654802, "ape_rot_deg": 2.7460582145264554, "rpe_8m_trans": 0.07391054883043709, "rpe_8m_rot": 1.0523884623587783, "rpe_16m_trans": 0.11215734321463464, "rpe_16m_rot": 1.3055437019317662, "rpe_24m_trans": 0.1391556694230298, "rpe_24m_rot": 1.6190592298000326, "rpe_32m_trans": 0.1666454776656761, "rpe_32m_rot": 1.9707744441823876, "rpe_40m_trans": 0.19670009480823794, "rpe_40m_rot": 2.341614866491597, "rpe_48m_trans": 0.22310203381922875, "rpe_48m_rot": 2.7256871117805677}