{"ape_trans": 0.09555222191169241, "ape_rot_deg": 1.122983933413436, "rpe_8m_trans": 0.03758408697196148, "rpe_8m_rot": 0.6895276572984528, "rpe_16m_trans": 0.05332719267319614, "rpe_16m_rot": 0.8404951047598433, "rpe_24m_trans": 0.0680684125905468, "rpe_24m_rot": 0.9202825803923825, "rpe_32m_trans": 0.08099001119225614, "rpe_32m_rot": 1.0157911118976644, "rpe_40m_trans": 0.0965786242390032, "rpe_40m_rot": 1.1614526014688236, "rpe_48m_trans": 0.11199388593520929, "rpe_48m_rot": 1.3309147642750807}