{"std": 0.10269783805034244, "rmse": 0.2774237752674003, "sse": 83.27499507247363, "max": 0.4476773567416561, "min": 0.09537780479823811, "median": 0.23720475069112767, "mean": 0.2577151628123628}