{"rmse": 0.042264386418123676, "mean": 0.03809960673187363, "median": 0.033082631024506745, "std": 0.018294762260741372, "min": 0.008444728897541241, "max": 0.0806883792119943, "sse": 1.8952413392178065}