{"rmse": 2.3190639982547543, "mean": 2.3065108871324496, "median": 2.341875447290488, "std": 0.24096754042984142, "min": 1.82117489438014, "max": 2.8444129094587605, "sse": 4151.8606432170245}