{"rmse": 0.26269058388482563, "mean": 0.2522472579956808, "median": 0.24736741555613917, "std": 0.07333255549488933, "min": 0.12933041350522337, "max": 0.5874114988177846, "sse": 36.366342688142566}