{"rmse": 5.784004310168579, "mean": 5.775547215632283, "median": 5.734095219508422, "std": 0.3126663078281518, "min": 4.929969028826742, "max": 6.4563857893317795, "sse": 16225.532342123619}