{"std": 21.634964096655246, "rmse": 35.91388640993405, "sse": 481098.0994254858, "max": 109.09176522372877, "min": 6.668251300599414, "median": 22.157301997348277, "mean": 28.66593039833321}