{"rmse_8m_trans": 0.23224817022633906, "rmse_8m_rot": 1.439399695438964, "rmse_16m_trans": 0.3445295327215904, "rmse_16m_rot": 1.5887886322006741, "rmse_24m_trans": 0.4179207627902652, "rmse_24m_rot": 1.871985777295829, "rmse_32m_trans": 0.48294547974119967, "rmse_32m_rot": 2.255372696518836, "rmse_40m_trans": 0.5442114943165185, "rmse_40m_rot": 2.640042697373314, "rmse_48m_trans": 0.6185285325339002, "rmse_48m_rot": 3.112634061889075}