{"ape_trans": 5.601553819750517, "ape_rot_deg": 21.08416964599794, "rpe_8m_trans": 0.20739412052604297, "rpe_8m_rot": 1.956323486148653, "rpe_16m_trans": 6.969329247018744, "rpe_16m_rot": 20.883168417078174, "rpe_24m_trans": 10.999349935916419, "rpe_24m_rot": 32.591445062902075, "rpe_32m_trans": 11.312867874632191, "rpe_32m_rot": 33.39992716581965, "rpe_40m_trans": 11.29613727697861, "rpe_40m_rot": 34.4348392920842, "rpe_48m_trans": 11.23798298225852, "rpe_48m_rot": 35.453230310816345}