{"rmse": 0.3969312198750095, "mean": 0.3564796728433328, "median": 0.3033348045491498, "std": 0.17457558867428621, "min": 0.03582289409289826, "max": 0.7933033659557777, "sse": 140.06585565389074}