{"std": 0.07620636016540171, "rmse": 0.12351704257793043, "sse": 22.80840741176143, "max": 0.34694635260700835, "min": 0.023293823342532865, "median": 0.07254865377494285, "mean": 0.09720622653688062}