{"ape_trans": 0.1947709693977808, "ape_rot_deg": 1.7771852950832352, "rpe_8m_trans": 0.1721285641683899, "rpe_8m_rot": 0.7516559397886037, "rpe_16m_trans": 0.2763402167476544, "rpe_16m_rot": 1.1187123922638085, "rpe_24m_trans": 0.3099660153786338, "rpe_24m_rot": 1.2745878004806945, "rpe_32m_trans": 0.4035222706772698, "rpe_32m_rot": 1.5843932655365427, "rpe_40m_trans": 0.3634264012984573, "rpe_40m_rot": 1.8326813634130914, "rpe_48m_trans": 0.42551510918163604, "rpe_48m_rot": 2.0601268344729013}