{"rmse": 0.10052320352686664, "mean": 0.08172378664852112, "median": 0.06335700244151511, "std": 0.058533214016751656, "min": 0.01161699838964144, "max": 0.27022089594277815, "sse": 10.862783030851642}