{"ape_trans": 0.27534159586255474, "ape_rot_deg": 0.8897992709251922, "rpe_8m_trans": 0.2255330260396761, "rpe_8m_rot": 0.596359499721578, "rpe_16m_trans": 0.35983061836052904, "rpe_16m_rot": 0.6667123631618926, "rpe_24m_trans": 0.37912106955266467, "rpe_24m_rot": 0.8104138609651871, "rpe_32m_trans": 0.4281437569089261, "rpe_32m_rot": 0.8848514251643333, "rpe_40m_trans": 0.47279642780034326, "rpe_40m_rot": 1.069401074744603, "rpe_48m_trans": 0.5686594000126332, "rpe_48m_rot": 1.177782363594762}