{"ape_trans": 1.288247075549681, "ape_rot_deg": 22.536691274873938, "rpe_8m_trans": 1.131713033331067, "rpe_8m_rot": 3.087236360419416, "rpe_16m_trans": 1.7822655244025323, "rpe_16m_rot": 4.723415578392433, "rpe_24m_trans": 2.305541288229657, "rpe_24m_rot": 6.266214682030898, "rpe_32m_trans": 2.478968802585022, "rpe_32m_rot": 7.076185746463212, "rpe_40m_trans": 2.5921238182637727, "rpe_40m_rot": 7.705492761397675, "rpe_48m_trans": 2.6014018419901284, "rpe_48m_rot": 7.864195100798758}