{"ape_trans": 0.41322540023094506, "ape_rot_deg": 2.5259787671082385, "rpe_8m_trans": 0.39705184375884256, "rpe_8m_rot": 0.8709359509115797, "rpe_16m_trans": 0.5003697558804037, "rpe_16m_rot": 0.9348962979893883, "rpe_24m_trans": 0.5899547486917892, "rpe_24m_rot": 0.9546845547520286, "rpe_32m_trans": 0.7042279501541266, "rpe_32m_rot": 0.999630959439711, "rpe_40m_trans": 0.7594919941500039, "rpe_40m_rot": 0.9863967614956076, "rpe_48m_trans": 0.7613358092990911, "rpe_48m_rot": 1.022310569922837}