{"rmse": 0.7380730010814566, "mean": 0.7262526690428666, "median": 0.6751772397738574, "std": 0.1315629721217191, "min": 0.48760660363709385, "max": 1.067569283696571, "sse": 650.433595380913}