{"rmse": 0.2714464394020266, "mean": 0.24307089412417132, "median": 0.25335832579910633, "std": 0.1208292592616293, "min": 0.037952134504837406, "max": 0.5555400266435296, "sse": 96.37758565896186}