{"rmse": 0.58911339866849, "mean": 0.5477995650936331, "median": 0.5275237702968072, "std": 0.21672617048701245, "min": 0.22766623783816792, "max": 2.1811194282334165, "sse": 174.9155166313326}