{"ape_trans": 0.5486413704831975, "ape_rot_deg": 1.9188761012188709, "rpe_8m_trans": 0.31694364438291006, "rpe_8m_rot": 1.427459057235095, "rpe_16m_trans": 0.5178578401110694, "rpe_16m_rot": 1.595270053867924, "rpe_24m_trans": 0.645611525614048, "rpe_24m_rot": 1.6552799200288717, "rpe_32m_trans": 0.7532065116425096, "rpe_32m_rot": 1.705924455010708, "rpe_40m_trans": 0.856454871500292, "rpe_40m_rot": 1.9150957400322075, "rpe_48m_trans": 1.1087374503951297, "rpe_48m_rot": 2.025191320065407}