{"ape_trans": 0.06302621096799248, "ape_rot_deg": 0.9695852225937788, "rpe_8m_trans": 0.044486570029513284, "rpe_8m_rot": 1.0016789426822268, "rpe_16m_trans": 0.0523301534190587, "rpe_16m_rot": 1.174131997808404, "rpe_24m_trans": 0.07041278772622818, "rpe_24m_rot": 1.3299341726014549, "rpe_32m_trans": 0.08971857986022826, "rpe_32m_rot": 1.5540407568930594, "rpe_40m_trans": 0.10080659806710085, "rpe_40m_rot": 1.741270644155061, "rpe_48m_trans": 0.09624119254575444, "rpe_48m_rot": 1.8174426600768419}