{"std": 0.0523747011285785, "rmse": 0.12387183891412043, "sse": 15.114068988826313, "max": 0.25221983823186056, "min": 0.01594400525689286, "median": 0.10154149368779368, "mean": 0.11225472443357509}