{"ape_trans": 0.06759314738655904, "ape_rot_deg": 0.838364712032646, "rpe_8m_trans": 0.07488536055285833, "rpe_8m_rot": 0.7973118775884708, "rpe_16m_trans": 0.09682364573682364, "rpe_16m_rot": 1.0236966827890066, "rpe_24m_trans": 0.11621670658105862, "rpe_24m_rot": 1.0213732195704155, "rpe_32m_trans": 0.11023051029561992, "rpe_32m_rot": 0.9312201222949295, "rpe_40m_trans": 0.10757044375439098, "rpe_40m_rot": 0.8786670284122077, "rpe_48m_trans": 0.11707941530250034, "rpe_48m_rot": 0.8561694975897838}