{"rmse": 0.2513819730308842, "mean": 0.2300114345614021, "median": 0.22627356167942886, "std": 0.10142798596002012, "min": 0.07295030583359399, "max": 0.5382948634929074, "sse": 114.75829979865874}