{"ape_trans": 0.45801207200786503, "ape_rot_deg": 9.748584267523354, "rpe_8m_trans": 0.23375444710331128, "rpe_8m_rot": 2.5163574298370324, "rpe_16m_trans": 0.32364807028467124, "rpe_16m_rot": 3.8065181814926454, "rpe_24m_trans": 0.37961293119954553, "rpe_24m_rot": 4.943656830539265, "rpe_32m_trans": 0.45317595713091247, "rpe_32m_rot": 6.122365674129897, "rpe_40m_trans": 0.5101677103996912, "rpe_40m_rot": 7.199336494410359, "rpe_48m_trans": 0.5400567936439631, "rpe_48m_rot": 8.382171267524173}