{"rmse": 0.4038688911347626, "mean": 0.3904392117057527, "median": 0.4008335922201198, "std": 0.10328263740345268, "min": 0.12411293407606132, "max": 0.6911560766802624, "sse": 593.3944755017258}