{"ape_trans": 0.07010520001432784, "ape_rot_deg": 1.044820103518355, "rpe_8m_trans": 0.05598421278699738, "rpe_8m_rot": 0.766932653497819, "rpe_16m_trans": 0.07022517238861208, "rpe_16m_rot": 1.0688193197851457, "rpe_24m_trans": 0.09090690349425752, "rpe_24m_rot": 1.393443570406932, "rpe_32m_trans": 0.10897868852744992, "rpe_32m_rot": 1.731817692307939, "rpe_40m_trans": 0.13425817380681357, "rpe_40m_rot": 1.9311598627015671, "rpe_48m_trans": 0.1422972591310884, "rpe_48m_rot": 2.067920841244864}