{"ape_trans": 0.3771664715069563, "ape_rot_deg": 3.2135462981650016, "rpe_8m_trans": 0.23112681395333232, "rpe_8m_rot": 1.7384758188707463, "rpe_16m_trans": 0.38845534475094123, "rpe_16m_rot": 2.308240841933161, "rpe_24m_trans": 0.5070649179175435, "rpe_24m_rot": 3.130538983933807, "rpe_32m_trans": 0.5916624984355722, "rpe_32m_rot": 3.757653797506206, "rpe_40m_trans": 0.5967638760057594, "rpe_40m_rot": 4.353397378625476, "rpe_48m_trans": 0.6798223525834741, "rpe_48m_rot": 5.357962526654141}