{"rmse": 0.12257917979871297, "mean": 0.11371808271235591, "median": 0.11233859201169011, "std": 0.04575863835770221, "min": 0.02622827339847511, "max": 0.21851609844783448, "sse": 18.767043494836376}