{"rmse": 0.07430219384480564, "mean": 0.06363715552299276, "median": 0.051584228128729745, "std": 0.03835529229576414, "min": 0.006486420924375767, "max": 0.188795333792416, "sse": 7.530393037846064}