{"ape_trans": 0.0937542252449495, "ape_rot_deg": 5.929727699379367, "rpe_8m_trans": 0.2903345421818005, "rpe_8m_rot": 3.6841653720793484, "rpe_16m_trans": 0.297949407209677, "rpe_16m_rot": 3.303098421544775, "rpe_24m_trans": 0.34092879842768853, "rpe_24m_rot": 3.1070222037996733, "rpe_32m_trans": 0.3081745816630344, "rpe_32m_rot": 3.4811991283256614, "rpe_40m_trans": 0.3479356172510132, "rpe_40m_rot": 3.5632042283891745, "rpe_48m_trans": 0.4249191503733969, "rpe_48m_rot": 3.9312313303518627}