{"rmse": 8.491263483993917, "mean": 8.47688346674539, "median": 8.577887103756215, "std": 0.4939658346760169, "min": 7.243074809191279, "max": 9.341653496172826, "sse": 212122.77644165824}