{"std": 0.1049510542032772, "rmse": 0.23902211936679302, "sse": 103.75093756061372, "max": 0.4095536467817933, "min": 0.018175349469615066, "median": 0.19183747114868965, "mean": 0.2147483405482199}