{"rmse": 0.07010520001432784, "mean": 0.06301848898168302, "median": 0.06003547138645518, "std": 0.030714965660316285, "min": 0.0026694409894953194, "max": 0.15327994678277904, "sse": 12.493266713522335}