{"ape_trans": 0.24257076691334425, "ape_rot_deg": 1.8070534119328117, "rpe_8m_trans": 0.18104078191594283, "rpe_8m_rot": 0.6128734482013313, "rpe_16m_trans": 0.2649010834091111, "rpe_16m_rot": 0.6671191243700965, "rpe_24m_trans": 0.26623067326724587, "rpe_24m_rot": 0.6953435139931334, "rpe_32m_trans": 0.3176552826033574, "rpe_32m_rot": 0.7482943035844795, "rpe_40m_trans": 0.30765852609090244, "rpe_40m_rot": 0.7618290730770142, "rpe_48m_trans": 0.3403469286495228, "rpe_48m_rot": 0.8830344895787688}