{"rmse": 0.05888696744646415, "mean": 0.0531641785955034, "median": 0.049105223418339304, "std": 0.025322816772751548, "min": 0.004826049201294791, "max": 0.1512912489270165, "sse": 4.736843961265908}