{"rmse": 0.18715309756705356, "mean": 0.1665021722149018, "median": 0.14441354310447224, "std": 0.08545939724022308, "min": 0.014078632282004695, "max": 0.37525121308153464, "sse": 34.74607167351153}