{"rmse": 0.8309082594402541, "mean": 0.7585076071742458, "median": 0.725959333974191, "std": 0.33922668743014994, "min": 0.22890831349514737, "max": 3.177537480840389, "sse": 715.2632428878499}