{"rmse": 36.851055007078244, "mean": 34.0043306039818, "median": 29.421092747789377, "std": 14.202315139082542, "min": 24.91799894786193, "max": 128.53962958913124, "sse": 1606514.3018243576}