{"ape_trans": 0.0985728424055216, "ape_rot_deg": 2.6901241441766306, "rpe_8m_trans": 0.1004202764296687, "rpe_8m_rot": 1.6270740637176886, "rpe_16m_trans": 0.1284529032892257, "rpe_16m_rot": 1.8150088944572416, "rpe_24m_trans": 0.15887744311834653, "rpe_24m_rot": 2.2832293020560934, "rpe_32m_trans": 0.18116067054904106, "rpe_32m_rot": 2.8075375374714695, "rpe_40m_trans": 0.19525663638263982, "rpe_40m_rot": 3.3174127227594505, "rpe_48m_trans": 0.22759751053249896, "rpe_48m_rot": 4.012409592923678}