{"rmse": 1.454494727371295, "mean": 1.403400359849629, "median": 1.3822061665403198, "std": 0.3821286981173089, "min": 0.35825657499617997, "max": 3.9490157209334824, "sse": 2191.71488878113}