{"std": 0.04795374666463393, "rmse": 0.07993885657749437, "sse": 6.843926467072338, "max": 0.2212510759419875, "min": 0.0026777969120814096, "median": 0.048965069058903785, "mean": 0.06395825960531856}