{"rmse": 0.06762079811921641, "mean": 0.0613718678624691, "median": 0.05417852527442672, "std": 0.02839130453768289, "min": 0.01883149990252461, "max": 0.12976284375668476, "sse": 5.62426397608418}