{"rmse": 0.3451353736761986, "mean": 0.3180863957891207, "median": 0.3222096493972873, "std": 0.13393831033911147, "min": 0.061231602267007315, "max": 0.559105201570048, "sse": 225.1338254473315}