{"std": 0.08470149952124573, "rmse": 0.20934309917028202, "sse": 38.740887322473185, "max": 0.39844973410345547, "min": 0.03162594536383846, "median": 0.17911931178814594, "mean": 0.19144239120182063}