{"rmse": 0.41471740763530013, "mean": 0.41170776414869054, "median": 0.4173772791540472, "std": 0.049872288251391325, "min": 0.23991739185221997, "max": 0.4953542382194781, "sse": 179.2141303799649}