{"rmse": 0.15779600796635487, "mean": 0.1379541970056027, "median": 0.11728582382346162, "std": 0.07660430574489453, "min": 0.012559345122011538, "max": 0.5574853446291856, "sse": 27.812831005341724}