{"rmse": 0.21770192989715406, "mean": 0.18031389331761852, "median": 0.15107674007757457, "std": 0.12198782790749192, "min": 0.03117416469752541, "max": 0.5578989829339657, "sse": 49.953413316116425}