{"rmse_8m_trans": 0.16619581172055078, "rmse_8m_rot": 1.0032589536169954, "rmse_16m_trans": 0.29108236186866887, "rmse_16m_rot": 1.3849833152660174, "rmse_24m_trans": 0.3313486806725557, "rmse_24m_rot": 1.9586218621614182, "rmse_32m_trans": 0.4306798966534073, "rmse_32m_rot": 2.571948042843691, "rmse_40m_trans": 0.40623173501249477, "rmse_40m_rot": 3.217586424714544, "rmse_48m_trans": 0.5146426756747461, "rmse_48m_rot": 3.742025741318094}