{"ape_trans": 0.46748965327919073, "ape_rot_deg": 14.79125237991585, "rpe_8m_trans": 0.1652965999666455, "rpe_8m_rot": 1.4362321508793905, "rpe_16m_trans": 0.24591581641291435, "rpe_16m_rot": 2.0532037643013363, "rpe_24m_trans": 0.33134409468828857, "rpe_24m_rot": 2.487739047607075, "rpe_32m_trans": 0.4337130934071601, "rpe_32m_rot": 2.819403498091387, "rpe_40m_trans": 0.5375542493789893, "rpe_40m_rot": 3.0911448328530104, "rpe_48m_trans": 0.6540849304403406, "rpe_48m_rot": 3.3392616944193865}