{"rmse": 0.11759284360798049, "mean": 0.09745524038127146, "median": 0.06993974724887264, "std": 0.06580693724858766, "min": 0.010415348517345177, "max": 0.2807071957899164, "sse": 14.740729941086482}