{"rmse": 0.04972643263847912, "mean": 0.046390804457343254, "median": 0.04396047555847406, "std": 0.017905623830231192, "min": 0.008204613402624995, "max": 0.10890772685109176, "sse": 6.394449014226635}