{"rmse_8m_trans": 1.318707369711712, "rmse_8m_rot": 8.364872767162803, "rmse_16m_trans": 1.1222635848934586, "rmse_16m_rot": 14.107622303481486, "rmse_24m_trans": 1.6164871266457872, "rmse_24m_rot": 20.98670883918908, "rmse_32m_trans": 1.656587241609656, "rmse_32m_rot": 27.530845992893955, "rmse_40m_trans": 1.74373154968241, "rmse_40m_rot": 33.37999116561327, "rmse_48m_trans": 1.605615477023532, "rmse_48m_rot": 38.744947839449885}