{"rmse": 0.09942439755379688, "mean": 0.08211289589770168, "median": 0.07064423986940258, "std": 0.05605963928022246, "min": 0.008205857468149983, "max": 0.24160321705698032, "sse": 12.415824801142927}