{"rmse": 0.08062794196874715, "mean": 0.07321439495867546, "median": 0.07007134734293453, "std": 0.033771547150681966, "min": 0.02035448710069944, "max": 0.23961708059605283, "sse": 8.321107233428041}