{"ape_trans": 3.1353813515848143, "ape_rot_deg": 17.065656187140323, "rpe_8m_trans": 1.0512513606168035, "rpe_8m_rot": 0.9262191788948242, "rpe_16m_trans": 3.150233303024629, "rpe_16m_rot": 2.1811315349531877, "rpe_24m_trans": 4.080788956283436, "rpe_24m_rot": 2.8218331189447445, "rpe_32m_trans": 5.113192984054055, "rpe_32m_rot": 3.5264837722479747, "rpe_40m_trans": 6.02509026386354, "rpe_40m_rot": 4.213592599968282, "rpe_48m_trans": 6.283992123281976, "rpe_48m_rot": 4.516296666167113}