{"ape_trans": 2.3191711800256676, "ape_rot_deg": 19.650376294778443, "rpe_8m_trans": 1.2413474724640718, "rpe_8m_rot": 1.2918666103012686, "rpe_16m_trans": 2.6903678345561124, "rpe_16m_rot": 1.643017969238049, "rpe_24m_trans": 3.4503247511111668, "rpe_24m_rot": 1.9184408063375877, "rpe_32m_trans": 4.414770521554136, "rpe_32m_rot": 2.3790142114259396, "rpe_40m_trans": 4.688333992204419, "rpe_40m_rot": 2.6817257718805076, "rpe_48m_trans": 4.667103436969757, "rpe_48m_rot": 2.674962926914144}