{"ape_trans": 0.17825321483444767, "ape_rot_deg": 2.309064098919828, "rpe_8m_trans": 0.13740689153384567, "rpe_8m_rot": 0.6084493525797642, "rpe_16m_trans": 0.25382054807030824, "rpe_16m_rot": 0.6520621988662865, "rpe_24m_trans": 0.2740888752255356, "rpe_24m_rot": 0.5086312131975183, "rpe_32m_trans": 0.3287553946951733, "rpe_32m_rot": 0.699334753707029, "rpe_40m_trans": 0.3516757665549974, "rpe_40m_rot": 0.7320311588853757, "rpe_48m_trans": 0.41276858481723977, "rpe_48m_rot": 0.5859217996704741}