{"ape_trans": 0.12225585720512633, "ape_rot_deg": 1.04955846892116, "rpe_8m_trans": 0.0930065540084224, "rpe_8m_rot": 1.0273791352095785, "rpe_16m_trans": 0.10221592783361155, "rpe_16m_rot": 1.1961727336331036, "rpe_24m_trans": 0.11971086633017253, "rpe_24m_rot": 1.38110916490344, "rpe_32m_trans": 0.14120011711475589, "rpe_32m_rot": 1.6179078726002698, "rpe_40m_trans": 0.1477669244271358, "rpe_40m_rot": 1.816467822312575, "rpe_48m_trans": 0.14160612263818925, "rpe_48m_rot": 1.9272509411264775}