{"ape_trans": 0.08377024486647014, "ape_rot_deg": 1.6229599614416679, "rpe_8m_trans": 0.07454160153587637, "rpe_8m_rot": 1.1523658570432815, "rpe_16m_trans": 0.11630874884439875, "rpe_16m_rot": 1.7734777688625734, "rpe_24m_trans": 0.1396278056568427, "rpe_24m_rot": 2.3440670538476818, "rpe_32m_trans": 0.1649283258671848, "rpe_32m_rot": 2.714178102976184, "rpe_40m_trans": 0.16980418806745903, "rpe_40m_rot": 2.669564035685548, "rpe_48m_trans": 0.16716635883506045, "rpe_48m_rot": 2.6625186343497482}