{"rmse": 1.4730086863970038, "mean": 1.471609607576072, "median": 1.4784162113381945, "std": 0.06418530276337059, "min": 1.3047447040147606, "max": 1.6783701392471817, "sse": 2063.4366152811763}