{"ape_trans": 0.2714464394020266, "ape_rot_deg": 1.7146299435790502, "rpe_8m_trans": 0.18523361396182805, "rpe_8m_rot": 0.6511600066588827, "rpe_16m_trans": 0.23173311611393052, "rpe_16m_rot": 0.721455605376259, "rpe_24m_trans": 0.2542335847552308, "rpe_24m_rot": 0.7618175425611778, "rpe_32m_trans": 0.28861644178840606, "rpe_32m_rot": 0.7872303258053542, "rpe_40m_trans": 0.29673347213422785, "rpe_40m_rot": 0.7935475966501314, "rpe_48m_trans": 0.3442843522471756, "rpe_48m_rot": 0.9251716403822823}