{"ape_trans": 2.9978886319504845, "ape_rot_deg": 11.749312173943808, "rpe_8m_trans": 1.6980805859336612, "rpe_8m_rot": 5.1788292519508605, "rpe_16m_trans": 4.131169780882833, "rpe_16m_rot": 11.908728743790078, "rpe_24m_trans": 5.812522990986249, "rpe_24m_rot": 16.660074750026613, "rpe_32m_trans": 6.127971582721029, "rpe_32m_rot": 17.9256590608077, "rpe_40m_trans": 6.1670559288637765, "rpe_40m_rot": 18.091082098626455, "rpe_48m_trans": 6.175359533840094, "rpe_48m_rot": 18.618308140673}