{"ape_trans": 0.04819662112542962, "ape_rot_deg": 0.7665515059512152, "rpe_8m_trans": 0.05432566443163463, "rpe_8m_rot": 0.6580810980078106, "rpe_16m_trans": 0.06456160757594266, "rpe_16m_rot": 0.8163069911209202, "rpe_24m_trans": 0.0644146567458959, "rpe_24m_rot": 0.9996476959394847, "rpe_32m_trans": 0.07754777253902946, "rpe_32m_rot": 1.1719119111024359, "rpe_40m_trans": 0.08381632219256728, "rpe_40m_rot": 1.2813754520726341, "rpe_48m_trans": 0.09449440097542648, "rpe_48m_rot": 1.3491662472924053}