{"ape_trans": 0.11249416499471401, "ape_rot_deg": 4.8969818670864464, "rpe_8m_trans": 0.05504996332308148, "rpe_8m_rot": 0.9214192590533189, "rpe_16m_trans": 0.08051519468605525, "rpe_16m_rot": 1.2980023113498522, "rpe_24m_trans": 0.10473890887154907, "rpe_24m_rot": 1.7744277313570864, "rpe_32m_trans": 0.1257647681971515, "rpe_32m_rot": 2.2929008398452826, "rpe_40m_trans": 0.15320195541846165, "rpe_40m_rot": 2.812925623807029, "rpe_48m_trans": 0.18107284647032978, "rpe_48m_rot": 3.3253531072750535}