{"ape_trans": 0.16098654569140816, "ape_rot_deg": 0.8478196128201556, "rpe_8m_trans": 0.20944962220067243, "rpe_8m_rot": 0.6266410926913442, "rpe_16m_trans": 0.2712028135349971, "rpe_16m_rot": 0.8014735509927992, "rpe_24m_trans": 0.2969406797411721, "rpe_24m_rot": 1.1369192806411128, "rpe_32m_trans": 0.21361282499019157, "rpe_32m_rot": 1.2949389282879056, "rpe_40m_trans": 0.253966347023108, "rpe_40m_rot": 1.716356895275041, "rpe_48m_trans": NaN, "rpe_48m_rot": NaN}