{"std": 0.10169825334312294, "rmse": 0.29816517375788204, "sse": 175.67128238392633, "max": 0.6691312965856039, "min": 0.07760955616569484, "median": 0.2796782684678646, "mean": 0.28028545468687094}