{"rmse": 0.13062596992099446, "mean": 0.11737933775239369, "median": 0.1143927028734793, "std": 0.0573169703195313, "min": 0.006579978534529294, "max": 0.2668350020854047, "sse": 23.683643896707167}