{"rmse": 0.5891169281880717, "mean": 0.5478076230620303, "median": 0.5275274577128714, "std": 0.21671539676007773, "min": 0.22770478411943595, "max": 2.181088125133722, "sse": 174.91761255918578}