{"ape_trans": 0.2839884278107463, "ape_rot_deg": 1.3519036224477265, "rpe_8m_trans": 0.2406798403412416, "rpe_8m_rot": 0.47806346269014943, "rpe_16m_trans": 0.3656225727781394, "rpe_16m_rot": 0.6359943746354714, "rpe_24m_trans": 0.42397968834978556, "rpe_24m_rot": 0.6992261484088024, "rpe_32m_trans": 0.459727492710149, "rpe_32m_rot": 0.8013370504148186, "rpe_40m_trans": 0.5720973655042145, "rpe_40m_rot": 1.0336409413384147, "rpe_48m_trans": 0.5003630407810457, "rpe_48m_rot": 1.2028793047042963}