{"rmse": 0.07692696228506277, "mean": 0.07289922162052015, "median": 0.07351428705651353, "std": 0.024565443483270534, "min": 0.006437769164782744, "max": 0.21666723050688505, "sse": 16.99579961584225}