{"ape_trans": 0.3451353736761986, "ape_rot_deg": 5.9454929185328025, "rpe_8m_trans": 0.19798836466757977, "rpe_8m_rot": 1.862994707513103, "rpe_16m_trans": 0.35321516683644777, "rpe_16m_rot": 3.383764247980382, "rpe_24m_trans": 0.5180884973437914, "rpe_24m_rot": 4.883388674603892, "rpe_32m_trans": 0.6620145633137323, "rpe_32m_rot": 6.6911815925375615, "rpe_40m_trans": 0.6411319013070916, "rpe_40m_rot": 8.086624814629447, "rpe_48m_trans": 0.7775523036964842, "rpe_48m_rot": 9.555457037834842}