{"std": 0.38935537284134025, "rmse": 1.0360670602983424, "sse": 422.93337165348817, "max": 1.7248632112749716, "min": 0.12331359812368081, "median": 0.9242439254750956, "mean": 0.9601236103100632}