{"ape_trans": 0.32367298708639325, "ape_rot_deg": 8.20377934110837, "rpe_8m_trans": 0.20605142706634208, "rpe_8m_rot": 1.0862262103924305, "rpe_16m_trans": 0.34124928651833336, "rpe_16m_rot": 1.4569345600030694, "rpe_24m_trans": 0.3782495674287863, "rpe_24m_rot": 1.9461467136364836, "rpe_32m_trans": 0.4864349704055106, "rpe_32m_rot": 2.6027610262513887, "rpe_40m_trans": 0.5326141707324411, "rpe_40m_rot": 3.15880125921787, "rpe_48m_trans": 0.6288910514848414, "rpe_48m_rot": 3.8771739402371153}