{"ape_trans": 0.3600395646852027, "ape_rot_deg": 3.188029657464882, "rpe_8m_trans": 0.2714466370693502, "rpe_8m_rot": 0.7298292264948382, "rpe_16m_trans": 0.43678243416660595, "rpe_16m_rot": 0.9289225352768247, "rpe_24m_trans": 0.5073293240581388, "rpe_24m_rot": 1.178777884244021, "rpe_32m_trans": 0.5766325464764801, "rpe_32m_rot": 1.1905029091276143, "rpe_40m_trans": 0.6514840129094371, "rpe_40m_rot": 1.2519915968205786, "rpe_48m_trans": 0.6239544819857268, "rpe_48m_rot": 1.3203496708477274}