{"rmse_8m_trans": 0.22126716974380364, "rmse_8m_rot": 1.4363000433408932, "rmse_16m_trans": 0.3169473458118271, "rmse_16m_rot": 1.4715425982442725, "rmse_24m_trans": 0.3896924446695407, "rmse_24m_rot": 1.6464154707030743, "rmse_32m_trans": 0.45012996658493304, "rmse_32m_rot": 1.9379178518356042, "rmse_40m_trans": 0.5214512156722091, "rmse_40m_rot": 2.198287249830475, "rmse_48m_trans": 0.5824502529792058, "rmse_48m_rot": 2.5173399061334196}