{"ape_trans": 0.9450838470455779, "ape_rot_deg": 17.145522096898656, "rpe_8m_trans": 0.7895185231638128, "rpe_8m_rot": 1.9111243481745859, "rpe_16m_trans": 1.3390843670406707, "rpe_16m_rot": 2.934803182487714, "rpe_24m_trans": 1.8554934101706138, "rpe_24m_rot": 3.7337674002116943, "rpe_32m_trans": 1.9840648859285164, "rpe_32m_rot": 3.566314971588012, "rpe_40m_trans": 2.0263292724100728, "rpe_40m_rot": 3.521625065144711, "rpe_48m_trans": 2.0028766841744976, "rpe_48m_rot": 3.467229187359807}