{"ape_trans": 0.3258720176818447, "ape_rot_deg": 3.2115680517045218, "rpe_8m_trans": 0.28408543776997774, "rpe_8m_rot": 1.7567703898990346, "rpe_16m_trans": 0.42391168544281443, "rpe_16m_rot": 2.412645088136059, "rpe_24m_trans": 0.5110799682569667, "rpe_24m_rot": 2.5734218519606378, "rpe_32m_trans": 0.6244201875721899, "rpe_32m_rot": 2.7411212973740122, "rpe_40m_trans": 0.6556172639851505, "rpe_40m_rot": 3.3620893435467014, "rpe_48m_trans": 0.6324503745404132, "rpe_48m_rot": 3.888937783041938}