{"std": 0.016346023032700534, "rmse": 0.07886178546552017, "sse": 4.913153153379685, "max": 0.12020423825896907, "min": 0.030242705195205326, "median": 0.07592191931782336, "mean": 0.07714913309833205}