{"rmse": 0.12901090777786003, "mean": 0.11591759819743246, "median": 0.1112134423215123, "std": 0.056629716172749006, "min": 0.015141853434105838, "max": 0.2678597738993703, "sse": 23.101614284026493}