{"std": 0.0183726963437857, "rmse": 0.05090831798180385, "sse": 6.587991686610064, "max": 0.1059328688984344, "min": 0.006217134509962063, "median": 0.044628705347656866, "mean": 0.0474773721766011}