{"std": 0.02496781154903155, "rmse": 0.07054012373932156, "sse": 12.648760823297662, "max": 0.19669414917510494, "min": 0.012963276616854572, "median": 0.06365966471686302, "mean": 0.06597361172173949}