{"ape_trans": 0.07945532195798284, "ape_rot_deg": 5.802519599652054, "rpe_8m_trans": 0.2874285010358267, "rpe_8m_rot": 3.689602834494422, "rpe_16m_trans": 0.2989033713802656, "rpe_16m_rot": 3.201718696471134, "rpe_24m_trans": 0.32903478208927894, "rpe_24m_rot": 2.944085953415327, "rpe_32m_trans": 0.25804139909569107, "rpe_32m_rot": 3.1484764386754396, "rpe_40m_trans": 0.29339693251045657, "rpe_40m_rot": 3.194491066642137, "rpe_48m_trans": 0.3473185165041596, "rpe_48m_rot": 3.4235287709783657}