{"rmse": 0.41322540023094506, "mean": 0.41022070525955384, "median": 0.41566145014622613, "std": 0.04974137485412903, "min": 0.23864219855661642, "max": 0.4938639087491723, "sse": 177.92695111465775}