{"ape_trans": 0.4579495857117041, "ape_rot_deg": 13.929652933277715, "rpe_8m_trans": 0.17189446880580658, "rpe_8m_rot": 3.3409026466817076, "rpe_16m_trans": 0.29400584566858445, "rpe_16m_rot": 5.701229353852627, "rpe_24m_trans": 0.35655290750917634, "rpe_24m_rot": 7.856852094135933, "rpe_32m_trans": 0.4193214084482405, "rpe_32m_rot": 10.278567132133585, "rpe_40m_trans": 0.49814413941096714, "rpe_40m_rot": 12.599934093962977, "rpe_48m_trans": 0.5940123441938233, "rpe_48m_rot": 14.917550912918449}