{"ape_trans": 0.18914262938281137, "ape_rot_deg": 3.284753311915575, "rpe_8m_trans": 0.14205516043540978, "rpe_8m_rot": 1.563715105496134, "rpe_16m_trans": 0.1938857577123821, "rpe_16m_rot": 1.819449195904455, "rpe_24m_trans": 0.2358097967072106, "rpe_24m_rot": 2.197344464618649, "rpe_32m_trans": 0.30341851735584396, "rpe_32m_rot": 2.8186631560598907, "rpe_40m_trans": 0.33146013228551613, "rpe_40m_rot": 3.39290395948054, "rpe_48m_trans": 0.356111520285031, "rpe_48m_rot": 4.123439194846472}