{"ape_trans": 0.04264028858816377, "ape_rot_deg": 1.4453809199531784, "rpe_8m_trans": 0.036652676461951174, "rpe_8m_rot": 0.7606010745128081, "rpe_16m_trans": 0.04855896611866084, "rpe_16m_rot": 1.0462454706596298, "rpe_24m_trans": 0.05424958109243102, "rpe_24m_rot": 1.21277964906793, "rpe_32m_trans": 0.058519466537391256, "rpe_32m_rot": 1.2797886404760204, "rpe_40m_trans": 0.06692578998117267, "rpe_40m_rot": 1.4407963928219916, "rpe_48m_trans": 0.06837904671582404, "rpe_48m_rot": 1.6251240723323326}