{"ape_trans": 74.35272143683338, "ape_rot_deg": 165.0832854625108, "rpe_8m_trans": 0.16527948372131768, "rpe_8m_rot": 1.5852197889284456, "rpe_16m_trans": 0.17478643991807122, "rpe_16m_rot": 1.8534675132609273, "rpe_24m_trans": 0.21264052863973068, "rpe_24m_rot": 2.1547659319102856, "rpe_32m_trans": 0.242572724763189, "rpe_32m_rot": 2.405364413809568, "rpe_40m_trans": 0.29159791822413805, "rpe_40m_rot": 2.6530703913063904, "rpe_48m_trans": 0.37409455826318627, "rpe_48m_rot": 2.4641728599608346}