{"ape_trans": 0.26811118189210864, "ape_rot_deg": 3.5734391958658747, "rpe_8m_trans": 0.17558641338871836, "rpe_8m_rot": 2.0069702768641644, "rpe_16m_trans": 0.2733248369038509, "rpe_16m_rot": 2.733556956191676, "rpe_24m_trans": 0.38116689206764043, "rpe_24m_rot": 3.6382340662308597, "rpe_32m_trans": 0.4429350944873041, "rpe_32m_rot": 4.389497849988246, "rpe_40m_trans": 0.46657224461122593, "rpe_40m_rot": 5.0193440947852865, "rpe_48m_trans": 0.5276714252159399, "rpe_48m_rot": 6.1714914750448076}