{"std": 0.5260209439348861, "rmse": 1.2500935347095947, "sse": 761.0513827695688, "max": 2.459274025556622, "min": 0.023791103329888617, "median": 1.120720295576435, "mean": 1.1340351899586627}