{"std": 0.28522515421940303, "rmse": 0.6803090857990622, "sse": 454.952504533003, "max": 1.3199906079282289, "min": 0.10724458787053909, "median": 0.5566174303158485, "mean": 0.6176301997322294}