{"ape_trans": 2.1840693601387025, "ape_rot_deg": 10.802004279513481, "rpe_8m_trans": 1.2956792129093626, "rpe_8m_rot": 1.070420524610494, "rpe_16m_trans": 2.1025148408407146, "rpe_16m_rot": 1.4996365573670734, "rpe_24m_trans": 2.4732259035735242, "rpe_24m_rot": 1.5767920280007701, "rpe_32m_trans": 2.9490869535900064, "rpe_32m_rot": 1.8138228299736847, "rpe_40m_trans": 3.495795592998405, "rpe_40m_rot": 2.0186876653993266, "rpe_48m_trans": 4.114730771971385, "rpe_48m_rot": 2.192519436899308}