{"rmse": 0.2859979474639496, "mean": 0.2624202853092316, "median": 0.28459467965327007, "std": 0.11371200381583965, "min": 0.005054797493640903, "max": 0.5045393370695518, "sse": 215.2021870839007}