{"ape_trans": 5.784004310168579, "ape_rot_deg": 21.450450730051447, "rpe_8m_trans": 0.20409023333440202, "rpe_8m_rot": 1.9613919480898188, "rpe_16m_trans": 7.09535324289896, "rpe_16m_rot": 20.934256707244224, "rpe_24m_trans": 11.35653973571009, "rpe_24m_rot": 33.094011302881285, "rpe_32m_trans": 11.667923279226937, "rpe_32m_rot": 33.92031384629974, "rpe_40m_trans": 11.643051356165088, "rpe_40m_rot": 34.95047874163323, "rpe_48m_trans": 11.624121071230135, "rpe_48m_rot": 36.010287292202655}