{"ape_trans": 0.14212630571641116, "ape_rot_deg": 3.893581201451746, "rpe_8m_trans": 0.14723068899040836, "rpe_8m_rot": 1.5300204607605394, "rpe_16m_trans": 0.18282706136059249, "rpe_16m_rot": 1.7713234146617178, "rpe_24m_trans": 0.2178416158163909, "rpe_24m_rot": 2.1634886674522034, "rpe_32m_trans": 0.2558666861419267, "rpe_32m_rot": 2.159043940841277, "rpe_40m_trans": 0.30609934754975887, "rpe_40m_rot": 1.5513468077167323, "rpe_48m_trans": 0.3401153768662285, "rpe_48m_rot": 1.5403441874419674}