{"std": 1.9125184185371884, "rmse": 4.447243783203378, "sse": 15921.271700129082, "max": 10.147450686618958, "min": 0.22600269187121436, "median": 3.7245863612781394, "mean": 4.015003183809087}