{"ape_trans": 0.2826690184137377, "ape_rot_deg": 1.4877170112278935, "rpe_8m_trans": 0.1763220121025106, "rpe_8m_rot": 0.5821769236323906, "rpe_16m_trans": 0.23201120640299486, "rpe_16m_rot": 0.7013949575993687, "rpe_24m_trans": 0.2529148461346006, "rpe_24m_rot": 0.7831314107877596, "rpe_32m_trans": 0.2845927043644101, "rpe_32m_rot": 0.8577929247006462, "rpe_40m_trans": 0.31053648628675323, "rpe_40m_rot": 1.0691489448322666, "rpe_48m_trans": 0.3598923658891633, "rpe_48m_rot": 1.1875653755492974}