{"ape_trans": 0.9580752130819535, "ape_rot_deg": 5.2090253238103195, "rpe_8m_trans": 0.8038326873295328, "rpe_8m_rot": 1.1629435814631384, "rpe_16m_trans": 1.0838078192253002, "rpe_16m_rot": 1.4616962173112162, "rpe_24m_trans": 1.2929720431973168, "rpe_24m_rot": 1.6161041901740574, "rpe_32m_trans": 1.5359745683743333, "rpe_32m_rot": 1.8195987425400346, "rpe_40m_trans": 1.7224783918930708, "rpe_40m_rot": 1.87419291088394, "rpe_48m_trans": 1.8460264013604095, "rpe_48m_rot": 2.0066037536126213}