{"ape_trans": 0.7043908225339961, "ape_rot_deg": 9.239008035472983, "rpe_8m_trans": 1.3671659434705707, "rpe_8m_rot": 3.193279671419746, "rpe_16m_trans": 1.5310663683677903, "rpe_16m_rot": 3.728021320964361, "rpe_24m_trans": 2.193012985529569, "rpe_24m_rot": 4.940079998787322, "rpe_32m_trans": NaN, "rpe_32m_rot": NaN, "rpe_40m_trans": NaN, "rpe_40m_rot": NaN, "rpe_48m_trans": NaN, "rpe_48m_rot": NaN}