{"rmse": 0.0644498220040942, "mean": 0.06009067292627891, "median": 0.05987584074627755, "std": 0.0233000125241682, "min": 0.008641311233181634, "max": 0.1514357198448244, "sse": 10.558907632265656}