{"rmse": 74.40717290587162, "mean": 72.8198222958009, "median": 61.367064844672406, "std": 15.287277738441652, "min": 58.190400172837535, "max": 93.51098006232915, "sse": 6505302.171317025}