{"ape_trans": 0.04581259175403889, "ape_rot_deg": 1.1401513658225457, "rpe_8m_trans": 0.041939581193210555, "rpe_8m_rot": 0.8034106592748543, "rpe_16m_trans": 0.05567703171863658, "rpe_16m_rot": 0.9662402894790841, "rpe_24m_trans": 0.06954988541508246, "rpe_24m_rot": 1.0869771879390209, "rpe_32m_trans": 0.07987938096312606, "rpe_32m_rot": 1.161060745919976, "rpe_40m_trans": 0.09017486069428322, "rpe_40m_rot": 1.1578472557859512, "rpe_48m_trans": 0.10117141135874488, "rpe_48m_rot": 1.037459117855988}