{"ape_trans": 0.2601253830933661, "ape_rot_deg": 1.8244392719957214, "rpe_8m_trans": 0.1831659785759273, "rpe_8m_rot": 0.6888289239174366, "rpe_16m_trans": 0.2452097694064037, "rpe_16m_rot": 0.7831296041307986, "rpe_24m_trans": 0.2488497562376284, "rpe_24m_rot": 0.7965278866015791, "rpe_32m_trans": 0.2921120006418287, "rpe_32m_rot": 0.8499487107869886, "rpe_40m_trans": 0.2893683406111256, "rpe_40m_rot": 0.8598064104078337, "rpe_48m_trans": 0.33698606738237824, "rpe_48m_rot": 1.0224132102701817}