{"ape_trans": 0.38874255642592515, "ape_rot_deg": 3.5628133632435994, "rpe_8m_trans": 0.24409795932587394, "rpe_8m_rot": 1.8325072309668522, "rpe_16m_trans": 0.4022920518550887, "rpe_16m_rot": 2.49301404658748, "rpe_24m_trans": 0.535195130038883, "rpe_24m_rot": 3.437781590268989, "rpe_32m_trans": 0.6285491579977006, "rpe_32m_rot": 4.162336931196191, "rpe_40m_trans": 0.6272994679328242, "rpe_40m_rot": 4.851374120710153, "rpe_48m_trans": 0.7045809707539501, "rpe_48m_rot": 5.986569493171121}