{"ape_trans": 0.45461818268126364, "ape_rot_deg": 6.280596012608185, "rpe_8m_trans": 0.4052061736967814, "rpe_8m_rot": 0.8454634012287107, "rpe_16m_trans": 0.5225841327728004, "rpe_16m_rot": 0.8991651315017919, "rpe_24m_trans": 0.6321778495243242, "rpe_24m_rot": 0.9324027709524436, "rpe_32m_trans": 0.7499263708771463, "rpe_32m_rot": 0.9634896440546109, "rpe_40m_trans": 0.8227005334480236, "rpe_40m_rot": 0.9360084015593345, "rpe_48m_trans": 0.8770855388795842, "rpe_48m_rot": 0.9492016155990264}