{"ape_trans": 0.15381525410289057, "ape_rot_deg": 4.362225576439654, "rpe_8m_trans": 0.15450021846841194, "rpe_8m_rot": 1.8993197027979514, "rpe_16m_trans": 0.19613430083672959, "rpe_16m_rot": 2.4034380368801136, "rpe_24m_trans": 0.23888360277515436, "rpe_24m_rot": 2.887640464961018, "rpe_32m_trans": 0.26742849658453804, "rpe_32m_rot": 2.916125814551887, "rpe_40m_trans": 0.3077247275011109, "rpe_40m_rot": 1.9943490826943306, "rpe_48m_trans": 0.3404080872786151, "rpe_48m_rot": 1.774164163332661}