{"ape_trans": 0.11970625987242789, "ape_rot_deg": 4.833907416735299, "rpe_8m_trans": 0.056944658654279875, "rpe_8m_rot": 0.9066127367926342, "rpe_16m_trans": 0.08581513067581036, "rpe_16m_rot": 1.2631676127757714, "rpe_24m_trans": 0.11283083437031675, "rpe_24m_rot": 1.7014142781172843, "rpe_32m_trans": 0.13872430246546638, "rpe_32m_rot": 2.1812514532045815, "rpe_40m_trans": 0.16678024324962304, "rpe_40m_rot": 2.6656932968742946, "rpe_48m_trans": 0.19601305407127456, "rpe_48m_rot": 3.153637256790404}