{"ape_trans": 0.09603342306900803, "ape_rot_deg": 2.7205143180917286, "rpe_8m_trans": 0.1498718875106025, "rpe_8m_rot": 0.7799073518281864, "rpe_16m_trans": 0.13258028050541318, "rpe_16m_rot": 1.0593895633690011, "rpe_24m_trans": 0.160069104956047, "rpe_24m_rot": 1.1614829567490077, "rpe_32m_trans": 0.17704534795534618, "rpe_32m_rot": 1.2883876560884269, "rpe_40m_trans": 0.19692072927283108, "rpe_40m_rot": 1.2934225054926252, "rpe_48m_trans": 0.2077292844727724, "rpe_48m_rot": 1.7003374180283486}