{"rmse": 1.6680263722207416, "mean": 1.6211973869037524, "median": 1.3900516452095633, "std": 0.3924678472439913, "min": 1.1577450630516146, "max": 2.3323416245077784, "sse": 1546.9654600036815}