{"rmse": 0.04662843870512336, "mean": 0.041630519346299584, "median": 0.038436520747577765, "std": 0.021002646381702038, "min": 0.0054578123747882, "max": 0.15735417129061716, "sse": 2.7829904589791306}