{"ape_trans": 0.09007120159381701, "ape_rot_deg": 2.3980922838956964, "rpe_8m_trans": 0.14601536833227924, "rpe_8m_rot": 0.8119875799248508, "rpe_16m_trans": 0.13335391067015115, "rpe_16m_rot": 1.0152048572063705, "rpe_24m_trans": 0.16589613068340459, "rpe_24m_rot": 1.0116438708228592, "rpe_32m_trans": 0.18087537962368247, "rpe_32m_rot": 1.0677534285676498, "rpe_40m_trans": 0.18749102434146614, "rpe_40m_rot": 1.0095920807677898, "rpe_48m_trans": 0.19216454065845467, "rpe_48m_rot": 1.3108075655443705}