{"rmse": 0.0678313303396625, "mean": 0.061521831120487355, "median": 0.05764713978863489, "std": 0.028568403372093622, "min": 0.003200075926036069, "max": 0.12483882869915124, "sse": 5.9031976689569206}