{"rmse": 131.56690143354268, "mean": 130.72045520795703, "median": 118.04969215290227, "std": 14.90007191418981, "min": 115.72891446964408, "max": 161.7745241318151, "sse": 18227271.579123184}