{"ape_trans": 0.21898959528094195, "ape_rot_deg": 16.081713279776476, "rpe_8m_trans": 0.2678120700324057, "rpe_8m_rot": 0.7108929857062491, "rpe_16m_trans": 0.4371348670632124, "rpe_16m_rot": 1.0275105996979677, "rpe_24m_trans": 0.5049999887544199, "rpe_24m_rot": 1.2925728868226278, "rpe_32m_trans": 0.5124839849097104, "rpe_32m_rot": 1.3905807220157733, "rpe_40m_trans": NaN, "rpe_40m_rot": NaN, "rpe_48m_trans": NaN, "rpe_48m_rot": NaN}