{"rmse": 0.1329221444964973, "mean": 0.12434306587700607, "median": 0.11963122105993398, "std": 0.04697976655810715, "min": 0.033021060789178366, "max": 0.28328847794152234, "sse": 32.085626439546644}