{"ape_trans": 26.37090930253225, "ape_rot_deg": 166.68295699560346, "rpe_8m_trans": 0.07189736723272454, "rpe_8m_rot": 1.4747163076524454, "rpe_16m_trans": 0.08830552138138195, "rpe_16m_rot": 1.7154949779538953, "rpe_24m_trans": 0.1145761035574606, "rpe_24m_rot": 1.9989878488932091, "rpe_32m_trans": 0.13933896113020988, "rpe_32m_rot": 2.4227145389902676, "rpe_40m_trans": 0.1646985981934035, "rpe_40m_rot": 2.848046552030248, "rpe_48m_trans": 6.469955759253198, "rpe_48m_rot": 4.597735777714227}