{"ape_trans": 2.9838444849370767, "ape_rot_deg": 12.055440165595654, "rpe_8m_trans": 1.7023557785246026, "rpe_8m_rot": 5.08294303011151, "rpe_16m_trans": 4.144517226274824, "rpe_16m_rot": 11.715295876365834, "rpe_24m_trans": 5.835983178227514, "rpe_24m_rot": 16.432056448898667, "rpe_32m_trans": 6.1732735665207565, "rpe_32m_rot": 17.72772200219129, "rpe_40m_trans": 6.212266899701904, "rpe_40m_rot": 17.915844776109445, "rpe_48m_trans": 6.219834897548906, "rpe_48m_rot": 18.472421792749294}