{"ape_trans": 4.227061076997331, "ape_rot_deg": 20.783516251879266, "rpe_8m_trans": 0.6596372754693566, "rpe_8m_rot": 1.551291994251349, "rpe_16m_trans": 3.543299203808341, "rpe_16m_rot": 5.844125060996871, "rpe_24m_trans": 4.720007475603371, "rpe_24m_rot": 7.699167632875477, "rpe_32m_trans": 5.881695727333204, "rpe_32m_rot": 9.531019440654322, "rpe_40m_trans": 7.181949339656516, "rpe_40m_rot": 11.614965788571237, "rpe_48m_trans": 8.29825360469262, "rpe_48m_rot": 13.092347009747627}