{"ape_trans": 0.06972130184492126, "ape_rot_deg": 0.8649395403864903, "rpe_8m_trans": 0.06822828669491256, "rpe_8m_rot": 0.6679818959545973, "rpe_16m_trans": 0.0896913680582781, "rpe_16m_rot": 0.8464288479011982, "rpe_24m_trans": 0.1087561920326885, "rpe_24m_rot": 1.067811021797214, "rpe_32m_trans": 0.12716903855796807, "rpe_32m_rot": 1.291874707959489, "rpe_40m_trans": 0.12076668579388224, "rpe_40m_rot": 1.4247015736465911, "rpe_48m_trans": 0.1179334053458994, "rpe_48m_rot": 1.5274836095946114}