{"ape_trans": 35.02748244805699, "ape_rot_deg": 124.86457834824026, "rpe_8m_trans": 0.05761886387131382, "rpe_8m_rot": 1.4176183726794949, "rpe_16m_trans": 0.05895305436956308, "rpe_16m_rot": 1.6054724689038529, "rpe_24m_trans": 0.06553630215093838, "rpe_24m_rot": 1.7145310927951818, "rpe_32m_trans": 0.07817079508277106, "rpe_32m_rot": 1.9448740312909378, "rpe_40m_trans": 0.10466500075789546, "rpe_40m_rot": 2.100388989252224, "rpe_48m_trans": 0.11436482466758886, "rpe_48m_rot": 2.8396894525248477}