{"rmse": 4.291688297923543, "mean": 4.246356564570865, "median": 4.243672749622734, "std": 0.6221289038935579, "min": 3.0433689178087078, "max": 7.436373396691886, "sse": 27130.5807817444}