{"ape_trans": 0.17838065561953825, "ape_rot_deg": 2.308851856849186, "rpe_8m_trans": 0.13713977285070325, "rpe_8m_rot": 0.6050752075369068, "rpe_16m_trans": 0.25319170663725554, "rpe_16m_rot": 0.6488922722739332, "rpe_24m_trans": 0.27353627774331224, "rpe_24m_rot": 0.5078679238133206, "rpe_32m_trans": 0.32823628283757106, "rpe_32m_rot": 0.6979291466578322, "rpe_40m_trans": 0.35114442652595385, "rpe_40m_rot": 0.7293796275399744, "rpe_48m_trans": 0.41266432685773846, "rpe_48m_rot": 0.5836345141934159}