{"ape_trans": 1.0739516325989757, "ape_rot_deg": 69.1954640672172, "rpe_8m_trans": 1.0517147758213647, "rpe_8m_rot": 1.6546643024038514, "rpe_16m_trans": 1.9138488917473788, "rpe_16m_rot": 2.7983089378024726, "rpe_24m_trans": 2.555947450913596, "rpe_24m_rot": 3.620488772739068, "rpe_32m_trans": 2.5744397569975033, "rpe_32m_rot": 3.7307935748875516, "rpe_40m_trans": 2.5846133371513442, "rpe_40m_rot": 3.7493188115825973, "rpe_48m_trans": NaN, "rpe_48m_rot": NaN}