{"ape_trans": 0.08614512001709794, "ape_rot_deg": 2.033561040891768, "rpe_8m_trans": 0.11443998034759478, "rpe_8m_rot": 1.7512295327668108, "rpe_16m_trans": 0.1730319808858911, "rpe_16m_rot": 2.86073902589973, "rpe_24m_trans": 0.26799252217222486, "rpe_24m_rot": 4.235596916933666, "rpe_32m_trans": 0.23057578829871844, "rpe_32m_rot": 6.231862989260004, "rpe_40m_trans": 0.17744452711176062, "rpe_40m_rot": 7.711406977246083, "rpe_48m_trans": NaN, "rpe_48m_rot": NaN}