{"rmse": 1.3759323637146694, "mean": 1.3112905705029592, "median": 1.0589815211595286, "std": 0.4167816085523222, "min": 0.8573074137786952, "max": 2.1444395181663913, "sse": 1009.0702004527941}