{"ape_trans": 0.11202328207591115, "ape_rot_deg": 0.9182418987669643, "rpe_8m_trans": 0.15676501560867367, "rpe_8m_rot": 0.6749303580279781, "rpe_16m_trans": 0.182761812774525, "rpe_16m_rot": 0.9128822326514594, "rpe_24m_trans": 0.18826736019708662, "rpe_24m_rot": 1.251798703281783, "rpe_32m_trans": 0.16304399474231895, "rpe_32m_rot": 1.1836848793556034, "rpe_40m_trans": 0.20349924037190303, "rpe_40m_rot": 1.6301379369849585, "rpe_48m_trans": NaN, "rpe_48m_rot": NaN}