{"rmse": 3.863595937672717, "mean": 3.8308482282905714, "median": 3.7988747866207233, "std": 0.5019715344560025, "min": 2.8776982176095705, "max": 5.1278277189701065, "sse": 31078.791771909535}