{"std": 0.9018345158280143, "rmse": 2.1537116715854205, "sse": 2096.5902318741164, "max": 4.570329284234365, "min": 0.4721213943807196, "median": 1.9901502884782247, "mean": 1.9558037913820796}