{"std": 0.5762042746495281, "rmse": 0.7884927608419249, "sse": 1058.7905801319062, "max": 2.210692055156078, "min": 0.2008340719371919, "median": 0.3182280032599105, "mean": 0.5382466607195368}