{"std": 0.3233076607558555, "rmse": 0.44562350197221295, "sse": 338.1822602834941, "max": 1.2263239489002018, "min": 0.07531850716299969, "median": 0.1844390986258218, "mean": 0.3066797385002074}