{"rmse": 0.037826651295520416, "mean": 0.03465672589809587, "median": 0.03329764718149099, "std": 0.015158063803043843, "min": 0.0018838073314473632, "max": 0.08206614814114016, "sse": 3.126419372888879}