{"ape_trans": 0.10003365242134957, "ape_rot_deg": 2.7158713201209395, "rpe_8m_trans": 0.15461093425947567, "rpe_8m_rot": 1.2722062195704986, "rpe_16m_trans": 0.149195471705011, "rpe_16m_rot": 1.5278478279536343, "rpe_24m_trans": 0.1689452572596176, "rpe_24m_rot": 1.6253245902066238, "rpe_32m_trans": 0.18857816350161025, "rpe_32m_rot": 1.7882424351153086, "rpe_40m_trans": 0.19971109408898605, "rpe_40m_rot": 1.6760954990152013, "rpe_48m_trans": 0.2164833619902452, "rpe_48m_rot": 2.116428692664778}