{"ape_trans": 0.06305120478434058, "ape_rot_deg": 0.9694286643864392, "rpe_8m_trans": 0.04456314891400062, "rpe_8m_rot": 1.0014392117933413, "rpe_16m_trans": 0.052425049166850535, "rpe_16m_rot": 1.1731501898925618, "rpe_24m_trans": 0.07040258135963082, "rpe_24m_rot": 1.332505724628479, "rpe_32m_trans": 0.08987706476537469, "rpe_32m_rot": 1.5507919927197642, "rpe_40m_trans": 0.1009979870155061, "rpe_40m_rot": 1.7426066244356369, "rpe_48m_trans": 0.09630594652978673, "rpe_48m_rot": 1.820812446838176}