{"std": 14.20312746932986, "rmse": 36.8627419830581, "sse": 1607533.4461207553, "max": 128.5637444107919, "min": 24.930401157704175, "median": 29.435902008657944, "mean": 34.016656458262936}