{"rmse": 1.1255558657456806, "mean": 1.1226461282509055, "median": 1.118283625092611, "std": 0.08088063821311067, "min": 0.9139097433846887, "max": 1.3100436265931534, "sse": 2564.1570379949653}