{"ape_trans": 0.5724170575284405, "ape_rot_deg": 1.9930679070204955, "rpe_8m_trans": 0.2443516040615924, "rpe_8m_rot": 0.7250333072940972, "rpe_16m_trans": 0.4068440825961455, "rpe_16m_rot": 0.914948570939154, "rpe_24m_trans": 0.43452152688062207, "rpe_24m_rot": 1.1027955931684568, "rpe_32m_trans": 0.5105660181934597, "rpe_32m_rot": 1.1875512761798697, "rpe_40m_trans": 0.5825783849434664, "rpe_40m_rot": 1.2067019323534456, "rpe_48m_trans": 0.7122287601766341, "rpe_48m_rot": 0.9682128512409888}