{"rmse": 0.9837696133490976, "mean": 0.9753559089446913, "median": 0.9796828414882779, "std": 0.12838809538157564, "min": 0.6482094813114236, "max": 1.2620613089056938, "sse": 2093.3571365983585}