{"rmse": 0.08614512001709794, "mean": 0.07117195944182592, "median": 0.058958511010442874, "std": 0.04853384274886233, "min": 0.012874611668223273, "max": 0.22676977047696265, "sse": 7.970134348764463}