{"std": 0.21393154727635383, "rmse": 0.47218936383718113, "sse": 404.4545107122247, "max": 0.8785518642013025, "min": 0.04431968248686663, "median": 0.41451280956991143, "mean": 0.42094665742930776}