{"std": 0.17640878275402255, "rmse": 0.40086606810596376, "sse": 285.55253530087236, "max": 0.6474216766686227, "min": 0.03227427919516251, "median": 0.33274245086822535, "mean": 0.35996325635539417}