{"ape_trans": 32.63627717434475, "ape_rot_deg": 164.37519464012706, "rpe_8m_trans": 0.06077043857304124, "rpe_8m_rot": 1.3899557096522008, "rpe_16m_trans": 0.06801420731337347, "rpe_16m_rot": 1.4610097463711131, "rpe_24m_trans": 0.08787911511835453, "rpe_24m_rot": 1.5792041704248143, "rpe_32m_trans": 0.10434311682441, "rpe_32m_rot": 1.8254217496374545, "rpe_40m_trans": 0.12015572493346284, "rpe_40m_rot": 2.054520526553348, "rpe_48m_trans": 0.12136751646568791, "rpe_48m_rot": 2.177521546024819}