{"std": 0.1351270883581094, "rmse": 0.2770789166658767, "sse": 83.68227140620206, "max": 0.6080525974183207, "min": 0.031958983370726536, "median": 0.22005125163302514, "mean": 0.24189542379424114}