{"std": 0.08973196461988765, "rmse": 0.3241209615744807, "sse": 102.53309218639883, "max": 0.4653768796818933, "min": 0.09021341325460458, "median": 0.34615000027243636, "mean": 0.3114523595309903}