{"rmse": 0.07205968748562358, "mean": 0.06283755582238018, "median": 0.05612532119534922, "std": 0.03527095318806947, "min": 0.008168946529806985, "max": 0.1914916271467487, "sse": 6.714029938759775}