{"ape_trans": 0.12573011192710204, "ape_rot_deg": 1.9177157704920622, "rpe_8m_trans": 0.14189942097232855, "rpe_8m_rot": 0.47300994717919814, "rpe_16m_trans": 0.14020197439457682, "rpe_16m_rot": 0.6343626754154845, "rpe_24m_trans": 0.1600868757208301, "rpe_24m_rot": 0.728084625644503, "rpe_32m_trans": 0.19490037580043176, "rpe_32m_rot": 0.9010206211451193, "rpe_40m_trans": 0.2443586676480556, "rpe_40m_rot": 1.0550405218882306, "rpe_48m_trans": 0.2447590210112693, "rpe_48m_rot": 1.2366109770968932}