{"ape_trans": 0.15553450969421684, "ape_rot_deg": 1.7205952589185056, "rpe_8m_trans": 0.1605450497351064, "rpe_8m_rot": 0.5066066160744552, "rpe_16m_trans": 0.16334635220190843, "rpe_16m_rot": 0.5926831183997925, "rpe_24m_trans": 0.19836187965085958, "rpe_24m_rot": 0.6335781674878335, "rpe_32m_trans": 0.23509911253681232, "rpe_32m_rot": 0.7655141125678578, "rpe_40m_trans": 0.3011163653380911, "rpe_40m_rot": 0.8702108580525989, "rpe_48m_trans": 0.29450977237952436, "rpe_48m_rot": 0.8147753760442368}