{"rmse": 0.19752113150055114, "mean": 0.1801613866663804, "median": 0.1752360061920522, "std": 0.08097204544597462, "min": 0.022796418276626654, "max": 0.3520777708179257, "sse": 90.08470537179676}