{"rmse": 0.042322056837434445, "mean": 0.035936061289941874, "median": 0.0301219849316609, "std": 0.022355222967274855, "min": 0.003758669919380746, "max": 0.10589540696036483, "sse": 1.8950435716581917}