{"ape_trans": 0.4218119866339922, "ape_rot_deg": 13.910439515504864, "rpe_8m_trans": 0.16789835921297713, "rpe_8m_rot": 3.3262340777911334, "rpe_16m_trans": 0.28775483828330867, "rpe_16m_rot": 5.697187285968778, "rpe_24m_trans": 0.3389615697354838, "rpe_24m_rot": 7.859046165193649, "rpe_32m_trans": 0.3917529875472584, "rpe_32m_rot": 10.273239517175151, "rpe_40m_trans": 0.46846366627879316, "rpe_40m_rot": 12.592116785672697, "rpe_48m_trans": 0.5641519625071005, "rpe_48m_rot": 14.911857199897938}