{"rmse": 0.4042743738292939, "mean": 0.3888254777665256, "median": 0.3867022317727369, "std": 0.11069108895796774, "min": 0.18461172553985106, "max": 1.1889384818763495, "sse": 79.43075589684288}