{"ape_trans": 1.4153445047993611, "ape_rot_deg": 15.032645952339815, "rpe_8m_trans": 2.337026428549175, "rpe_8m_rot": 7.028197542157812, "rpe_16m_trans": 3.2042882208383796, "rpe_16m_rot": 10.446239971335663, "rpe_24m_trans": 4.247924800616963, "rpe_24m_rot": 14.611208065868233, "rpe_32m_trans": NaN, "rpe_32m_rot": NaN, "rpe_40m_trans": NaN, "rpe_40m_rot": NaN, "rpe_48m_trans": NaN, "rpe_48m_rot": NaN}