{"rmse": 1.5119544023675118, "mean": 0.9687962499556103, "median": 0.556612378646269, "std": 1.1607928070549225, "min": 0.22081977435900438, "max": 4.693265211823493, "sse": 907.5444275908843}