{"rmse": 0.08887714833900356, "mean": 0.078770602027723, "median": 0.07210994892393993, "std": 0.041162358448749346, "min": 0.011189651893700577, "max": 0.20191099896440032, "sse": 10.987714168150683}