{"std": 0.11478081379619746, "rmse": 0.38007353413700057, "sse": 65.43851878217954, "max": 0.6420861586710148, "min": 0.11264374607391461, "median": 0.35571942582837174, "mean": 0.36232755365231667}