{"std": 0.12087793504794639, "rmse": 0.29072848613689134, "sse": 74.5493324385777, "max": 0.49700506570298025, "min": 0.07153720052446973, "median": 0.2449360320270396, "mean": 0.264407975428112}