{"ape_trans": 4.8776916320763375, "ape_rot_deg": 19.653441089907243, "rpe_8m_trans": 0.032774860475735274, "rpe_8m_rot": 0.7447589931955277, "rpe_16m_trans": 4.4121342948533915, "rpe_16m_rot": 2.9957964110583406, "rpe_24m_trans": 5.956224393735261, "rpe_24m_rot": 4.111457545116883, "rpe_32m_trans": 7.6589093174566765, "rpe_32m_rot": 5.441824786520038, "rpe_40m_trans": 9.199251085044652, "rpe_40m_rot": 6.805075195533916, "rpe_48m_trans": 9.769737247515536, "rpe_48m_rot": 7.32321683945624}