{"ape_trans": 0.8614455711170655, "ape_rot_deg": 4.886737687591641, "rpe_8m_trans": 0.7107993547546582, "rpe_8m_rot": 0.918847108447264, "rpe_16m_trans": 0.9725562977434813, "rpe_16m_rot": 0.9933732917464384, "rpe_24m_trans": 1.2046955985395194, "rpe_24m_rot": 1.0088545238370206, "rpe_32m_trans": 1.4174256185664211, "rpe_32m_rot": 1.0723592575681942, "rpe_40m_trans": 1.6747758474023513, "rpe_40m_rot": 0.8169892613368201, "rpe_48m_trans": 1.7053641923157652, "rpe_48m_rot": 0.7445069951482196}