{"rmse": 0.7297803175755337, "mean": 0.46913605678338094, "median": 0.2721521523320309, "std": 0.5590086512267832, "min": 0.10672136427017206, "max": 2.2353351498061294, "sse": 211.43398683249683}