{"ape_trans": 0.14129049937134824, "ape_rot_deg": 2.259162772104706, "rpe_8m_trans": 0.14338352055588724, "rpe_8m_rot": 0.6877508847391522, "rpe_16m_trans": 0.27413086865703573, "rpe_16m_rot": 0.7764632477008608, "rpe_24m_trans": 0.25855576835277966, "rpe_24m_rot": 0.6604285867510707, "rpe_32m_trans": 0.3116111025932311, "rpe_32m_rot": 0.6663637412756466, "rpe_40m_trans": 0.33445584322235133, "rpe_40m_rot": 0.6723006544443463, "rpe_48m_trans": 0.3755744340914699, "rpe_48m_rot": 0.5964440944951446}