{"rmse_8m_trans": 0.061439894039192464, "rmse_8m_rot": 0.8027364189502806, "rmse_16m_trans": 0.0844295726833383, "rmse_16m_rot": 1.0060468378110827, "rmse_24m_trans": 0.10676905883280383, "rmse_24m_rot": 1.166351388612991, "rmse_32m_trans": 0.1302375815535655, "rmse_32m_rot": 1.323964650030761, "rmse_40m_trans": 0.1544945553720865, "rmse_40m_rot": 1.5060591735262423, "rmse_48m_trans": 0.18211482074722504, "rmse_48m_rot": 1.6930056453445779}