{"rmse": 4.621555499014016, "mean": 4.611642199642598, "median": 4.595630324208335, "std": 0.30254165488783086, "min": 3.845626298436543, "max": 5.582589811486723, "sse": 41094.28354341791}