{"ape_trans": 0.036141895874334834, "ape_rot_deg": 0.7382357603097021, "rpe_8m_trans": 0.044825067264775954, "rpe_8m_rot": 0.7338360722874566, "rpe_16m_trans": 0.056472560154055884, "rpe_16m_rot": 0.7981699273150062, "rpe_24m_trans": 0.06380175598091192, "rpe_24m_rot": 0.8897201823391898, "rpe_32m_trans": 0.06563598544048267, "rpe_32m_rot": 0.9370102107967115, "rpe_40m_trans": 0.06027055176583475, "rpe_40m_rot": 0.9398935028017431, "rpe_48m_trans": 0.0637093759682274, "rpe_48m_rot": 0.9318983677614951}