{"rmse": 0.08895318480615654, "mean": 0.0788625640054937, "median": 0.07219253012093148, "std": 0.041150517440703555, "min": 0.011188861149455914, "max": 0.20197782441698278, "sse": 11.00652270023711}