{"ape_trans": 0.0435556858767369, "ape_rot_deg": 0.9405953155575129, "rpe_8m_trans": 0.05203143734834517, "rpe_8m_rot": 0.8320619875461718, "rpe_16m_trans": 0.06300230775573584, "rpe_16m_rot": 1.0792896844394992, "rpe_24m_trans": 0.07121612491684215, "rpe_24m_rot": 1.0947222985385736, "rpe_32m_trans": 0.0756127393067308, "rpe_32m_rot": 1.1418759473113738, "rpe_40m_trans": 0.0701313771913806, "rpe_40m_rot": 1.1355883686445034, "rpe_48m_trans": 0.06190384677870652, "rpe_48m_rot": 1.3795448358723075}