{"rmse": 0.18530847320769556, "mean": 0.14176721915842047, "median": 0.10441615815077637, "std": 0.11933685857544432, "min": 0.01875254761196996, "max": 0.5295514114674997, "sse": 51.337149212637996}