{"rmse": 107.646420973144, "mean": 102.36554665097354, "median": 78.54863813416476, "std": 33.3023543788528, "min": 76.50577281711688, "max": 148.91779857982894, "sse": 62446395.24953602}