{"rmse": 0.9035948921860122, "mean": 0.886905470598893, "median": 0.8692560553175106, "std": 0.17286531001449337, "min": 0.5366248533997569, "max": 1.2919324461736588, "sse": 662.9847880979365}