{"rmse": 0.20552670911497692, "mean": 0.17326985021077104, "median": 0.14255131316929773, "std": 0.11053862296758224, "min": 0.039949634869193534, "max": 0.5150191709955545, "sse": 44.522254480252485}