{"rmse": 0.10909931201463989, "mean": 0.09990451875271254, "median": 0.10975885237168798, "std": 0.04383773505618935, "min": 0.009918335329509772, "max": 0.2055968867516048, "sse": 13.295271088269672}