{"ape_trans": 0.21090896805347192, "ape_rot_deg": 3.7525499660908053, "rpe_8m_trans": 0.1495958098167903, "rpe_8m_rot": 1.6145095724887484, "rpe_16m_trans": 0.2107231247804467, "rpe_16m_rot": 1.915560896472101, "rpe_24m_trans": 0.26874769172081575, "rpe_24m_rot": 2.247385367329714, "rpe_32m_trans": 0.3203785105173121, "rpe_32m_rot": 2.1076788382665814, "rpe_40m_trans": 0.37889202015376766, "rpe_40m_rot": 1.6729938061818797, "rpe_48m_trans": 0.4329271118511071, "rpe_48m_rot": 2.3530626907975893}