{"rmse": 0.09862865747716949, "mean": 0.09061176254403061, "median": 0.10012147914197925, "std": 0.03895023189164644, "min": 0.011145775682403884, "max": 0.19106950561476269, "sse": 25.15560482788645}