{"ape_trans": 0.5114680658480139, "ape_rot_deg": 7.95234481555374, "rpe_8m_trans": 0.3028249690075853, "rpe_8m_rot": 1.7125128811870205, "rpe_16m_trans": 0.49565159591630753, "rpe_16m_rot": 2.1325127322618096, "rpe_24m_trans": 0.6017045797233034, "rpe_24m_rot": 2.7551652869807355, "rpe_32m_trans": 0.7582817097077582, "rpe_32m_rot": 3.7074690814367943, "rpe_40m_trans": 0.8751765922473289, "rpe_40m_rot": 4.780326966903951, "rpe_48m_trans": 1.0925345052357545, "rpe_48m_rot": 5.557235517097037}