{"ape_trans": 4.476023597098459, "ape_rot_deg": 18.53037870578176, "rpe_8m_trans": 0.9963625568554992, "rpe_8m_rot": 4.4831657721415255, "rpe_16m_trans": 5.2728235835876545, "rpe_16m_rot": 17.781288471505302, "rpe_24m_trans": 7.486501801794217, "rpe_24m_rot": 24.934848757587375, "rpe_32m_trans": 8.608198280514255, "rpe_32m_rot": 28.47424825752764, "rpe_40m_trans": 8.944403137536842, "rpe_40m_rot": 31.06359718986654, "rpe_48m_trans": 9.035271344887386, "rpe_48m_rot": 31.723937539768105}