{"std": 0.03478002958637777, "rmse": 0.06743884089174439, "sse": 4.884549058122845, "max": 0.16309666088156494, "min": 0.007389162580247734, "median": 0.05114569141220911, "mean": 0.057778428524776465}