{"ape_trans": 17298858.38105325, "ape_rot_deg": 158.05581083648772, "rpe_8m_trans": 0.05701019193897343, "rpe_8m_rot": 2.113199930657598, "rpe_16m_trans": 0.05320745522782342, "rpe_16m_rot": 2.102504367722049, "rpe_24m_trans": 0.058717634236909275, "rpe_24m_rot": 2.2427229213899813, "rpe_32m_trans": 0.054651900956996145, "rpe_32m_rot": 2.166359559020884, "rpe_40m_trans": 0.06030495957517466, "rpe_40m_rot": 1.996070105354924, "rpe_48m_trans": 0.061309466734361884, "rpe_48m_rot": 2.0231532125578435}