{"rmse": 0.11395251331082785, "mean": 0.10514779600818058, "median": 0.10877882844099211, "std": 0.043921706301969246, "min": 0.01607177039868359, "max": 0.19281981223726039, "sse": 33.592648474853334}