{"std": 2.7510030409861375, "rmse": 19.031940155958665, "sse": 1986385.6676123554, "max": 24.951580002898957, "min": 11.778871168635908, "median": 17.448316768306185, "mean": 18.832066492248718}