{"std": 3.4393677565283367, "rmse": 24.139990765098556, "sse": 3196906.9996067937, "max": 30.732378380810804, "min": 16.334225197574703, "median": 21.829971106871504, "mean": 23.89372100729388}