{"ape_trans": 0.3322644207636533, "ape_rot_deg": 1.2555648658136975, "rpe_8m_trans": 0.2365413692279388, "rpe_8m_rot": 0.46203882815980407, "rpe_16m_trans": 0.35144727866451486, "rpe_16m_rot": 0.5964858157004158, "rpe_24m_trans": 0.4303150127446456, "rpe_24m_rot": 0.5673007464187798, "rpe_32m_trans": 0.45482182158843776, "rpe_32m_rot": 0.6107592599042699, "rpe_40m_trans": 0.5188096439620966, "rpe_40m_rot": 0.8114941449339735, "rpe_48m_trans": 0.5150224052253776, "rpe_48m_rot": 0.9279502664981253}