{"ape_trans": 5.53082714958107, "ape_rot_deg": 20.227648704500144, "rpe_8m_trans": 0.033641015698924824, "rpe_8m_rot": 0.8569970556810683, "rpe_16m_trans": 4.614733498128744, "rpe_16m_rot": 3.5880241595724787, "rpe_24m_trans": 5.99470707276122, "rpe_24m_rot": 4.53465534076823, "rpe_32m_trans": 6.973108731173899, "rpe_32m_rot": 5.320566343730186, "rpe_40m_trans": 8.022887946019772, "rpe_40m_rot": 6.138596443409302, "rpe_48m_trans": 9.039726544784852, "rpe_48m_rot": 6.905847910459878}