{"ape_trans": 1.3759323637146694, "ape_rot_deg": 21.52814834250164, "rpe_8m_trans": 1.1777473545472017, "rpe_8m_rot": 1.9812972681237895, "rpe_16m_trans": 2.172848390843116, "rpe_16m_rot": 3.3899059858262985, "rpe_24m_trans": 2.7541420315469596, "rpe_24m_rot": 4.277752617732062, "rpe_32m_trans": 2.968073518633521, "rpe_32m_rot": 4.697208571527868, "rpe_40m_trans": 2.992809651660919, "rpe_40m_rot": 4.675881867638767, "rpe_48m_trans": NaN, "rpe_48m_rot": NaN}