{"ape_trans": 0.23221064056540344, "ape_rot_deg": 5.194298766285454, "rpe_8m_trans": 0.16560200359121388, "rpe_8m_rot": 0.9737828696592559, "rpe_16m_trans": 0.28571794789215504, "rpe_16m_rot": 1.260465633978217, "rpe_24m_trans": 0.32298055624052824, "rpe_24m_rot": 1.7622535629474152, "rpe_32m_trans": 0.42626126865106917, "rpe_32m_rot": 2.35271032648731, "rpe_40m_trans": 0.41904683809256366, "rpe_40m_rot": 2.9079868779198215, "rpe_48m_trans": 0.5173729528799205, "rpe_48m_rot": 3.3279733499230586}