{"rmse": 17.577612134413343, "mean": 17.496581685087488, "median": 16.14912145564417, "std": 1.6858462815263515, "min": 15.722369636958296, "max": 20.155734078774056, "sse": 1122805.8772961784}