{"rmse": 0.07269777064145251, "mean": 0.06313906020210455, "median": 0.06576306550655626, "std": 0.03603366388576456, "min": 0.0059606671075335665, "max": 0.1389124591041066, "sse": 6.6854818081401035}