{"std": 0.0190887635266237, "rmse": 0.0749983023636383, "sse": 4.437924087010466, "max": 0.12367505392504644, "min": 0.026120131886796752, "median": 0.07173554048197163, "mean": 0.07252837006614966}