{"rmse": 0.2770943223701327, "mean": 0.24192085728566304, "median": 0.22008014939871678, "std": 0.13511314628833454, "min": 0.031970331936362, "max": 0.6079905240193336, "sse": 83.69157720384169}