{"rmse": 1.7427901027964499, "mean": 1.7325896891380692, "median": 1.6407589845321833, "std": 0.18828253104764966, "min": 1.458194139821851, "max": 2.2496877998187403, "sse": 2047.1518887811453}