{"std": 0.5617693218205687, "rmse": 2.4065876379284457, "sse": 1088.832843097643, "max": 3.959364909140505, "min": 1.1934803228681379, "median": 2.150263227226647, "mean": 2.3401024097443415}