{"ape_trans": 0.39177252887282055, "ape_rot_deg": 3.553305301397945, "rpe_8m_trans": 0.3139079487693537, "rpe_8m_rot": 0.699767289601459, "rpe_16m_trans": 0.48641185661308595, "rpe_16m_rot": 0.8790569788175017, "rpe_24m_trans": 0.5617282047905768, "rpe_24m_rot": 1.19270796280738, "rpe_32m_trans": 0.6745872522883166, "rpe_32m_rot": 1.2447041956230367, "rpe_40m_trans": 0.7119191959478943, "rpe_40m_rot": 1.415810124499606, "rpe_48m_trans": 0.6717003381018747, "rpe_48m_rot": 1.472963043162286}