{"rmse": 0.09819796087226196, "mean": 0.08180930278302224, "median": 0.07735401001637049, "std": 0.054314615874790806, "min": 0.005280812200466968, "max": 0.24659218722148532, "sse": 10.366052483430561}