{"ape_trans": 0.7231001829375067, "ape_rot_deg": 31.656817044488413, "rpe_8m_trans": 0.7570289737397321, "rpe_8m_rot": 2.475423477014325, "rpe_16m_trans": 1.3100588266389999, "rpe_16m_rot": 4.172507833160971, "rpe_24m_trans": 1.594026119515676, "rpe_24m_rot": 5.124177748022138, "rpe_32m_trans": 1.5707967078928058, "rpe_32m_rot": 5.392789238827372, "rpe_40m_trans": 1.5004698528552824, "rpe_40m_rot": 5.514860175759529, "rpe_48m_trans": NaN, "rpe_48m_rot": NaN}