{"ape_trans": 0.17846371226933455, "ape_rot_deg": 4.6255768417891066, "rpe_8m_trans": 0.16820322899367354, "rpe_8m_rot": 1.9021026819119806, "rpe_16m_trans": 0.1960802037423782, "rpe_16m_rot": 2.633664650595692, "rpe_24m_trans": 0.23749046810076962, "rpe_24m_rot": 3.282037756412025, "rpe_32m_trans": 0.3016927357988212, "rpe_32m_rot": 3.3818650777109895, "rpe_40m_trans": 0.36395207079210834, "rpe_40m_rot": 2.79370078495567, "rpe_48m_trans": 0.40237884291117837, "rpe_48m_rot": 2.9100524767563876}