{"ape_trans": 0.5891545185726123, "ape_rot_deg": 80.3029085803716, "rpe_8m_trans": 0.7382648320511274, "rpe_8m_rot": 0.7143020148316555, "rpe_16m_trans": 1.2584592435874797, "rpe_16m_rot": 0.6513319157878459, "rpe_24m_trans": 1.6265862544869547, "rpe_24m_rot": 0.7004279978391378, "rpe_32m_trans": 1.642226209545599, "rpe_32m_rot": 0.8153175633306461, "rpe_40m_trans": 1.6486241826813022, "rpe_40m_rot": 0.4601493560853123, "rpe_48m_trans": NaN, "rpe_48m_rot": NaN}