{"rmse": 0.11227528176597243, "mean": 0.1036028630857961, "median": 0.10510559358393781, "std": 0.043268760740912036, "min": 0.021926074821659865, "max": 0.20367721222173446, "sse": 15.79499083622251}