{"ape_trans": 0.13155369250409776, "ape_rot_deg": 1.7866444730326247, "rpe_8m_trans": 0.044373908976688525, "rpe_8m_rot": 0.8184579636347525, "rpe_16m_trans": 0.0642833669281495, "rpe_16m_rot": 1.073421167948089, "rpe_24m_trans": 0.08863873578112597, "rpe_24m_rot": 1.3301776032557848, "rpe_32m_trans": 0.11181806126132984, "rpe_32m_rot": 1.4702413814575679, "rpe_40m_trans": 0.13456943814818179, "rpe_40m_rot": 1.7228204826094904, "rpe_48m_trans": 0.15759877939846434, "rpe_48m_rot": 1.992226736284442}