{"std": 0.07699527499228917, "rmse": 0.1583703994233334, "sse": 28.015681872886375, "max": 0.5594861813582886, "min": 0.013355466405667265, "median": 0.1175941664783611, "mean": 0.13839404265490593}