{"std": 0.06045501413710501, "rmse": 0.13443071867747958, "sse": 17.927045179150504, "max": 0.289672620781809, "min": 0.015045016596694076, "median": 0.1090112989305525, "mean": 0.12007001869670085}