{"ape_trans": 0.18715309756705356, "ape_rot_deg": 6.225767925566111, "rpe_8m_trans": 0.17518461707001956, "rpe_8m_rot": 2.2259586127324833, "rpe_16m_trans": 0.21020778045222843, "rpe_16m_rot": 3.119984072229375, "rpe_24m_trans": 0.25352287349631464, "rpe_24m_rot": 4.007487131408641, "rpe_32m_trans": 0.3103609274659939, "rpe_32m_rot": 4.715673378292587, "rpe_40m_trans": 0.34942816254177955, "rpe_40m_rot": 4.884818779374466, "rpe_48m_trans": 0.3928649619010364, "rpe_48m_rot": 5.571889023525698}