{"ape_trans": 0.956306039049927, "ape_rot_deg": 16.908840560918218, "rpe_8m_trans": 1.3442808284290004, "rpe_8m_rot": 5.749503736206505, "rpe_16m_trans": 1.2249892909955993, "rpe_16m_rot": 8.106725898430078, "rpe_24m_trans": 1.6094136133186379, "rpe_24m_rot": 11.653843597461938, "rpe_32m_trans": 1.768001038619858, "rpe_32m_rot": 15.067697426250465, "rpe_40m_trans": 1.80189800062974, "rpe_40m_rot": 17.919321930747092, "rpe_48m_trans": 1.92986882142388, "rpe_48m_rot": 20.93639459349596}