{"rmse": 0.43210782408651316, "mean": 0.42065770147151293, "median": 0.4177331442479006, "std": 0.09881431996165603, "min": 0.2247296948968753, "max": 0.7860950095134601, "sse": 414.6988382052906}