{"rmse": 0.0974315003051046, "mean": 0.09427466276326997, "median": 0.0960305559218726, "std": 0.02460051244538042, "min": 0.01999079132353189, "max": 0.14390136945018617, "sse": 7.4993888288458415}