{"ape_trans": 0.30261694061833455, "ape_rot_deg": 0.7101738559823327, "rpe_8m_trans": 0.1948198012945338, "rpe_8m_rot": 0.5471025641300525, "rpe_16m_trans": 0.29828288730610547, "rpe_16m_rot": 0.6313581361160949, "rpe_24m_trans": 0.32764416146385933, "rpe_24m_rot": 0.7192084992534901, "rpe_32m_trans": 0.38694243066573664, "rpe_32m_rot": 0.7834533602952738, "rpe_40m_trans": 0.4968762620212057, "rpe_40m_rot": 0.9468753768203506, "rpe_48m_trans": 0.6564071695560802, "rpe_48m_rot": 0.9955882380887886}