{"rmse_8m_trans": 0.06354507372338418, "rmse_8m_rot": 0.9651839160611603, "rmse_16m_trans": 0.099524911460074, "rmse_16m_rot": 1.3271070653393156, "rmse_24m_trans": 0.1248975156038782, "rmse_24m_rot": 1.7189314272308913, "rmse_32m_trans": 0.14970975446942705, "rmse_32m_rot": 2.0901876805054354, "rmse_40m_trans": 0.17288598844840014, "rmse_40m_rot": 2.4222615816726245, "rmse_48m_trans": 0.19294089393601846, "rmse_48m_rot": 2.804029538768468}