{"ape_trans": 0.26269058388482563, "ape_rot_deg": 17.60584509530968, "rpe_8m_trans": 0.31398667957996823, "rpe_8m_rot": 0.5806220926238299, "rpe_16m_trans": 0.503181446543893, "rpe_16m_rot": 0.7183303545673402, "rpe_24m_trans": 0.5851601173448641, "rpe_24m_rot": 0.800759434507119, "rpe_32m_trans": 0.5793700953101791, "rpe_32m_rot": 0.7532420108761612, "rpe_40m_trans": NaN, "rpe_40m_rot": NaN, "rpe_48m_trans": NaN, "rpe_48m_rot": NaN}