{"ape_trans": 0.9506256674915184, "ape_rot_deg": 26.152522159613895, "rpe_8m_trans": 0.9295740291663941, "rpe_8m_rot": 1.902261605923031, "rpe_16m_trans": 1.3879481031736536, "rpe_16m_rot": 2.7780485673891966, "rpe_24m_trans": 1.7481475951385066, "rpe_24m_rot": 3.6005481341536325, "rpe_32m_trans": 1.860423850964756, "rpe_32m_rot": 4.1368110678637455, "rpe_40m_trans": 1.9486924488033024, "rpe_40m_rot": 4.465372245470442, "rpe_48m_trans": 1.9464344184855078, "rpe_48m_rot": 4.668990639374611}