{"ape_trans": 0.48534547059442235, "ape_rot_deg": 0.8061829113917425, "rpe_8m_trans": 0.30932601255713504, "rpe_8m_rot": 0.39236304116538673, "rpe_16m_trans": 0.46507201891667255, "rpe_16m_rot": 0.5428579035772618, "rpe_24m_trans": 0.5132516519524633, "rpe_24m_rot": 0.5458871180380298, "rpe_32m_trans": 0.5680947748540499, "rpe_32m_rot": 0.5406269335458352, "rpe_40m_trans": 0.7079418552594614, "rpe_40m_rot": 0.6037695368513314, "rpe_48m_trans": 0.8711197985383496, "rpe_48m_rot": 0.5916751010154772}