{"ape_trans": 0.09052594168023607, "ape_rot_deg": 1.1176889247184656, "rpe_8m_trans": 0.0829488904069351, "rpe_8m_rot": 0.9674474300803322, "rpe_16m_trans": 0.09316169383195548, "rpe_16m_rot": 1.161112905059684, "rpe_24m_trans": 0.09965006270205679, "rpe_24m_rot": 1.3343029409081353, "rpe_32m_trans": 0.10576266206926459, "rpe_32m_rot": 1.5334939951328082, "rpe_40m_trans": 0.09966891894709455, "rpe_40m_rot": 1.7594051023297814, "rpe_48m_trans": 0.09959713145339331, "rpe_48m_rot": 1.7994846618579727}