{"std": 0.0547089447580602, "rmse": 0.12288224220255506, "sse": 14.571543858021943, "max": 0.30088340938592484, "min": 0.01362769064067624, "median": 0.0971724547269179, "mean": 0.11003170821261896}