{"ape_trans": 0.17750772346537788, "ape_rot_deg": 1.6675014174731908, "rpe_8m_trans": 0.1811210766586047, "rpe_8m_rot": 0.5181699725523062, "rpe_16m_trans": 0.24477669776818062, "rpe_16m_rot": 0.6059156197904142, "rpe_24m_trans": 0.23164656337897668, "rpe_24m_rot": 0.6494823755358103, "rpe_32m_trans": 0.2595669519701227, "rpe_32m_rot": 0.708257091942259, "rpe_40m_trans": 0.24198896537457867, "rpe_40m_rot": 0.7512841418168432, "rpe_48m_trans": 0.2485261313945797, "rpe_48m_rot": 0.7050633706092095}