{"rmse": 0.11022413212892979, "mean": 0.0985941422822906, "median": 0.09276077676483901, "std": 0.04928036537197354, "min": 0.033769823342728544, "max": 0.4035443345771305, "sse": 9.610143209128436}