{"ape_trans": 0.24408781088869894, "ape_rot_deg": 1.7371566346719611, "rpe_8m_trans": 0.17734437091944039, "rpe_8m_rot": 0.5937717299289007, "rpe_16m_trans": 0.24920114004616015, "rpe_16m_rot": 0.6617613337959256, "rpe_24m_trans": 0.24761628553220053, "rpe_24m_rot": 0.6957720914198099, "rpe_32m_trans": 0.2934988625661367, "rpe_32m_rot": 0.7521383973334562, "rpe_40m_trans": 0.2894047594733666, "rpe_40m_rot": 0.7820739474498094, "rpe_48m_trans": 0.3258342376950525, "rpe_48m_rot": 0.8754494724511924}