{"ape_trans": 4.621555499014016, "ape_rot_deg": 77.0574930256694, "rpe_8m_trans": 0.02956156380192966, "rpe_8m_rot": 0.6611601266949321, "rpe_16m_trans": 4.425100711143976, "rpe_16m_rot": 3.6848446755938027, "rpe_24m_trans": 5.757715003352515, "rpe_24m_rot": 4.9424472438582985, "rpe_32m_trans": 7.190449901810744, "rpe_32m_rot": 6.270647212252087, "rpe_40m_trans": 8.831009257541508, "rpe_40m_rot": 7.817032245102044, "rpe_48m_trans": 9.271210087398426, "rpe_48m_rot": 8.456314992123177}