{"ape_trans": 0.16520099998853857, "ape_rot_deg": 1.3391831498741578, "rpe_8m_trans": 0.17403778883370813, "rpe_8m_rot": 0.7655497491136101, "rpe_16m_trans": 0.2640528166045009, "rpe_16m_rot": 1.0230778413229586, "rpe_24m_trans": 0.29725429790406455, "rpe_24m_rot": 1.1352900604137275, "rpe_32m_trans": 0.3687664670666132, "rpe_32m_rot": 1.3772716762684716, "rpe_40m_trans": 0.3125262465571008, "rpe_40m_rot": 1.519006501498998, "rpe_48m_trans": 0.3444454564412846, "rpe_48m_rot": 1.7315712015908649}