{"ape_trans": 0.04621618827474093, "ape_rot_deg": 1.1338449813558862, "rpe_8m_trans": 0.03443546283705482, "rpe_8m_rot": 0.7579089627808513, "rpe_16m_trans": 0.04531856703016813, "rpe_16m_rot": 0.8474648729534864, "rpe_24m_trans": 0.052076014466324136, "rpe_24m_rot": 0.8851121147743157, "rpe_32m_trans": 0.05749289151197706, "rpe_32m_rot": 0.9637323349119542, "rpe_40m_trans": 0.06417609489602098, "rpe_40m_rot": 1.0105353845422917, "rpe_48m_trans": 0.0713028980105257, "rpe_48m_rot": 1.0380339539828833}