{"rmse": 0.34301357420292505, "mean": 0.31557020650426965, "median": 0.3008185532710329, "std": 0.13443867320945335, "min": 0.10874097124497661, "max": 0.6473693373911665, "sse": 104.48058113366943}