{"rmse": 0.085482059380087, "mean": 0.07426848681929667, "median": 0.06700219631225746, "std": 0.04232463043468516, "min": 0.0034612708070909013, "max": 0.19476425378557077, "sse": 10.156983641446402}