{"rmse": 2.559246111250416, "mean": 2.47464872110488, "median": 2.290344740225242, "std": 0.6525751796416723, "min": 1.8202497129403703, "max": 4.758873552535392, "sse": 3811.9490629271195}