{"rmse": 0.04980170651107764, "mean": 0.04680860326613478, "median": 0.046332708133410984, "std": 0.01700484141911092, "min": 0.005246757961598521, "max": 0.10948165410031403, "sse": 7.03139526896298}