{"rmse": 3.5731474530732834, "mean": 2.4724310962091485, "median": 1.5980686156263002, "std": 2.579625398367391, "min": 0.1838320570849951, "max": 9.980194420962311, "sse": 13699.401660066591}