{"rmse": 1.4153445047993611, "mean": 0.908072297136639, "median": 0.5172596642718116, "std": 1.0856356527116895, "min": 0.24578147290300933, "max": 4.372813524684816, "sse": 795.2704267045023}