{"rmse": 0.8615033781490479, "mean": 0.8596615469073018, "median": 0.8643870630780779, "std": 0.05630359962885488, "min": 0.6984976616702917, "max": 0.9837441620536947, "sse": 741.4458824916593}