{"rmse": 0.0435556858767369, "mean": 0.03769757570123354, "median": 0.030732576066270473, "std": 0.021817207851664824, "min": 0.001245234355604966, "max": 0.10197007598032395, "sse": 4.8224225369145515}