{"ape_trans": 0.20552670911497692, "ape_rot_deg": 2.1903502291753623, "rpe_8m_trans": 0.1724548464569206, "rpe_8m_rot": 1.4374816365553302, "rpe_16m_trans": 0.23782347888353567, "rpe_16m_rot": 2.0326452044217955, "rpe_24m_trans": 0.2658958514326701, "rpe_24m_rot": 2.706097430200502, "rpe_32m_trans": 0.32207105904787636, "rpe_32m_rot": 3.1960397151219495, "rpe_40m_trans": 0.35506670218221115, "rpe_40m_rot": 3.448340112207907, "rpe_48m_trans": 0.4127753078617196, "rpe_48m_rot": 3.7591607963205167}