{"ape_trans": 0.15276939473206858, "ape_rot_deg": 5.689141776001211, "rpe_8m_trans": 0.07315752220927257, "rpe_8m_rot": 0.7623274886865469, "rpe_16m_trans": 0.11119828291319407, "rpe_16m_rot": 0.9200035653507607, "rpe_24m_trans": 0.1395534855949184, "rpe_24m_rot": 1.1344719894714723, "rpe_32m_trans": 0.16593979202555037, "rpe_32m_rot": 1.403546687072777, "rpe_40m_trans": 0.2021802964292199, "rpe_40m_rot": 1.6700531089655875, "rpe_48m_trans": 0.24176645839882074, "rpe_48m_rot": 1.8987420345172754}