{"rmse": 0.17838065561953825, "mean": 0.13390213782064972, "median": 0.08959433369626027, "std": 0.11785531717455959, "min": 0.03251396047394395, "max": 0.5336280420222885, "sse": 47.570389157388185}