{"rmse": 2.3198505427246188, "mean": 2.3072932414519753, "median": 2.3426760311528474, "std": 0.24104862275015282, "min": 1.8218053444843392, "max": 2.84544122845198, "sse": 4154.677449327535}