{"rmse": 0.1782505357787269, "mean": 0.1628407178433953, "median": 0.15602156388716082, "std": 0.0724993387394045, "min": 0.014478174057995768, "max": 0.39771750556050867, "sse": 73.36444234397598}