{"rmse": 0.06972129040669514, "mean": 0.06415979514865254, "median": 0.06121689000797828, "std": 0.027286975326291915, "min": 0.0068466606265574674, "max": 0.136978522462135, "sse": 6.129794561664123}