{"ape_trans": 13.730430552064579, "ape_rot_deg": 67.75214801084303, "rpe_8m_trans": 1.2152333531757642, "rpe_8m_rot": 1.1325380605095285, "rpe_16m_trans": 1.252243299512463, "rpe_16m_rot": 1.1391563493570298, "rpe_24m_trans": 1.4805361632013447, "rpe_24m_rot": 1.3297748633666666, "rpe_32m_trans": 14.875477893445613, "rpe_32m_rot": 8.00370086973289, "rpe_40m_trans": 21.151784375208845, "rpe_40m_rot": 11.334981515799395, "rpe_48m_trans": 25.184213810537262, "rpe_48m_rot": 13.383363795395475}