{"ape_trans": 131.5677656326453, "ape_rot_deg": 153.70393660545503, "rpe_8m_trans": 3.535114765416485, "rpe_8m_rot": 2.4629848687497793, "rpe_16m_trans": 7.870614157180216, "rpe_16m_rot": 3.080971666528636, "rpe_24m_trans": 12.842806341246602, "rpe_24m_rot": 3.7415808707042295, "rpe_32m_trans": 18.41255049812577, "rpe_32m_rot": 4.6416335748378525, "rpe_40m_trans": 25.000006524338556, "rpe_40m_rot": 5.323343097050797, "rpe_48m_trans": 32.62684857373291, "rpe_48m_rot": 6.036401116985517}