{"rmse": 133.67662674407845, "mean": 133.23044862918044, "median": 124.54209946002882, "std": 10.912749229363481, "min": 121.97453931226954, "max": 147.84900724091668, "sse": 55288049.02356852}