{"rmse": 0.1494432892049671, "mean": 0.13011718793076013, "median": 0.10400103817219261, "std": 0.0735038372698371, "min": 0.019004593604675553, "max": 0.3867716095002484, "sse": 50.02658458201474}