{"std": 0.20151559435930957, "rmse": 0.4989286311960801, "sse": 268.59523157034243, "max": 0.8906079537040095, "min": 0.11359760468015803, "median": 0.4313417037126968, "mean": 0.4564222214761331}