{"ape_trans": 0.2499965612611431, "ape_rot_deg": 1.7219820816878098, "rpe_8m_trans": 0.1796879438937844, "rpe_8m_rot": 0.6686932145140466, "rpe_16m_trans": 0.24607645485630794, "rpe_16m_rot": 0.7417489672143914, "rpe_24m_trans": 0.2500603978185713, "rpe_24m_rot": 0.7770453981923985, "rpe_32m_trans": 0.29500842100091434, "rpe_32m_rot": 0.8317007623337327, "rpe_40m_trans": 0.2902317841721564, "rpe_40m_rot": 0.8405472878037797, "rpe_48m_trans": 0.3330798037893876, "rpe_48m_rot": 0.9797734476653971}