{"ape_trans": 0.06974236966271874, "ape_rot_deg": 0.6485739460532894, "rpe_8m_trans": 0.06607288401559037, "rpe_8m_rot": 0.6560029289013642, "rpe_16m_trans": 0.07908662124567907, "rpe_16m_rot": 0.7351461928872884, "rpe_24m_trans": 0.08331436894191703, "rpe_24m_rot": 0.7625664367172929, "rpe_32m_trans": 0.09842699546920589, "rpe_32m_rot": 0.7423608907159991, "rpe_40m_trans": 0.11834881709829928, "rpe_40m_rot": 0.6534691164184813, "rpe_48m_trans": 0.14440025914758642, "rpe_48m_rot": 0.5952242907493943}