{"rmse": 74.43858498362648, "mean": 72.85056786714239, "median": 61.39271777698962, "std": 15.293714257807464, "min": 58.21607329052626, "max": 93.55041981171067, "sse": 6510795.947878383}