{"ape_trans": 2.7922582794519726, "ape_rot_deg": 12.531461905664555, "rpe_8m_trans": 3.7441109139616757, "rpe_8m_rot": 2.993152401129317, "rpe_16m_trans": 5.637691113995579, "rpe_16m_rot": 3.787220377240291, "rpe_24m_trans": 4.197329553203318, "rpe_24m_rot": 4.889649171927733, "rpe_32m_trans": 3.592395644544396, "rpe_32m_rot": 5.898689616848012, "rpe_40m_trans": 3.2658542001704602, "rpe_40m_rot": 7.413155357461204, "rpe_48m_trans": 3.2240215225653315, "rpe_48m_rot": 8.470620944364017}