{"ape_trans": 0.533115067699725, "ape_rot_deg": 2.1569898395420473, "rpe_8m_trans": 0.25159527397660014, "rpe_8m_rot": 0.7185879855167938, "rpe_16m_trans": 0.4158607645211024, "rpe_16m_rot": 0.9714490353593433, "rpe_24m_trans": 0.42650260355777286, "rpe_24m_rot": 1.1716120489545352, "rpe_32m_trans": 0.4838895977849394, "rpe_32m_rot": 1.3201429949327892, "rpe_40m_trans": 0.5497851563478028, "rpe_40m_rot": 1.3816922820896034, "rpe_48m_trans": 0.6591339183374624, "rpe_48m_rot": 1.1451068887247964}