{"rmse": 1.6270848352152407, "mean": 1.5229030298700734, "median": 1.4729638793571893, "std": 0.572862481403659, "min": 0.4016198963691889, "max": 2.8946649551951027, "sse": 3526.3435412352264}