{"ape_trans": 0.18530847320769556, "ape_rot_deg": 1.5063334635299035, "rpe_8m_trans": 0.12565392924292978, "rpe_8m_rot": 0.4833343769572568, "rpe_16m_trans": 0.22791307562891513, "rpe_16m_rot": 0.48042325004671277, "rpe_24m_trans": 0.24964265965205107, "rpe_24m_rot": 0.4780420459886419, "rpe_32m_trans": 0.2995350006656683, "rpe_32m_rot": 0.6261853112451978, "rpe_40m_trans": 0.3422340630664689, "rpe_40m_rot": 0.6649237155412601, "rpe_48m_trans": 0.4015061859255428, "rpe_48m_rot": 0.6928092944769565}