{"ape_trans": 0.15526619413809942, "ape_rot_deg": 2.612426134463144, "rpe_8m_trans": 0.1622178291592659, "rpe_8m_rot": 0.7938765622348866, "rpe_16m_trans": 0.17294494074309036, "rpe_16m_rot": 1.3192939827537187, "rpe_24m_trans": 0.209056750826083, "rpe_24m_rot": 1.8147355833892926, "rpe_32m_trans": 0.2414042370113552, "rpe_32m_rot": 2.3288155483430732, "rpe_40m_trans": 0.279352891884708, "rpe_40m_rot": 2.8310606056649044, "rpe_48m_trans": 0.2824024463479603, "rpe_48m_rot": 3.424403760631751}