{"ape_trans": 0.14467310019249663, "ape_rot_deg": 7.176341428422, "rpe_8m_trans": 0.31743730240006907, "rpe_8m_rot": 3.769520307159214, "rpe_16m_trans": 0.30341669214774786, "rpe_16m_rot": 3.329540687879922, "rpe_24m_trans": 0.35092914289828053, "rpe_24m_rot": 3.544799135633048, "rpe_32m_trans": 0.32844521338770477, "rpe_32m_rot": 4.05886100272892, "rpe_40m_trans": 0.39275816018121423, "rpe_40m_rot": 4.258668403919479, "rpe_48m_trans": 0.4821505694114063, "rpe_48m_rot": 5.065259282976731}