{"ape_trans": 17641108.60047602, "ape_rot_deg": 141.59367742425331, "rpe_8m_trans": 0.05507489061986182, "rpe_8m_rot": 0.6698873782007214, "rpe_16m_trans": 0.061680436094285064, "rpe_16m_rot": 0.8610307719136893, "rpe_24m_trans": 0.07649232936935321, "rpe_24m_rot": 1.0444082664078136, "rpe_32m_trans": 0.08163353758002354, "rpe_32m_rot": 1.2992080141926217, "rpe_40m_trans": 0.10461731268463442, "rpe_40m_rot": 1.617911692439484, "rpe_48m_trans": 0.13989504061031544, "rpe_48m_rot": 2.0819995578743162}