{"rmse": 2.9279294842312042, "mean": 2.575670738962073, "median": 2.3633937969634777, "std": 1.392368955803373, "min": 0.1559934394683528, "max": 7.042834965296403, "sse": 8444.17949866095}