{"rmse": 0.9580752130819535, "mean": 0.9502638767389785, "median": 0.9585277818955721, "std": 0.1220929092414388, "min": 0.6386926410723943, "max": 1.2476258694646571, "sse": 1911.0846931856681}