{"rmse": 0.1580377790731778, "mean": 0.1381668659016658, "median": 0.11742913833494187, "std": 0.07671933772715749, "min": 0.01294751713285422, "max": 0.5571483131413019, "sse": 27.89812454926531}