{"ape_trans": 0.2002115215116303, "ape_rot_deg": 2.735993754725175, "rpe_8m_trans": 0.07412907138922535, "rpe_8m_rot": 1.0452554963629266, "rpe_16m_trans": 0.11173393855544934, "rpe_16m_rot": 1.2770503586014466, "rpe_24m_trans": 0.1360657108679368, "rpe_24m_rot": 1.5731216588748704, "rpe_32m_trans": 0.16463827114427942, "rpe_32m_rot": 1.9099152078278656, "rpe_40m_trans": 0.19618349152825199, "rpe_40m_rot": 2.257242690777697, "rpe_48m_trans": 0.2244919894727836, "rpe_48m_rot": 2.609768805820863}