{"rmse": 9.112917242310228, "mean": 9.000691051623255, "median": 8.693288335494682, "std": 1.425770408734912, "min": 3.9079632458439892, "max": 12.665324681234022, "sse": 455586.30000926007}