{"ape_trans": 0.0911153823325305, "ape_rot_deg": 5.892140923187529, "rpe_8m_trans": 0.2846740142149084, "rpe_8m_rot": 3.7098228881608226, "rpe_16m_trans": 0.2926838658900115, "rpe_16m_rot": 3.26462129796798, "rpe_24m_trans": 0.3398396866156874, "rpe_24m_rot": 3.026600391523537, "rpe_32m_trans": 0.29814718930508105, "rpe_32m_rot": 3.3590566898419296, "rpe_40m_trans": 0.34252913878040087, "rpe_40m_rot": 3.4383490434911272, "rpe_48m_trans": 0.4132367311694107, "rpe_48m_rot": 3.7623957525263165}