{"rmse": 0.19850972475319828, "mean": 0.17492310985690127, "median": 0.17893099268876156, "std": 0.09385103334317098, "min": 0.020075709529129127, "max": 0.34859350132530065, "sse": 49.45466908109613}