{"ape_trans": 25.77262742930501, "ape_rot_deg": 165.66787767401144, "rpe_8m_trans": 0.0615558339177814, "rpe_8m_rot": 1.42939219038498, "rpe_16m_trans": 0.06888169188008218, "rpe_16m_rot": 1.5524564240701257, "rpe_24m_trans": 0.08663249929439532, "rpe_24m_rot": 1.6750776136517234, "rpe_32m_trans": 0.10376384379237323, "rpe_32m_rot": 1.9450513127466338, "rpe_40m_trans": 0.12008186153039777, "rpe_40m_rot": 2.3358282000345008, "rpe_48m_trans": 13.031382397615022, "rpe_48m_rot": 7.86143423677198}