{"rmse": 0.5949756386295986, "mean": 0.38438851485068815, "median": 0.22345164597337724, "std": 0.4541381730416206, "min": 0.07449538197995816, "max": 1.8003760231434203, "sse": 140.53641619339137}