{"ape_trans": 0.0862998811787053, "ape_rot_deg": 1.0450614757098167, "rpe_8m_trans": 0.04562903629697983, "rpe_8m_rot": 0.7136767346071045, "rpe_16m_trans": 0.0607011736974935, "rpe_16m_rot": 0.9230559463615157, "rpe_24m_trans": 0.07351076010466055, "rpe_24m_rot": 1.0566622652507718, "rpe_32m_trans": 0.08526435249916316, "rpe_32m_rot": 1.179471467361491, "rpe_40m_trans": 0.10191802602915336, "rpe_40m_rot": 1.3341515824344363, "rpe_48m_trans": 0.11630247566331145, "rpe_48m_rot": 1.4758746006141834}