{"std": 0.15510124953472645, "rmse": 0.22184916283474507, "sse": 73.57949132046346, "max": 0.6411077091166845, "min": 0.0044611245217077745, "median": 0.10755180299278463, "mean": 0.15862110024597534}