{"ape_trans": 0.17836667978139634, "ape_rot_deg": 2.3092656901519506, "rpe_8m_trans": 0.13710487606886487, "rpe_8m_rot": 0.6082855758218817, "rpe_16m_trans": 0.25314172239591115, "rpe_16m_rot": 0.6513112524186334, "rpe_24m_trans": 0.2733864640777674, "rpe_24m_rot": 0.5100011553726717, "rpe_32m_trans": 0.328091757960454, "rpe_32m_rot": 0.7013259692840538, "rpe_40m_trans": 0.3510282271452127, "rpe_40m_rot": 0.732728926995674, "rpe_48m_trans": 0.41266521558134667, "rpe_48m_rot": 0.5874419591242059}