{"rmse": 0.2908841698929246, "mean": 0.25955383894758804, "median": 0.23376278440306708, "std": 0.1313217612654709, "min": 0.031974790356148024, "max": 0.6333326109441146, "sse": 159.91970455621907}