{"ape_trans": 0.2822486353175649, "ape_rot_deg": 2.4591840219319914, "rpe_8m_trans": 0.17221918102332104, "rpe_8m_rot": 0.9160028895797245, "rpe_16m_trans": 0.31167181379502756, "rpe_16m_rot": 1.130991069082656, "rpe_24m_trans": 0.40601049973486564, "rpe_24m_rot": 1.407284848906513, "rpe_32m_trans": 0.48152864239869647, "rpe_32m_rot": 1.9339403470511771, "rpe_40m_trans": 0.5010105097826127, "rpe_40m_rot": 2.3049214528143835, "rpe_48m_trans": 0.5529879168953512, "rpe_48m_rot": 2.7508614174295922}