{"ape_trans": 0.3822203832600283, "ape_rot_deg": 3.906657339149548, "rpe_8m_trans": 0.18405189073290426, "rpe_8m_rot": 0.40786878200706767, "rpe_16m_trans": 0.3310841024373888, "rpe_16m_rot": 0.4833731090364721, "rpe_24m_trans": 0.4611297005117303, "rpe_24m_rot": 0.6182228073368581, "rpe_32m_trans": 0.5769132025105458, "rpe_32m_rot": 0.7376815474238874, "rpe_40m_trans": 0.6789147351799316, "rpe_40m_rot": 0.8245603388788835, "rpe_48m_trans": 0.7796192300238914, "rpe_48m_rot": 0.8644289661576101}