{"rmse": 5.4342568465183625, "mean": 4.110846776002239, "median": 3.0129709630795096, "std": 3.5541646357707872, "min": 0.35528170814206206, "max": 13.728169226045, "sse": 28910.99337697913}