{"rmse": 0.370876328186533, "mean": 0.3513425520440043, "median": 0.3844486880257241, "std": 0.11877567904386414, "min": 0.05980326220736249, "max": 0.6735486752220083, "sse": 412.6477524273747}