{"ape_trans": 0.3689846203178863, "ape_rot_deg": 1.4196484453671212, "rpe_8m_trans": 0.21229295283939204, "rpe_8m_rot": 1.042782150960967, "rpe_16m_trans": 0.33957140833852195, "rpe_16m_rot": 1.3835500000286118, "rpe_24m_trans": 0.4366608039931467, "rpe_24m_rot": 1.416426971407584, "rpe_32m_trans": 0.4867269757924728, "rpe_32m_rot": 1.513976580708139, "rpe_40m_trans": 0.6146747935840478, "rpe_40m_rot": 1.8461291010725256, "rpe_48m_trans": 0.7961493972073501, "rpe_48m_rot": 2.106310434620152}