{"ape_trans": 0.2649658695804424, "ape_rot_deg": 7.281872650171616, "rpe_8m_trans": 0.20519505408016978, "rpe_8m_rot": 2.411819512952419, "rpe_16m_trans": 0.2151857013294925, "rpe_16m_rot": 3.342533789695507, "rpe_24m_trans": 0.23680936081189188, "rpe_24m_rot": 4.322787886890232, "rpe_32m_trans": 0.2943503924321186, "rpe_32m_rot": 5.312036358696088, "rpe_40m_trans": 0.3080228221105617, "rpe_40m_rot": 6.396046609135677, "rpe_48m_trans": 0.314201415555937, "rpe_48m_rot": 7.390500262471636}