{"ape_trans": 0.13675006309128904, "ape_rot_deg": 2.558200278018182, "rpe_8m_trans": 0.120297502493689, "rpe_8m_rot": 1.4145026405672896, "rpe_16m_trans": 0.15488816882097584, "rpe_16m_rot": 1.576681994423993, "rpe_24m_trans": 0.1900335139133846, "rpe_24m_rot": 1.9736062019307248, "rpe_32m_trans": 0.2244307566188703, "rpe_32m_rot": 2.4210655875308795, "rpe_40m_trans": 0.24748357165577756, "rpe_40m_rot": 2.8028071899598905, "rpe_48m_trans": 0.2803502129932188, "rpe_48m_rot": 3.3665985964120413}