{"rmse_8m_trans": 0.2324060632036012, "rmse_8m_rot": 1.398988255102583, "rmse_16m_trans": 0.3314061181534119, "rmse_16m_rot": 1.4456514485878174, "rmse_24m_trans": 0.40490727673512994, "rmse_24m_rot": 1.6557823383586165, "rmse_32m_trans": 0.4528211142965921, "rmse_32m_rot": 1.9830377636439085, "rmse_40m_trans": 0.523524632890872, "rmse_40m_rot": 2.2871917497185974, "rmse_48m_trans": 0.5763704182824889, "rmse_48m_rot": 2.6340459817379833}