{"ape_trans": 0.35674557694250125, "ape_rot_deg": 5.430749209717102, "rpe_8m_trans": 0.23160527215713383, "rpe_8m_rot": 2.128931301786539, "rpe_16m_trans": 0.35766604080288017, "rpe_16m_rot": 2.894378472271436, "rpe_24m_trans": 0.48331923098172447, "rpe_24m_rot": 3.8663315911928193, "rpe_32m_trans": 0.5416872204318117, "rpe_32m_rot": 4.6599606085161325, "rpe_40m_trans": 0.5687432272131431, "rpe_40m_rot": 5.407445299910571, "rpe_48m_trans": 0.6429936726920892, "rpe_48m_rot": 6.578095918907321}