{"rmse": 0.45461818268126364, "mean": 0.44886112420568064, "median": 0.4544780262779694, "std": 0.07212061564648023, "min": 0.16494089251309227, "max": 0.7113848022722196, "sse": 430.30295479483163}