{"ape_trans": 0.9040379061382043, "ape_rot_deg": 12.822119039057462, "rpe_8m_trans": 0.6807058975087367, "rpe_8m_rot": 0.6049440714846805, "rpe_16m_trans": 1.0728804851408678, "rpe_16m_rot": 0.7272652816791775, "rpe_24m_trans": 1.3708064251605931, "rpe_24m_rot": 0.8048413001748214, "rpe_32m_trans": 1.686074889069653, "rpe_32m_rot": 0.8569344214555711, "rpe_40m_trans": 1.8697345258974678, "rpe_40m_rot": 0.94220664078418, "rpe_48m_trans": 1.8730843008899567, "rpe_48m_rot": 0.8730609672214712}