{"rmse": 0.3576348933749986, "mean": 0.3514421403473202, "median": 0.3476613241668427, "std": 0.06626566944837382, "min": 0.1951887401050936, "max": 0.5137630359955341, "sse": 137.3675180143383}