{"rmse": 1143800.1563594725, "mean": 846393.1058347389, "median": 554056.5429110547, "std": 769348.7558210373, "min": 43051.184828245656, "max": 3820712.450995394, "sse": 7058164113526510.0}