{"rmse": 2.9800682659819775, "mean": 2.5930969055376853, "median": 2.02989143591382, "std": 1.4685555176443659, "min": 0.305210093302865, "max": 7.2657537947523405, "sse": 8552.217015726057}