{"rmse": 13725950.797412595, "mean": 13697230.800357128, "median": 13471673.381810317, "std": 887464.7568999402, "min": 11842218.53891708, "max": 16075460.71082327, "sse": 1.0695565944883126e+18}