{"ape_trans": 1.729415388053281, "ape_rot_deg": 19.092401865362994, "rpe_8m_trans": 1.5617933241895356, "rpe_8m_rot": 2.0633666337554217, "rpe_16m_trans": 1.9715008313032825, "rpe_16m_rot": 2.6958968232385394, "rpe_24m_trans": 2.412964049410158, "rpe_24m_rot": 3.1708282852518406, "rpe_32m_trans": 2.8310699664417354, "rpe_32m_rot": 3.6594060684328187, "rpe_40m_trans": 3.143793397161706, "rpe_40m_rot": 3.9863376388377327, "rpe_48m_trans": 3.355560355586721, "rpe_48m_rot": 4.279082126201778}