{"rmse": 0.47590718749743144, "mean": 0.4645263631606375, "median": 0.45438438810790305, "std": 0.10345486475012601, "min": 0.2664374016069301, "max": 1.0669429793641725, "sse": 119.35899213587399}