{"rmse": 0.07425798590457265, "mean": 0.06359280972181604, "median": 0.051582779678605, "std": 0.03834322655031275, "min": 0.0065136308517022784, "max": 0.18870463805233176, "sse": 7.5214349139034615}