{"rmse": 3.601343125438971, "mean": 3.528076204103553, "median": 3.092178461364241, "std": 0.7227382687977743, "min": 2.637901477718607, "max": 4.678722210685327, "sse": 75081.4329860713}