{"ape_trans": 0.08122146542379369, "ape_rot_deg": 1.5970297608544735, "rpe_8m_trans": 0.049332120988182314, "rpe_8m_rot": 1.0127950559693057, "rpe_16m_trans": 0.07260864634093456, "rpe_16m_rot": 1.2583861111073544, "rpe_24m_trans": 0.08661876369767169, "rpe_24m_rot": 1.5359660776877884, "rpe_32m_trans": 0.1028717617524441, "rpe_32m_rot": 1.8320188261196364, "rpe_40m_trans": 0.10906266631437159, "rpe_40m_rot": 2.12893408009015, "rpe_48m_trans": 0.11152527947619233, "rpe_48m_rot": 2.2848305705339635}