{"ape_trans": 0.1478204154941507, "ape_rot_deg": 1.522907766142234, "rpe_8m_trans": 0.20587833761978697, "rpe_8m_rot": 0.5102012348419034, "rpe_16m_trans": 0.26957850663631905, "rpe_16m_rot": 0.5278462463239022, "rpe_24m_trans": 0.2338133642536566, "rpe_24m_rot": 0.5629862982489283, "rpe_32m_trans": 0.251235826906973, "rpe_32m_rot": 0.5902098003995717, "rpe_40m_trans": 0.23105298427927137, "rpe_40m_rot": 0.6255491577345913, "rpe_48m_trans": 0.21441200016923093, "rpe_48m_rot": 0.48086994495173074}