{"rmse": 0.09093918440854332, "mean": 0.07982900660011161, "median": 0.07399087647135968, "std": 0.0435576051468671, "min": 0.011466904718744952, "max": 0.21482445992104296, "sse": 11.495210012638555}