{"ape_trans": 0.1044767668306088, "ape_rot_deg": 1.127092334108285, "rpe_8m_trans": 0.046405991259840684, "rpe_8m_rot": 0.7741636068187533, "rpe_16m_trans": 0.0701838655312676, "rpe_16m_rot": 1.018334962551651, "rpe_24m_trans": 0.08341464858949177, "rpe_24m_rot": 1.1540930524437558, "rpe_32m_trans": 0.09660457811092749, "rpe_32m_rot": 1.1610878616918927, "rpe_40m_trans": 0.11173047698549143, "rpe_40m_rot": 1.263015905497454, "rpe_48m_trans": 0.12206425769891355, "rpe_48m_rot": 1.3672435137418275}