{"std": 0.10279277739646824, "rmse": 0.2727416132368964, "sse": 134.79103351500936, "max": 0.5633859208333117, "min": 0.06201253922589061, "median": 0.2547644505181284, "mean": 0.25262943713309594}