{"ape_trans": 0.4295481600572016, "ape_rot_deg": 11.86384042958821, "rpe_8m_trans": 0.8752245950571804, "rpe_8m_rot": 1.533948811121098, "rpe_16m_trans": 0.9530927250212362, "rpe_16m_rot": 1.7050596659822979, "rpe_24m_trans": 1.3581106162529974, "rpe_24m_rot": 1.7529318201351156, "rpe_32m_trans": NaN, "rpe_32m_rot": NaN, "rpe_40m_trans": NaN, "rpe_40m_rot": NaN, "rpe_48m_trans": NaN, "rpe_48m_rot": NaN}