{"std": 0.4151308100451848, "rmse": 1.044462819145991, "sse": 531.2695567416766, "max": 2.1704953614670686, "min": 0.07282464065054657, "median": 0.9539048784487543, "mean": 0.9584200494196792}