{"ape_trans": 2.6275216869836604, "ape_rot_deg": 7.550104051503567, "rpe_8m_trans": 1.6240036504171063, "rpe_8m_rot": 3.6475926840926713, "rpe_16m_trans": 3.398331958742708, "rpe_16m_rot": 7.375385857696598, "rpe_24m_trans": 4.989405765945803, "rpe_24m_rot": 10.576470967960121, "rpe_32m_trans": 5.312244301393856, "rpe_32m_rot": 11.4944428841407, "rpe_40m_trans": 5.366348755847537, "rpe_40m_rot": 11.665030749621943, "rpe_48m_trans": 5.822598321811024, "rpe_48m_rot": 11.647758389961359}