{"ape_trans": 0.11927756613935941, "ape_rot_deg": 1.4501249428461884, "rpe_8m_trans": 0.0660825980643849, "rpe_8m_rot": 0.740730307537547, "rpe_16m_trans": 0.1134436844490208, "rpe_16m_rot": 0.9541354637302647, "rpe_24m_trans": 0.15646941753280183, "rpe_24m_rot": 1.2039635020986652, "rpe_32m_trans": 0.19329507634663987, "rpe_32m_rot": 1.4919733362988465, "rpe_40m_trans": 0.2359001001817901, "rpe_40m_rot": 1.7415151555835862, "rpe_48m_trans": 0.2664201295557061, "rpe_48m_rot": 2.0094682546234637}