{"std": 0.5791269904627997, "rmse": 1.322819404980684, "sse": 838.178714354663, "max": 2.2168077250899247, "min": 0.18693408432681313, "median": 1.1915550119025535, "mean": 1.189312031012447}