{"rmse": 0.10003365242134957, "mean": 0.09459749864051037, "median": 0.09256684449413946, "std": 0.03252760162867861, "min": 0.01948545609929812, "max": 0.372704054768447, "sse": 7.965358366937281}