{"ape_trans": 36.854406867256785, "ape_rot_deg": 66.12881336054585, "rpe_8m_trans": 4.531574187706454, "rpe_8m_rot": 1.9951916814038797, "rpe_16m_trans": 8.97441051671942, "rpe_16m_rot": 2.773320499044409, "rpe_24m_trans": 13.346691302268246, "rpe_24m_rot": 3.3794551337269807, "rpe_32m_trans": 18.661863916824615, "rpe_32m_rot": 3.701222643187441, "rpe_40m_trans": 24.790232119509227, "rpe_40m_rot": 3.9879117362006022, "rpe_48m_trans": 32.11640673612758, "rpe_48m_rot": 4.448149995967764}