{"rmse": 0.32491151717937916, "mean": 0.29659414258351663, "median": 0.28989135288517565, "std": 0.13266276260109536, "min": 0.03873575476953581, "max": 0.6355870554414614, "sse": 101.76706421195698}