{"rmse": 0.47531497573767456, "mean": 0.4642147876856494, "median": 0.4546891818278386, "std": 0.10212226522396371, "min": 0.1677059205057094, "max": 1.1874092864449306, "sse": 114.3177090372161}