{"rmse": 5.678605660922344, "mean": 5.645949054242268, "median": 5.539886800744629, "std": 0.6081295332082886, "min": 4.283062163904983, "max": 7.983392978447503, "sse": 101189.71234758964}