{"ape_trans": 20.315233414491846, "ape_rot_deg": 172.3366054640512, "rpe_8m_trans": 0.06712196771559778, "rpe_8m_rot": 1.213912840907759, "rpe_16m_trans": 0.0876588923511266, "rpe_16m_rot": 1.3929815408533908, "rpe_24m_trans": 0.0976940098159915, "rpe_24m_rot": 1.579395399921176, "rpe_32m_trans": 0.10507657733617026, "rpe_32m_rot": 1.6350867124900572, "rpe_40m_trans": 14.173297283162082, "rpe_40m_rot": 8.942299203952233, "rpe_48m_trans": 25.14356254993641, "rpe_48m_rot": 15.439267232832728}