{"std": 0.4512537418858544, "rmse": 1.0318763064418637, "sse": 1352.2562639810508, "max": 2.257110368593375, "min": 0.056443632367300225, "median": 0.9079490867240441, "mean": 0.927975631269549}