{"ape_trans": 0.398637739158276, "ape_rot_deg": 10.932097592149155, "rpe_8m_trans": 0.7422761901118612, "rpe_8m_rot": 1.6504688108418393, "rpe_16m_trans": 0.7841521635794806, "rpe_16m_rot": 1.898832002634008, "rpe_24m_trans": 1.1875858403184159, "rpe_24m_rot": 2.3102572731562714, "rpe_32m_trans": NaN, "rpe_32m_rot": NaN, "rpe_40m_trans": NaN, "rpe_40m_rot": NaN, "rpe_48m_trans": NaN, "rpe_48m_rot": NaN}