{"rmse": 0.04969093943567765, "mean": 0.04566707693126746, "median": 0.045463903219269394, "std": 0.01958845441973113, "min": 0.0014293980655430156, "max": 0.09265252207271181, "sse": 3.3704436156302515}