{"ape_trans": 1.6460142531037878, "ape_rot_deg": 5.839188470763266, "rpe_8m_trans": 2.738995519248569, "rpe_8m_rot": 2.10290874929851, "rpe_16m_trans": 2.9585482244040184, "rpe_16m_rot": 2.3970739093148667, "rpe_24m_trans": 2.1610702828115995, "rpe_24m_rot": 2.8433404622401457, "rpe_32m_trans": 2.0288940542581146, "rpe_32m_rot": 3.613295097093245, "rpe_40m_trans": 2.2868514716635313, "rpe_40m_rot": 4.444902920019296, "rpe_48m_trans": 2.3799968453902336, "rpe_48m_rot": 5.019718603992934}