{"ape_trans": 0.17279306680366638, "ape_rot_deg": 1.4996863632972433, "rpe_8m_trans": 0.18830231376659765, "rpe_8m_rot": 0.48260321165793313, "rpe_16m_trans": 0.23485205583668375, "rpe_16m_rot": 0.5466722785717103, "rpe_24m_trans": 0.22728192394886917, "rpe_24m_rot": 0.6008141688020767, "rpe_32m_trans": 0.2523348647586265, "rpe_32m_rot": 0.6612291626931631, "rpe_40m_trans": 0.23997962962015926, "rpe_40m_rot": 0.6778155756762162, "rpe_48m_trans": 0.2553750717029509, "rpe_48m_rot": 0.5322256036403391}