{"rmse": 0.9950802517892874, "mean": 0.8722403327606937, "median": 0.8369544774910435, "std": 0.4789378972336034, "min": 0.12553265969953287, "max": 2.009494259232199, "sse": 1156.5357383612047}