{"rmse": 1.7576803328581245, "mean": 1.7464278040802472, "median": 1.7857855317367044, "std": 0.19857008246886765, "min": 1.2576331619853982, "max": 2.0667887781729255, "sse": 1720.81816495155}