{"ape_trans": 0.9505752926993394, "ape_rot_deg": 26.15253675075166, "rpe_8m_trans": 0.9295318011370863, "rpe_8m_rot": 1.902145806239949, "rpe_16m_trans": 1.3878830551537615, "rpe_16m_rot": 2.7778861128767325, "rpe_24m_trans": 1.748060176249357, "rpe_24m_rot": 3.6003085336543683, "rpe_32m_trans": 1.8603263415595717, "rpe_32m_rot": 4.136580999712566, "rpe_40m_trans": 1.948583674753048, "rpe_40m_rot": 4.465160403231142, "rpe_48m_trans": 1.946324110936412, "rpe_48m_rot": 4.668868003466282}