{"rmse": 0.12354319968952561, "mean": 0.10918978812322429, "median": 0.0923246916642507, "std": 0.057797165666937246, "min": 0.008915350654170713, "max": 0.37977436179360247, "sse": 17.186050385406276}