{"ape_trans": 82464.76633030381, "ape_rot_deg": 94.08006027141633, "rpe_8m_trans": 2.0002556386371277, "rpe_8m_rot": 35.87654312132149, "rpe_16m_trans": 3.226235965133887, "rpe_16m_rot": 58.2225810779518, "rpe_24m_trans": 3.6276394355229455, "rpe_24m_rot": 71.34761504102266, "rpe_32m_trans": 3.82262034736832, "rpe_32m_rot": 82.78505102246682, "rpe_40m_trans": 6.268760787353365, "rpe_40m_rot": 85.10597426598692, "rpe_48m_trans": 10.520021762180818, "rpe_48m_rot": 86.373579131501}