{"ape_trans": 0.07559685645482679, "ape_rot_deg": 1.401836750699496, "rpe_8m_trans": 0.07173447895579398, "rpe_8m_rot": 0.792302806618832, "rpe_16m_trans": 0.09643697802677012, "rpe_16m_rot": 0.9468550271791425, "rpe_24m_trans": 0.1157650959585578, "rpe_24m_rot": 1.1363501606778676, "rpe_32m_trans": 0.12244932545428408, "rpe_32m_rot": 1.262757150233435, "rpe_40m_trans": 0.13903003697306177, "rpe_40m_rot": 1.3529702065258387, "rpe_48m_trans": 0.1826069649966605, "rpe_48m_rot": 1.4260547861695279}