{"ape_trans": 1.3324285039793438, "ape_rot_deg": 22.619013821066183, "rpe_8m_trans": 1.1118616993309214, "rpe_8m_rot": 1.6136716971346958, "rpe_16m_trans": 2.0217116261923445, "rpe_16m_rot": 2.4937807350568546, "rpe_24m_trans": 2.665597511782867, "rpe_24m_rot": 3.1702243885440975, "rpe_32m_trans": 2.847914727401446, "rpe_32m_rot": 3.383753524391352, "rpe_40m_trans": 2.8754449531917823, "rpe_40m_rot": 3.3047249544995947, "rpe_48m_trans": NaN, "rpe_48m_rot": NaN}