{"ape_trans": 0.20454923903031805, "ape_rot_deg": 7.122673362721877, "rpe_8m_trans": 0.09516342364030128, "rpe_8m_rot": 0.7960765234997877, "rpe_16m_trans": 0.14027141263692514, "rpe_16m_rot": 0.9806241755639511, "rpe_24m_trans": 0.17755026365353851, "rpe_24m_rot": 1.2455496604427365, "rpe_32m_trans": 0.21692697990040702, "rpe_32m_rot": 1.5672170894760167, "rpe_40m_trans": 0.2631655847477144, "rpe_40m_rot": 1.850197862819961, "rpe_48m_trans": 0.31847903604432987, "rpe_48m_rot": 2.1226242770677195}