{"ape_trans": 4.00159751109979, "ape_rot_deg": 138.70192699380596, "rpe_8m_trans": 0.4765760674382039, "rpe_8m_rot": 1.2275766329014084, "rpe_16m_trans": 4.284480466810499, "rpe_16m_rot": 1.2650789082756546, "rpe_24m_trans": 6.0552630644319905, "rpe_24m_rot": 1.4105889063499892, "rpe_32m_trans": 7.8729914200863265, "rpe_32m_rot": 1.3746604553797974, "rpe_40m_trans": 8.746448008793731, "rpe_40m_rot": 1.413935398843525, "rpe_48m_trans": 8.740881587746903, "rpe_48m_rot": 1.3997797490569992}