{"rmse": 0.13494402436140412, "mean": 0.12537465163320022, "median": 0.12235684018181248, "std": 0.04991078479351846, "min": 0.030281478566821195, "max": 0.3667334247131006, "sse": 9.414512980510086}