{"ape_trans": 0.086165223837859, "ape_rot_deg": 1.2050266555459088, "rpe_8m_trans": 0.04599075275229317, "rpe_8m_rot": 1.0416375558378679, "rpe_16m_trans": 0.06796166942176528, "rpe_16m_rot": 1.3045706978021172, "rpe_24m_trans": 0.08325241663761988, "rpe_24m_rot": 1.5698885227487107, "rpe_32m_trans": 0.09772095426569945, "rpe_32m_rot": 1.870218774183753, "rpe_40m_trans": 0.10949172087279344, "rpe_40m_rot": 2.165228475206946, "rpe_48m_trans": 0.11889166076801941, "rpe_48m_rot": 2.2689329629288575}