{"ape_trans": 0.2943759064804195, "ape_rot_deg": 1.4243635243121653, "rpe_8m_trans": 0.2238060339949588, "rpe_8m_rot": 0.4833809455319653, "rpe_16m_trans": 0.363588845565571, "rpe_16m_rot": 0.601966267658777, "rpe_24m_trans": 0.433318690817979, "rpe_24m_rot": 0.6389443351579167, "rpe_32m_trans": 0.4827635081491209, "rpe_32m_rot": 0.7178522914080118, "rpe_40m_trans": 0.5608481682772718, "rpe_40m_rot": 0.9400263430534497, "rpe_48m_trans": 0.5269998606964091, "rpe_48m_rot": 1.0750309985070325}