{"ape_trans": 1.626070881741972, "ape_rot_deg": 15.184600405500568, "rpe_8m_trans": 1.1452961577078193, "rpe_8m_rot": 3.289103439891215, "rpe_16m_trans": 1.9085288141982983, "rpe_16m_rot": 4.790500238573365, "rpe_24m_trans": 2.5982781564777975, "rpe_24m_rot": 6.497686379678713, "rpe_32m_trans": 3.0720878699479957, "rpe_32m_rot": 7.266320744984038, "rpe_40m_trans": 3.2555468103782825, "rpe_40m_rot": 7.397471010106047, "rpe_48m_trans": 3.5276092566117305, "rpe_48m_rot": 6.804912107906801}