{"std": 0.3770151074930477, "rmse": 1.1015645918099524, "sse": 359.1795867791104, "max": 2.275473541127522, "min": 0.1902016374729167, "median": 0.9736254424828441, "mean": 1.0350382401879812}