{"ape_trans": 0.9576294689232578, "ape_rot_deg": 17.59423010443427, "rpe_8m_trans": 1.3150214981391983, "rpe_8m_rot": 5.557740483201741, "rpe_16m_trans": 1.227539634809259, "rpe_16m_rot": 7.573146821742285, "rpe_24m_trans": 1.5964078357742104, "rpe_24m_rot": 10.60016031037839, "rpe_32m_trans": 1.7933848009335511, "rpe_32m_rot": 13.752163410518373, "rpe_40m_trans": 1.832458322433664, "rpe_40m_rot": 16.3639006565382, "rpe_48m_trans": 2.05584259476713, "rpe_48m_rot": 19.415459322370097}