{"ape_trans": 5.6903240445372685, "ape_rot_deg": 165.68186071117515, "rpe_8m_trans": 5.909362986418795, "rpe_8m_rot": 4.099163108451819, "rpe_16m_trans": 6.74172069390365, "rpe_16m_rot": 6.183973095040221, "rpe_24m_trans": 7.088693658678199, "rpe_24m_rot": 7.610866712093045, "rpe_32m_trans": 7.415094260925777, "rpe_32m_rot": 10.058944238219844, "rpe_40m_trans": 8.067823781638026, "rpe_40m_rot": 11.833566396651593, "rpe_48m_trans": 7.811777358623734, "rpe_48m_rot": 14.1950495032167}