{"rmse": 14.82177835604514, "mean": 14.5232388252608, "median": 14.824402743308664, "std": 2.95983912741309, "min": 2.1738919665053014, "max": 21.899182007736236, "sse": 378078.08056708815}