{"ape_trans": 0.3187214198178226, "ape_rot_deg": 0.736925660656033, "rpe_8m_trans": 0.22215887099864653, "rpe_8m_rot": 0.5951896847993786, "rpe_16m_trans": 0.3492818000292588, "rpe_16m_rot": 0.6603456623393784, "rpe_24m_trans": 0.4011755152865827, "rpe_24m_rot": 0.7733907691974674, "rpe_32m_trans": 0.4455527338623489, "rpe_32m_rot": 0.8163000486418188, "rpe_40m_trans": 0.5368518266284964, "rpe_40m_rot": 0.9053142683627399, "rpe_48m_trans": 0.678197062206562, "rpe_48m_rot": 0.9579870617412664}