{"ape_trans": 3.033686474893053, "ape_rot_deg": 14.234920941823882, "rpe_8m_trans": 1.7872138295108564, "rpe_8m_rot": 6.663155140101079, "rpe_16m_trans": 2.2395469783294604, "rpe_16m_rot": 7.440977322187931, "rpe_24m_trans": 2.894495109309292, "rpe_24m_rot": 7.187174747460039, "rpe_32m_trans": 3.7210399666178766, "rpe_32m_rot": 8.33706064514471, "rpe_40m_trans": 4.085459217564866, "rpe_40m_rot": 8.862549371344702, "rpe_48m_trans": 4.990819700958044, "rpe_48m_rot": 10.991401403625508}