{"ape_trans": 0.31658058312867177, "ape_rot_deg": 3.3154233735253142, "rpe_8m_trans": 0.1793959203443786, "rpe_8m_rot": 0.4179844464669928, "rpe_16m_trans": 0.3232101518147925, "rpe_16m_rot": 0.5253360185014774, "rpe_24m_trans": 0.40934306824509453, "rpe_24m_rot": 0.6891321000653682, "rpe_32m_trans": 0.485189703528305, "rpe_32m_rot": 0.8413820873374109, "rpe_40m_trans": 0.5564340512427004, "rpe_40m_rot": 0.952670852718871, "rpe_48m_trans": 0.6278231911707018, "rpe_48m_rot": 1.024301293047712}