{"ape_trans": 11.189954664461709, "ape_rot_deg": 147.45954136510736, "rpe_8m_trans": 0.07866203671246161, "rpe_8m_rot": 1.3190265713377218, "rpe_16m_trans": 0.09719848785576392, "rpe_16m_rot": 1.4817396085173637, "rpe_24m_trans": 7.96576350496653, "rpe_24m_rot": 7.156523846491514, "rpe_32m_trans": 19.93786786095155, "rpe_32m_rot": 17.782291242548084, "rpe_40m_trans": 22.85304932422072, "rpe_40m_rot": 20.71198397924329, "rpe_48m_trans": 22.84639953202907, "rpe_48m_rot": 20.978057559459167}