{"rmse": 25.387314991003368, "mean": 25.274068386930143, "median": 23.31764949021006, "std": 2.395251474313894, "min": 22.580647144567482, "max": 28.24382313524284, "sse": 2342170.2807521103}