{"rmse": 0.18699868685885468, "mean": 0.1663719238258492, "median": 0.1444913622598705, "std": 0.08537500717084492, "min": 0.01403997621167984, "max": 0.37478250060913754, "sse": 34.6887608158405}