{"ape_trans": 1.2970038632867051, "ape_rot_deg": 91.06408762837277, "rpe_8m_trans": 1.2193914883429864, "rpe_8m_rot": 0.947980984696076, "rpe_16m_trans": 2.3446446148026543, "rpe_16m_rot": 1.4249232405031331, "rpe_24m_trans": 3.128114281190745, "rpe_24m_rot": 1.656753160434809, "rpe_32m_trans": 3.1336447766852222, "rpe_32m_rot": 1.6391148627980212, "rpe_40m_trans": 3.135677698281751, "rpe_40m_rot": 1.6125978587501946, "rpe_48m_trans": NaN, "rpe_48m_rot": NaN}