{"rmse": 4.642104055326121, "mean": 4.5466768566601585, "median": 4.039855156716413, "std": 0.93640782866554, "min": 3.4191402580079795, "max": 5.922133888538603, "sse": 124704.81565997007}