{"rmse": 0.1631644769108679, "mean": 0.1474090526097823, "median": 0.13198267540478104, "std": 0.06995153846974056, "min": 0.014744407592678355, "max": 0.37489722756132665, "sse": 48.346726090484424}