{"rmse": 0.47681553275645056, "mean": 0.4218066901747876, "median": 0.3822056938645161, "std": 0.2223334621724957, "min": 0.07838674548613493, "max": 0.9750377498354266, "sse": 245.5412964600432}