{"rmse": 3.444119027167145, "mean": 2.5092210385066775, "median": 1.6352723411962242, "std": 2.359187498527879, "min": 0.20033613659382737, "max": 9.06422674810546, "sse": 11814.508049801581}