{"ape_trans": 0.10624702695747908, "ape_rot_deg": 3.1793723176773074, "rpe_8m_trans": 0.12904859491818477, "rpe_8m_rot": 2.448961357051046, "rpe_16m_trans": 0.20371129228560142, "rpe_16m_rot": 3.949543800530787, "rpe_24m_trans": 0.30594731682761656, "rpe_24m_rot": 5.840577834949577, "rpe_32m_trans": 0.30548499845292376, "rpe_32m_rot": 9.112747710915244, "rpe_40m_trans": NaN, "rpe_40m_rot": NaN, "rpe_48m_trans": NaN, "rpe_48m_rot": NaN}