{"ape_trans": 1.0550647396442019, "ape_rot_deg": 18.796943569947523, "rpe_8m_trans": 1.362727450194701, "rpe_8m_rot": 5.859858212799467, "rpe_16m_trans": 1.3590651224962684, "rpe_16m_rot": 8.252309423499202, "rpe_24m_trans": 1.8241802427297529, "rpe_24m_rot": 11.894229841433942, "rpe_32m_trans": 2.0284056680537765, "rpe_32m_rot": 15.492340097805293, "rpe_40m_trans": 2.210109359343141, "rpe_40m_rot": 18.60376907207212, "rpe_48m_trans": 2.3915097088084285, "rpe_48m_rot": 21.66150191987778}