{"ape_trans": 133.67662674407845, "ape_rot_deg": 170.08319108588177, "rpe_8m_trans": 2.4295269692865875, "rpe_8m_rot": 2.052908929156854, "rpe_16m_trans": 3.62353825470275, "rpe_16m_rot": 2.007936691810275, "rpe_24m_trans": 3.702273182879513, "rpe_24m_rot": 2.1176240530635764, "rpe_32m_trans": 4.099238266406765, "rpe_32m_rot": 2.206216211408189, "rpe_40m_trans": 5.344541471713363, "rpe_40m_rot": 2.2627261218255863, "rpe_48m_trans": 6.811917789590607, "rpe_48m_rot": 2.343639951251288}