{"ape_trans": 0.8614008016894655, "ape_rot_deg": 4.887444765817612, "rpe_8m_trans": 0.7107632163622438, "rpe_8m_rot": 0.9188563825363367, "rpe_16m_trans": 0.972507758317432, "rpe_16m_rot": 0.9933890592007081, "rpe_24m_trans": 1.204634080027571, "rpe_24m_rot": 1.0088755841598798, "rpe_32m_trans": 1.4173516263304826, "rpe_32m_rot": 1.07239646711313, "rpe_40m_trans": 1.6746932263268703, "rpe_40m_rot": 0.8169891821782468, "rpe_48m_trans": 1.7052732511784352, "rpe_48m_rot": 0.7445852891726441}