{"rmse": 2.463390824422976, "mean": 2.4425252555545516, "median": 2.436063045421909, "std": 0.31994488561232254, "min": 1.6660445725633906, "max": 3.2716138289214163, "sse": 13119.652393026532}