{"rmse": 0.24882455492118927, "mean": 0.23246271968304588, "median": 0.20720906012633475, "std": 0.08873974920682157, "min": 0.060969796531928334, "max": 0.43152128966247666, "sse": 54.422106376788854}