{"ape_trans": 25.761324036111866, "ape_rot_deg": 165.57682507302957, "rpe_8m_trans": 0.06939626778333013, "rpe_8m_rot": 1.3766525765960873, "rpe_16m_trans": 0.07933687963995878, "rpe_16m_rot": 1.4060287971749272, "rpe_24m_trans": 0.10111813820207748, "rpe_24m_rot": 1.4422842594891538, "rpe_32m_trans": 0.1222577059270662, "rpe_32m_rot": 1.6277942737398907, "rpe_40m_trans": 0.14310874607606208, "rpe_40m_rot": 1.7498069849562803, "rpe_48m_trans": 10.844644036044022, "rpe_48m_rot": 5.025250966331966}