{"rmse": 74.26307250741606, "mean": 72.67877430097586, "median": 61.25110515708156, "std": 15.257775209693774, "min": 58.075089302701166, "max": 93.33612844473333, "sse": 6480129.6274340395}