{"rmse": 3.5069778152028492, "mean": 2.4082822826485084, "median": 1.5766417813235858, "std": 2.5493273315536085, "min": 0.24918181680059687, "max": 9.859147761763312, "sse": 13196.712614256672}