{"ape_trans": 21.81435078180506, "ape_rot_deg": 51.57388775721132, "rpe_8m_trans": 0.15303143295847813, "rpe_8m_rot": 1.4927691707573256, "rpe_16m_trans": 0.24808705123592065, "rpe_16m_rot": 1.3756781710754113, "rpe_24m_trans": 0.33497939718356945, "rpe_24m_rot": 1.1138650679919282, "rpe_32m_trans": 0.45731631551620844, "rpe_32m_rot": 1.063268420277517, "rpe_40m_trans": 32.33114525361657, "rpe_40m_rot": 38.75569765678232, "rpe_48m_trans": 42.94584024382938, "rpe_48m_rot": 50.21489392533464}