{"rmse": 1.0739516325989757, "mean": 1.053126630885201, "median": 1.0340455081763875, "std": 0.2104671197179993, "min": 0.3660062084724447, "max": 2.533727787392035, "sse": 582.4529151268126}