{"rmse": 0.17836667978139634, "mean": 0.13387950583415942, "median": 0.08952104088141875, "std": 0.11785987601317277, "min": 0.0325295215211737, "max": 0.5336842647583058, "sse": 47.56293532207758}