{"ape_trans": 0.15523280942132753, "ape_rot_deg": 1.7923543251545846, "rpe_8m_trans": 0.16554060329117679, "rpe_8m_rot": 0.7817117691366142, "rpe_16m_trans": 0.2585984086438772, "rpe_16m_rot": 1.0162966540916194, "rpe_24m_trans": 0.2770355444649263, "rpe_24m_rot": 1.1737901280573377, "rpe_32m_trans": 0.36590872703549265, "rpe_32m_rot": 1.4809992950444189, "rpe_40m_trans": 0.30893103662848276, "rpe_40m_rot": 1.750322418296828, "rpe_48m_trans": 0.37136516401149805, "rpe_48m_rot": 2.0281317109163965}