{"ape_trans": 0.9047184004035441, "ape_rot_deg": 12.824516085898606, "rpe_8m_trans": 0.6812057654597357, "rpe_8m_rot": 0.6067713621326973, "rpe_16m_trans": 1.073658630127092, "rpe_16m_rot": 0.7272738715711473, "rpe_24m_trans": 1.3718091408460975, "rpe_24m_rot": 0.8047617179558408, "rpe_32m_trans": 1.6872973062400731, "rpe_32m_rot": 0.8569918473760244, "rpe_40m_trans": 1.8711031755310634, "rpe_40m_rot": 0.9420649318212624, "rpe_48m_trans": 1.8744420642452375, "rpe_48m_rot": 0.8729929560589894}