{"rmse": 0.055563755983855115, "mean": 0.04543438075339173, "median": 0.032497121091422124, "std": 0.0319851219255019, "min": 0.004348445530556365, "max": 0.13896216984910056, "sse": 3.266396175817332}