{"ape_trans": 0.09846907975990088, "ape_rot_deg": 2.712830254752038, "rpe_8m_trans": 0.10078301360864807, "rpe_8m_rot": 1.6546981966814778, "rpe_16m_trans": 0.12916694285593888, "rpe_16m_rot": 1.8393570609235665, "rpe_24m_trans": 0.15950556190286191, "rpe_24m_rot": 2.3119491717110345, "rpe_32m_trans": 0.18103196554918038, "rpe_32m_rot": 2.84330255173545, "rpe_40m_trans": 0.19465756212933943, "rpe_40m_rot": 3.362965289006146, "rpe_48m_trans": 0.22782464004733624, "rpe_48m_rot": 4.068463465965468}