{"rmse": 0.2913109154150841, "mean": 0.2665443758973626, "median": 0.2768267027996074, "std": 0.11754209934087334, "min": 0.01916819916422617, "max": 0.4592808670479789, "sse": 223.27205207657232}