{"ape_trans": 0.4960472358489379, "ape_rot_deg": 6.3642992573055555, "rpe_8m_trans": 0.40443808774880624, "rpe_8m_rot": 1.3156551648550379, "rpe_16m_trans": 0.5576663621541305, "rpe_16m_rot": 1.7484170748359709, "rpe_24m_trans": 0.6770621190824305, "rpe_24m_rot": 2.168003998217873, "rpe_32m_trans": 0.7832789919752303, "rpe_32m_rot": 2.617922238681407, "rpe_40m_trans": 0.9131065923216907, "rpe_40m_rot": 3.120955463041076, "rpe_48m_trans": 0.9782282339281758, "rpe_48m_rot": 3.551809582779954}