{"rmse": 0.30446820577212264, "mean": 0.2969719576891904, "median": 0.28930133202556585, "std": 0.06714569734797106, "min": 0.1507441075675272, "max": 0.5502666916625694, "sse": 99.56075406222669}