{"rmse": 0.07429303355724262, "mean": 0.06362763592703324, "median": 0.051578834092085926, "std": 0.03835334120353126, "min": 0.006486139470123269, "max": 0.1887822618085348, "sse": 7.528536395127658}