{"rmse": 6.90762156983846, "mean": 6.759878267589546, "median": 7.006940271512188, "std": 1.4210142713808676, "min": 0.5410413993090722, "max": 8.906787806918503, "sse": 37838.18195141335}