{"rmse": 1.770807958599412, "mean": 1.7182256801901548, "median": 1.4695850003517972, "std": 0.4283238706564191, "min": 1.2311050880627439, "max": 2.5634813115317034, "sse": 1737.2114977364154}