{"ape_trans": 0.1783759515211212, "ape_rot_deg": 2.309902879914026, "rpe_8m_trans": 0.13752651370006672, "rpe_8m_rot": 0.6090643989535751, "rpe_16m_trans": 0.2540640570202737, "rpe_16m_rot": 0.6526309944721835, "rpe_24m_trans": 0.2742910525019579, "rpe_24m_rot": 0.5090924332758918, "rpe_32m_trans": 0.32901902817559636, "rpe_32m_rot": 0.6997640873663961, "rpe_40m_trans": 0.35191520508944724, "rpe_40m_rot": 0.7325260005792582, "rpe_48m_trans": 0.41303410309166694, "rpe_48m_rot": 0.5863278178698783}