{"ape_trans": 11.731837856750547, "ape_rot_deg": 36.64602322238384, "rpe_8m_trans": 2.89537352645332, "rpe_8m_rot": 2.997550075359493, "rpe_16m_trans": 6.060630010614606, "rpe_16m_rot": 4.707239305521839, "rpe_24m_trans": 10.934982762348337, "rpe_24m_rot": 5.171875114968117, "rpe_32m_trans": 15.719644113094704, "rpe_32m_rot": 5.803560447785327, "rpe_40m_trans": 20.19927535777579, "rpe_40m_rot": 7.52404882831992, "rpe_48m_trans": 21.7426461090984, "rpe_48m_rot": 8.052073313822223}