{"ape_trans": 21.83614407474447, "ape_rot_deg": 51.57212706223627, "rpe_8m_trans": 0.15306798255938567, "rpe_8m_rot": 1.492662585440116, "rpe_16m_trans": 0.24810945730669412, "rpe_16m_rot": 1.3811679116117859, "rpe_24m_trans": 0.3350675516962516, "rpe_24m_rot": 1.1154898756222889, "rpe_32m_trans": 0.45742002975328866, "rpe_32m_rot": 1.0575885588596292, "rpe_40m_trans": 31.994818161075976, "rpe_40m_rot": 38.352614333229695, "rpe_48m_trans": 42.98329548833028, "rpe_48m_rot": 50.221309375521464}