{"ape_trans": 133.76445206148955, "ape_rot_deg": 170.08595332043447, "rpe_8m_trans": 2.454893418253789, "rpe_8m_rot": 2.050682031317165, "rpe_16m_trans": 3.679586005771338, "rpe_16m_rot": 2.0126705790186956, "rpe_24m_trans": 3.7584139366373672, "rpe_24m_rot": 2.1197149947375227, "rpe_32m_trans": 4.1544941404808675, "rpe_32m_rot": 2.2146345745239358, "rpe_40m_trans": 5.42700844844754, "rpe_40m_rot": 2.2749209124963254, "rpe_48m_trans": 6.931152423373892, "rpe_48m_rot": 2.3719052967650436}