{"rmse": 0.10900737836797612, "mean": 0.09992086759171075, "median": 0.09864315411144028, "std": 0.043570962330190935, "min": 0.008353796612564973, "max": 0.21568458848129982, "sse": 16.421765000426888}