{"rmse": 0.16918227591462603, "mean": 0.1528816994838261, "median": 0.14257946370032704, "std": 0.07245569989027598, "min": 0.03290370322587324, "max": 0.35483920192281926, "sse": 64.11471916338193}