{"ape_trans": 0.10246124657132773, "ape_rot_deg": 2.11516640110633, "rpe_8m_trans": 0.12595127054608032, "rpe_8m_rot": 1.796503334879305, "rpe_16m_trans": 0.1939577952475332, "rpe_16m_rot": 2.973962659824134, "rpe_24m_trans": 0.3073601964504401, "rpe_24m_rot": 4.387293628312188, "rpe_32m_trans": 0.28571462358151967, "rpe_32m_rot": 6.387928909632843, "rpe_40m_trans": 0.21448491894102029, "rpe_40m_rot": 7.7521705815244655, "rpe_48m_trans": NaN, "rpe_48m_rot": NaN}