{"rmse": 0.2003989791915304, "mean": 0.17678543912761152, "median": 0.15208771131190396, "std": 0.09437509932956363, "min": 0.04815067002735776, "max": 0.3710809982337136, "sse": 39.83847285411938}