{"rmse": 0.13542479680248473, "mean": 0.12320150058039345, "median": 0.11439900982148792, "std": 0.056225135337619234, "min": 0.027393408820547145, "max": 0.2536761638147393, "sse": 18.11979708192635}