{"rmse": 3.8233599644498972, "mean": 3.819312789697313, "median": 3.7900537156795675, "std": 0.17587277280138133, "min": 3.352604179415926, "max": 4.422427503729814, "sse": 28154.424810602526}