{"ape_trans": 0.30269672422345295, "ape_rot_deg": 0.7095980062577223, "rpe_8m_trans": 0.19511685565005657, "rpe_8m_rot": 0.5467162918207524, "rpe_16m_trans": 0.29887481652118814, "rpe_16m_rot": 0.6306477929600375, "rpe_24m_trans": 0.32825234818792837, "rpe_24m_rot": 0.718727672210884, "rpe_32m_trans": 0.3873337528861166, "rpe_32m_rot": 0.7824319580558613, "rpe_40m_trans": 0.4968900503376376, "rpe_40m_rot": 0.9450975527224864, "rpe_48m_trans": 0.6562172166635388, "rpe_48m_rot": 0.9944499371806472}