{"ape_trans": 0.08849474260964099, "ape_rot_deg": 1.1428752672173306, "rpe_8m_trans": 0.06479260469825701, "rpe_8m_rot": 0.9474947287943088, "rpe_16m_trans": 0.07683048265501781, "rpe_16m_rot": 1.129317166821761, "rpe_24m_trans": 0.0913361153893664, "rpe_24m_rot": 1.3014723162981288, "rpe_32m_trans": 0.11307168921086154, "rpe_32m_rot": 1.5036413408523843, "rpe_40m_trans": 0.12034532246062085, "rpe_40m_rot": 1.7032628929832778, "rpe_48m_trans": 0.1183637418394894, "rpe_48m_rot": 1.7680743220917918}