{"rmse": 0.4955581384355188, "mean": 0.48987661478665073, "median": 0.471428595991726, "std": 0.07482493471329123, "min": 0.2911832059256158, "max": 0.7027465447529501, "sse": 261.29485215813617}