{"ape_trans": 0.3469874292334815, "ape_rot_deg": 1.493716866213372, "rpe_8m_trans": 0.20162977328329934, "rpe_8m_rot": 1.2147932685605811, "rpe_16m_trans": 0.32829318208561975, "rpe_16m_rot": 1.505779720375231, "rpe_24m_trans": 0.4202573695772708, "rpe_24m_rot": 1.5304799351233334, "rpe_32m_trans": 0.4720737082046759, "rpe_32m_rot": 1.6453414761499194, "rpe_40m_trans": 0.6221290511714884, "rpe_40m_rot": 2.015746148933483, "rpe_48m_trans": 0.8041306951730973, "rpe_48m_rot": 2.2968196314807243}