{"rmse": 0.2513980096943648, "mean": 0.23002912115221658, "median": 0.2262998757035402, "std": 0.1014276229644904, "min": 0.0729506145321888, "max": 0.538265036954147, "sse": 114.77294204937093}