{"rmse_8m_trans": 0.16621221871751668, "rmse_8m_rot": 1.003244723082805, "rmse_16m_trans": 0.29113808575543, "rmse_16m_rot": 1.3850481376107957, "rmse_24m_trans": 0.33143054781901776, "rmse_24m_rot": 1.9587449317707921, "rmse_32m_trans": 0.43077714494819214, "rmse_32m_rot": 2.5718950114095662, "rmse_40m_trans": 0.4063382200870933, "rmse_40m_rot": 3.2175465769862392, "rmse_48m_trans": 0.514779502635619, "rmse_48m_rot": 3.7419693968284453}