{"rmse": 0.2396705935150578, "mean": 0.22788294192196687, "median": 0.2213991304817036, "std": 0.07423852218928893, "min": 0.028428176319076858, "max": 0.40117787046311254, "sse": 79.67204484005791}