{"rmse": 0.24349185860803793, "mean": 0.2035462352212636, "median": 0.1755065892666032, "std": 0.13363089214566656, "min": 0.026334551287445048, "max": 0.5813374363493136, "sse": 112.05485904386983}