{"rmse": 2.6206422532145806, "mean": 2.619967158631697, "median": 2.624607123656747, "std": 0.059480307875341684, "min": 2.4508604211697946, "max": 2.8612779840174865, "sse": 13213.581436397833}