{"rmse": 0.12225593539764851, "mean": 0.09856223645778506, "median": 0.07559555521004763, "std": 0.07233256033346029, "min": 0.014300910410545027, "max": 0.32901331473738, "sse": 18.757874743642276}