{"rmse": 1.1866602060956435, "mean": 1.1318087283786789, "median": 1.0952015492189107, "std": 0.3566110585733324, "min": 0.3762003890865208, "max": 3.770371249898213, "sse": 1458.8562927412695}