{"std": 0.04338672187429161, "rmse": 0.10348616253639538, "sse": 14.853918155238318, "max": 0.212381162661417, "min": 0.021187654931922196, "median": 0.08299304160838587, "mean": 0.09395199945457312}