{"rmse": 0.14838597609301704, "mean": 0.1302688646694511, "median": 0.10719609632253212, "std": 0.07105223992816595, "min": 0.013112361365610916, "max": 0.32446212346491476, "sse": 49.32121129841343}