{"rmse_8m_trans": 0.04980069585498379, "rmse_8m_rot": 0.829208182475315, "rmse_16m_trans": 0.06405052395963515, "rmse_16m_rot": 1.0456128746953754, "rmse_24m_trans": 0.07405563269048139, "rmse_24m_rot": 1.257836873992618, "rmse_32m_trans": 0.08419761355757337, "rmse_32m_rot": 1.4317923828041519, "rmse_40m_trans": 0.09594308356698862, "rmse_40m_rot": 1.618000905793395, "rmse_48m_trans": 0.10475647222863516, "rmse_48m_rot": 1.7676944454946195}