{"ape_trans": 0.2122671770070274, "ape_rot_deg": 6.892323799653408, "rpe_8m_trans": 0.1132805855791543, "rpe_8m_rot": 0.770411777389819, "rpe_16m_trans": 0.16299419235999385, "rpe_16m_rot": 0.9861032853160149, "rpe_24m_trans": 0.20174162978350796, "rpe_24m_rot": 1.2640246506053348, "rpe_32m_trans": 0.24239943176948428, "rpe_32m_rot": 1.5721920190762235, "rpe_40m_trans": 0.2939464925290987, "rpe_40m_rot": 1.8786056361160415, "rpe_48m_trans": 0.35477865478441484, "rpe_48m_rot": 2.1715881356987166}