{"rmse": 6.442673797545145, "mean": 6.305447442765438, "median": 6.561409865512092, "std": 1.3226406194040679, "min": 0.4591371916560673, "max": 8.372552225460966, "sse": 32915.8802096288}