{"ape_trans": 0.455083169994846, "ape_rot_deg": 9.597823708231948, "rpe_8m_trans": 0.8422866246069526, "rpe_8m_rot": 3.01874860346611, "rpe_16m_trans": 0.883785470359049, "rpe_16m_rot": 3.4429513051822287, "rpe_24m_trans": 1.353848325507342, "rpe_24m_rot": 5.164855813476864, "rpe_32m_trans": NaN, "rpe_32m_rot": NaN, "rpe_40m_trans": NaN, "rpe_40m_rot": NaN, "rpe_48m_trans": NaN, "rpe_48m_rot": NaN}