{"ape_trans": 8.935965350084182, "ape_rot_deg": 26.025696851664062, "rpe_8m_trans": 3.165087653925624, "rpe_8m_rot": 7.1141054722486095, "rpe_16m_trans": 6.106885229263894, "rpe_16m_rot": 7.629799501729827, "rpe_24m_trans": 8.498707868680471, "rpe_24m_rot": 7.46078514732747, "rpe_32m_trans": 11.378278647189308, "rpe_32m_rot": 7.068267183275362, "rpe_40m_trans": 12.863883170117479, "rpe_40m_rot": 7.99567304884098, "rpe_48m_trans": 14.413180932795708, "rpe_48m_rot": 7.5933445122285566}