{"ape_trans": 0.28640483689046564, "ape_rot_deg": 4.3482386829922115, "rpe_8m_trans": 0.1762352202249967, "rpe_8m_rot": 1.528941749647739, "rpe_16m_trans": 0.3029261163565393, "rpe_16m_rot": 2.631870589396326, "rpe_24m_trans": 0.4522140786408794, "rpe_24m_rot": 3.504729057932982, "rpe_32m_trans": 0.5770523017687608, "rpe_32m_rot": 4.712115819358745, "rpe_40m_trans": 0.5474061168069155, "rpe_40m_rot": 5.569505295057937, "rpe_48m_trans": 0.6370398946942065, "rpe_48m_rot": 6.553867750924572}