{"rmse": 0.15386824890110598, "mean": 0.13401081696979783, "median": 0.1182257572336545, "std": 0.07560779691923349, "min": 0.02645802856064799, "max": 0.29603448214433564, "sse": 23.509709953753458}