{"rmse": 0.37121736055425286, "mean": 0.35381488433326186, "median": 0.4032518625956099, "std": 0.11232700655277325, "min": 0.10864333891007961, "max": 0.5152035569939295, "sse": 134.4950728862214}