{"ape_trans": 0.23152962969746446, "ape_rot_deg": 8.395852478305237, "rpe_8m_trans": 0.10247094833099109, "rpe_8m_rot": 0.7821196192344798, "rpe_16m_trans": 0.1491733420630031, "rpe_16m_rot": 0.8673065540222373, "rpe_24m_trans": 0.1929599861289158, "rpe_24m_rot": 0.995169746006032, "rpe_32m_trans": 0.23865398645736557, "rpe_32m_rot": 1.192279280638102, "rpe_40m_trans": 0.2909243888626884, "rpe_40m_rot": 1.3143788663203433, "rpe_48m_trans": 0.3553132701260741, "rpe_48m_rot": 1.4399166019309884}