{"ape_trans": 0.32325318438927175, "ape_rot_deg": 0.9046835815300656, "rpe_8m_trans": 0.24990687612259432, "rpe_8m_rot": 0.6137702175868863, "rpe_16m_trans": 0.3760206368108956, "rpe_16m_rot": 0.7127697019392923, "rpe_24m_trans": 0.42582585294564107, "rpe_24m_rot": 0.8643386622899061, "rpe_32m_trans": 0.4658457828862298, "rpe_32m_rot": 0.9354260271799526, "rpe_40m_trans": 0.549840243273782, "rpe_40m_rot": 1.0569240992058355, "rpe_48m_trans": 0.7121561319948058, "rpe_48m_rot": 1.1998979614714333}