{"rmse": 0.08263370238716372, "mean": 0.07826320865456987, "median": 0.07227192058594469, "std": 0.026517898508396337, "min": 0.011498773573957231, "max": 0.16375865653485763, "sse": 17.405410035266176}