{"ape_trans": 0.114429993544073, "ape_rot_deg": 1.9916404318243763, "rpe_8m_trans": 0.11249780057633817, "rpe_8m_rot": 0.5857730938119835, "rpe_16m_trans": 0.2044207088549002, "rpe_16m_rot": 0.6096018617250027, "rpe_24m_trans": 0.21508482681404195, "rpe_24m_rot": 0.6233428054996153, "rpe_32m_trans": 0.2626706003757705, "rpe_32m_rot": 0.8073516130002459, "rpe_40m_trans": 0.2665339593854224, "rpe_40m_rot": 0.882578356986417, "rpe_48m_trans": 0.31181179349365523, "rpe_48m_rot": 0.8920162334514142}