{"rmse": 12385520.875479037, "mean": 11968051.529440306, "median": 11008399.156361094, "std": 3188552.954803887, "min": 5379786.698552721, "max": 20850367.981929325, "sse": 9.555356223062985e+17}