{"rmse": 4.794118871121087, "mean": 4.78694761956376, "median": 4.772889518660552, "std": 0.26212256292082986, "min": 4.1713928094121675, "max": 5.354871628610133, "sse": 11147.034238963075}