{"std": 0.053369296058394966, "rmse": 0.10721804052750884, "sse": 15.910060168949002, "max": 0.2603701420652999, "min": 0.00495338164351526, "median": 0.08511594444066942, "mean": 0.09299153968394067}