{"ape_trans": 0.2136585622535556, "ape_rot_deg": 5.095589580242321, "rpe_8m_trans": 0.17794166472430922, "rpe_8m_rot": 0.8494873650412977, "rpe_16m_trans": 0.22616647621784797, "rpe_16m_rot": 1.315195477849941, "rpe_24m_trans": 0.2812352758213412, "rpe_24m_rot": 1.7055214569545878, "rpe_32m_trans": 0.35338335037617696, "rpe_32m_rot": 2.136344857838846, "rpe_40m_trans": 0.3981560277531242, "rpe_40m_rot": 2.586183902208663, "rpe_48m_trans": 0.4418972317172081, "rpe_48m_rot": 3.0674885004105383}