{"ape_trans": 0.07667192930945184, "ape_rot_deg": 6.350309668311661, "rpe_8m_trans": 0.3103989654648192, "rpe_8m_rot": 3.6708229577118714, "rpe_16m_trans": 0.2673563858860142, "rpe_16m_rot": 3.028780685721186, "rpe_24m_trans": 0.31194312321583334, "rpe_24m_rot": 2.961050492564521, "rpe_32m_trans": 0.2713946675316188, "rpe_32m_rot": 3.2816107874260285, "rpe_40m_trans": 0.2760582186107202, "rpe_40m_rot": 3.312347851915355, "rpe_48m_trans": 0.36727442863654153, "rpe_48m_rot": 3.633670097484149}