{"rmse": 13.7331318191635, "mean": 13.581228152345904, "median": 14.005068196511614, "std": 2.0369465963662607, "min": 10.025280969573636, "max": 17.044333045484688, "sse": 188976.10738164603}