{"ape_trans": 0.12494113899632296, "ape_rot_deg": 1.989547218805061, "rpe_8m_trans": 0.11429321594148152, "rpe_8m_rot": 0.44980379336413107, "rpe_16m_trans": 0.20150557174963699, "rpe_16m_rot": 0.4544684095629584, "rpe_24m_trans": 0.20851622561988828, "rpe_24m_rot": 0.5276045750965114, "rpe_32m_trans": 0.246506678563564, "rpe_32m_rot": 0.6852699918919354, "rpe_40m_trans": 0.2747156414988511, "rpe_40m_rot": 0.7371819581400936, "rpe_48m_trans": 0.30866272774810305, "rpe_48m_rot": 0.7575166329057555}