{"ape_trans": 898831.0086453483, "ape_rot_deg": 96.02656483841821, "rpe_8m_trans": 0.03640146972043088, "rpe_8m_rot": 1.2746036299975663, "rpe_16m_trans": 0.04211062468084358, "rpe_16m_rot": 1.4196964837104638, "rpe_24m_trans": 0.05573762685935986, "rpe_24m_rot": 1.5044467410221969, "rpe_32m_trans": 0.06884063465774107, "rpe_32m_rot": 1.668150617386996, "rpe_40m_trans": 0.07669099171924207, "rpe_40m_rot": 2.1518838007693253, "rpe_48m_trans": 0.08845149561686638, "rpe_48m_rot": 2.7561643773831626}