{"ape_trans": 0.07196028953734494, "ape_rot_deg": 2.486370355875386, "rpe_8m_trans": 0.13994320992651801, "rpe_8m_rot": 0.863019554414218, "rpe_16m_trans": 0.12137956927333293, "rpe_16m_rot": 1.1247454935394272, "rpe_24m_trans": 0.14131806626865182, "rpe_24m_rot": 1.1600825769760241, "rpe_32m_trans": 0.1514780365815658, "rpe_32m_rot": 1.2053097070802563, "rpe_40m_trans": 0.15811660531025284, "rpe_40m_rot": 1.1785808396722686, "rpe_48m_trans": 0.1584074413243203, "rpe_48m_rot": 1.5778550633437856}