{"ape_trans": 36.84738614436653, "ape_rot_deg": 66.12751527757521, "rpe_8m_trans": 4.530152934642433, "rpe_8m_rot": 1.9951331245658295, "rpe_16m_trans": 8.971416914487547, "rpe_16m_rot": 2.773437164761197, "rpe_24m_trans": 13.349089945662879, "rpe_24m_rot": 3.3782738574864712, "rpe_32m_trans": 18.663604247997032, "rpe_32m_rot": 3.699698183749471, "rpe_40m_trans": 24.78697936795195, "rpe_40m_rot": 3.9866606807971574, "rpe_48m_trans": 32.12699493403741, "rpe_48m_rot": 4.446870537302082}