{"rmse": 0.35806780733601157, "mean": 0.3550683683522324, "median": 0.35934735953137426, "std": 0.04624941562984884, "min": 0.2432752923558788, "max": 0.5498633134893494, "sse": 134.62318238294003}