{"rmse": 7426072.959369346, "mean": 7347149.251846899, "median": 6754894.849128823, "std": 1079795.1050834397, "min": 5809085.545918091, "max": 10242778.628428016, "sse": 3.435079197351733e+17}