{"rmse": 0.8614650706510949, "mean": 0.8596231475974205, "median": 0.8643507793495345, "std": 0.05630374824644643, "min": 0.6984667670306185, "max": 0.983711215646395, "sse": 741.379945883944}