{"ape_trans": 0.1286874357722273, "ape_rot_deg": 7.049386861704667, "rpe_8m_trans": 0.3180375633229453, "rpe_8m_rot": 3.749716170521067, "rpe_16m_trans": 0.2955718833000485, "rpe_16m_rot": 3.2440078509818515, "rpe_24m_trans": 0.3377747098315758, "rpe_24m_rot": 3.3995201621953597, "rpe_32m_trans": 0.30952231836178695, "rpe_32m_rot": 3.900219521410349, "rpe_40m_trans": 0.35900198412312007, "rpe_40m_rot": 4.025134267762971, "rpe_48m_trans": 0.4442276536095036, "rpe_48m_rot": 4.766590660880659}