{"rmse": 0.6678965156751696, "mean": 0.6522092266240445, "median": 0.6501284273193559, "std": 0.14390580376585846, "min": 0.33559372099341533, "max": 1.2593733036363657, "sse": 306.90699988791005}