{"ape_trans": 0.1631644769108679, "ape_rot_deg": 1.3392314979360898, "rpe_8m_trans": 0.16392565834577466, "rpe_8m_rot": 0.7671908231467157, "rpe_16m_trans": 0.24754434245005175, "rpe_16m_rot": 1.012697203114254, "rpe_24m_trans": 0.2736275597785723, "rpe_24m_rot": 1.1386399202285198, "rpe_32m_trans": 0.3484937806742334, "rpe_32m_rot": 1.3854855535747095, "rpe_40m_trans": 0.304666570817229, "rpe_40m_rot": 1.5467048571194795, "rpe_48m_trans": 0.3465661119797086, "rpe_48m_rot": 1.7608291964031566}