{"ape_trans": 0.052053805713699754, "ape_rot_deg": 0.7688721013792843, "rpe_8m_trans": 0.060321266748807244, "rpe_8m_rot": 0.7324549183506619, "rpe_16m_trans": 0.0755749814871101, "rpe_16m_rot": 0.8923708045897791, "rpe_24m_trans": 0.07743273758287554, "rpe_24m_rot": 0.914702224795947, "rpe_32m_trans": 0.08109832654073626, "rpe_32m_rot": 0.9113254347079959, "rpe_40m_trans": 0.08218148231677799, "rpe_40m_rot": 0.7954889733816569, "rpe_48m_trans": 0.08301311761268362, "rpe_48m_rot": 0.7342954286703629}