{"rmse": 0.3364681029008824, "mean": 0.3198852585436909, "median": 0.3147932154119595, "std": 0.10432739638347562, "min": 0.15344314439050094, "max": 0.7404640143018502, "sse": 59.66208331014181}