{"std": 0.28296761680979593, "rmse": 6.7012585404481, "sse": 87703.10934863854, "max": 7.312838420733737, "min": 5.964503417145052, "median": 6.7222102899151315, "mean": 6.695281573897066}