{"std": 0.2591723265577684, "rmse": 5.820677789930633, "sse": 66235.96682134489, "max": 6.38298412580025, "min": 5.160810998449658, "median": 5.836933363742058, "mean": 5.814904955314265}