{"ape_trans": 0.40200570029089255, "ape_rot_deg": 1.2954317238306934, "rpe_8m_trans": 0.21242734597046783, "rpe_8m_rot": 1.0192973275485158, "rpe_16m_trans": 0.3375842643558339, "rpe_16m_rot": 1.3597928007765376, "rpe_24m_trans": 0.44244520288479416, "rpe_24m_rot": 1.3793028223653168, "rpe_32m_trans": 0.5248809188126845, "rpe_32m_rot": 1.4654958210335163, "rpe_40m_trans": 0.6697505515604536, "rpe_40m_rot": 1.7934547885124705, "rpe_48m_trans": 0.8349689133658135, "rpe_48m_rot": 1.9327317987813586}