{"ape_trans": 0.6674695371965377, "ape_rot_deg": 30.328831523903784, "rpe_8m_trans": 0.6996978878970286, "rpe_8m_rot": 1.4638432018923098, "rpe_16m_trans": 0.9921777764849331, "rpe_16m_rot": 1.947972847035456, "rpe_24m_trans": 1.266760806420454, "rpe_24m_rot": 2.5163353684225767, "rpe_32m_trans": 1.3873125186919621, "rpe_32m_rot": 2.868760035884306, "rpe_40m_trans": 1.4867878724904922, "rpe_40m_rot": 3.164367023712986, "rpe_48m_trans": 1.4852141775852832, "rpe_48m_rot": 3.247690882364407}