{"ape_trans": 0.13494402436140412, "ape_rot_deg": 11.725803638071818, "rpe_8m_trans": 0.17148517434945434, "rpe_8m_rot": 0.5462557166833036, "rpe_16m_trans": 0.2768433221174335, "rpe_16m_rot": 0.6344429856111533, "rpe_24m_trans": 0.31804151281582727, "rpe_24m_rot": 0.6862741940603476, "rpe_32m_trans": 0.3178334431098417, "rpe_32m_rot": 0.5950704812986953, "rpe_40m_trans": NaN, "rpe_40m_rot": NaN, "rpe_48m_trans": NaN, "rpe_48m_rot": NaN}