{"ape_trans": 0.2513980096943648, "ape_rot_deg": 5.831883649281807, "rpe_8m_trans": 0.16620087430424968, "rpe_8m_rot": 1.0032679703937668, "rpe_16m_trans": 0.29110402020666304, "rpe_16m_rot": 1.3851045543366316, "rpe_24m_trans": 0.33137724366032645, "rpe_24m_rot": 1.9588015241783872, "rpe_32m_trans": 0.43071518071469217, "rpe_32m_rot": 2.571969802902998, "rpe_40m_trans": 0.4062630644204045, "rpe_40m_rot": 3.217605723845011, "rpe_48m_trans": 0.5146861156624852, "rpe_48m_rot": 3.7420755236302172}