{"ape_trans": 0.13341384551347665, "ape_rot_deg": 2.1556703104372, "rpe_8m_trans": 0.11660903766530614, "rpe_8m_rot": 0.5906233166585577, "rpe_16m_trans": 0.21845261342274874, "rpe_16m_rot": 0.606380946949108, "rpe_24m_trans": 0.22515908712014304, "rpe_24m_rot": 0.5248818467087214, "rpe_32m_trans": 0.27469398830822717, "rpe_32m_rot": 0.6823437685498139, "rpe_40m_trans": 0.29411180917035645, "rpe_40m_rot": 0.7242012651193444, "rpe_48m_trans": 0.3463510735023552, "rpe_48m_rot": 0.6252911453532807}