{"ape_trans": 0.06972157512756737, "ape_rot_deg": 0.8649480985923678, "rpe_8m_trans": 0.06822820379231045, "rpe_8m_rot": 0.6679872391317964, "rpe_16m_trans": 0.0896916185361289, "rpe_16m_rot": 0.8464306152678155, "rpe_24m_trans": 0.10875676370619225, "rpe_24m_rot": 1.067817071838199, "rpe_32m_trans": 0.1271695706744231, "rpe_32m_rot": 1.2918908146838275, "rpe_40m_trans": 0.12076742017508092, "rpe_40m_rot": 1.4247261697911386, "rpe_48m_trans": 0.11793370518075301, "rpe_48m_rot": 1.5275216059644652}