{"ape_trans": 0.0743044003807587, "ape_rot_deg": 1.3510590741234392, "rpe_8m_trans": 0.041248841465243, "rpe_8m_rot": 0.7328373386535227, "rpe_16m_trans": 0.05866965417626801, "rpe_16m_rot": 0.9846336142510216, "rpe_24m_trans": 0.07158254861556876, "rpe_24m_rot": 1.1549242728197973, "rpe_32m_trans": 0.08194643060550602, "rpe_32m_rot": 1.2071017173485057, "rpe_40m_trans": 0.09386311157361532, "rpe_40m_rot": 1.3336035618131217, "rpe_48m_trans": 0.10014372962012974, "rpe_48m_rot": 1.4857463295071611}