{"rmse": 2.179151924851324, "mean": 2.117206785378273, "median": 1.8079822236441552, "std": 0.5158861691608227, "min": 1.5331295312925861, "max": 3.096770825930547, "sse": 2640.2789300402765}