{"ape_trans": 0.05047010480437126, "ape_rot_deg": 0.8886717156329076, "rpe_8m_trans": 0.05649812025141553, "rpe_8m_rot": 0.7891114187341289, "rpe_16m_trans": 0.0735477736846154, "rpe_16m_rot": 0.8804362710176716, "rpe_24m_trans": 0.07996062763309911, "rpe_24m_rot": 1.0363001361593738, "rpe_32m_trans": 0.08729790167691388, "rpe_32m_rot": 1.0868060062086535, "rpe_40m_trans": 0.09270282329530105, "rpe_40m_rot": 1.092994497639123, "rpe_48m_trans": 0.11695174304323426, "rpe_48m_rot": 1.075256974584293}