{"rmse": 0.03655218803887506, "mean": 0.033579085414755516, "median": 0.03148397590097484, "std": 0.01443978784947462, "min": 0.003084325096042582, "max": 0.08270048782409921, "sse": 1.4135540725541793}