{"ape_trans": 0.31801735739025444, "ape_rot_deg": 1.3624954065815706, "rpe_8m_trans": 0.18784410764124915, "rpe_8m_rot": 1.0334071494755557, "rpe_16m_trans": 0.3125490679921494, "rpe_16m_rot": 1.3383341632586774, "rpe_24m_trans": 0.4115001497206433, "rpe_24m_rot": 1.4581006196568815, "rpe_32m_trans": 0.4693274209803743, "rpe_32m_rot": 1.6167140724884292, "rpe_40m_trans": 0.5954157075684067, "rpe_40m_rot": 2.0621049333746653, "rpe_48m_trans": 0.7398459902319995, "rpe_48m_rot": 2.2570750281485186}