{"ape_trans": 0.4956334346253858, "ape_rot_deg": 6.352366411190832, "rpe_8m_trans": 0.4042165140948384, "rpe_8m_rot": 1.3153449545754266, "rpe_16m_trans": 0.5573432094646352, "rpe_16m_rot": 1.7471790535464051, "rpe_24m_trans": 0.6765847089516684, "rpe_24m_rot": 2.16689551522936, "rpe_32m_trans": 0.7827645425072384, "rpe_32m_rot": 2.6175824633497995, "rpe_40m_trans": 0.9124298920539193, "rpe_40m_rot": 3.1202957282248587, "rpe_48m_trans": 0.9774066837480494, "rpe_48m_rot": 3.550950232432106}