{"rmse": 0.3338040430316813, "mean": 0.30202300437796925, "median": 0.27303561339431437, "std": 0.14215218595154178, "min": 0.05959241176348017, "max": 0.6779072808040184, "sse": 99.05694869927963}