{"rmse": 0.1090190562144821, "mean": 0.09984949067304683, "median": 0.09985594792934288, "std": 0.04376338458379956, "min": 0.013136967308665402, "max": 0.21696881115862024, "sse": 16.389628218079146}