{"std": 0.0752004534500769, "rmse": 0.24278380037243874, "sse": 61.47856459338541, "max": 0.41038958524547453, "min": 0.08956461341372979, "median": 0.24462740663314447, "mean": 0.23084381196858408}