{"ape_trans": 0.09074358335189613, "ape_rot_deg": 2.1459302253565755, "rpe_8m_trans": 0.12659524589435478, "rpe_8m_rot": 1.8375226764082069, "rpe_16m_trans": 0.1896837426416501, "rpe_16m_rot": 2.9931354433525237, "rpe_24m_trans": 0.28903735879184295, "rpe_24m_rot": 4.443842391276049, "rpe_32m_trans": 0.24596429443505582, "rpe_32m_rot": 6.439168665262512, "rpe_40m_trans": 0.16601644525353754, "rpe_40m_rot": 7.834238554087218, "rpe_48m_trans": NaN, "rpe_48m_rot": NaN}