{"std": 0.17873273459241162, "rmse": 0.4749089661732945, "sse": 269.5185387513859, "max": 1.1896057563919258, "min": 0.12101108538013426, "median": 0.41008673987081234, "mean": 0.43999219963188657}