{"std": 0.5409462755418495, "rmse": 0.84977901393302, "sse": 862.9386251625662, "max": 2.946776211030035, "min": 0.02173786832039863, "median": 0.4717567504151417, "mean": 0.6553636391335557}