{"ape_trans": 0.5062899267790265, "ape_rot_deg": 7.951304359116982, "rpe_8m_trans": 0.29078208976429, "rpe_8m_rot": 1.8034740711784616, "rpe_16m_trans": 0.5017647687136167, "rpe_16m_rot": 2.3894617610321824, "rpe_24m_trans": 0.5847983058331224, "rpe_24m_rot": 3.199619358115691, "rpe_32m_trans": 0.7382898458552275, "rpe_32m_rot": 4.163592954801931, "rpe_40m_trans": 0.8386167232504322, "rpe_40m_rot": 5.234222307960124, "rpe_48m_trans": 1.0593636209855701, "rpe_48m_rot": 6.179066085636841}