{"rmse": 0.06303650416572823, "mean": 0.05498370818717642, "median": 0.04306992149346264, "std": 0.030828439652750873, "min": 0.006148099696369362, "max": 0.1420791130214699, "sse": 4.91931786150561}