{"std": 0.1831102757054258, "rmse": 0.4933979345861508, "sse": 238.08580837309418, "max": 0.9467264125146082, "min": 0.1540444635816182, "median": 0.4198485747273286, "mean": 0.458161705934665}