{"rmse": 0.309660944589997, "mean": 0.3020900512176983, "median": 0.2894284766913611, "std": 0.06805513617396994, "min": 0.1741797235786942, "max": 0.7007279323550029, "sse": 50.34219781729382}