{"ape_trans": 33.458548490282034, "ape_rot_deg": 10.123541307490209, "rpe_8m_trans": 0.04246293894110265, "rpe_8m_rot": 1.4768204065635544, "rpe_16m_trans": 0.05172703697014886, "rpe_16m_rot": 1.3956887155982616, "rpe_24m_trans": 0.05614949024999842, "rpe_24m_rot": 1.196834215017424, "rpe_32m_trans": 0.05082173082562621, "rpe_32m_rot": 0.9727503214094418, "rpe_40m_trans": 0.03766382390244784, "rpe_40m_rot": 0.7948103831153783, "rpe_48m_trans": NaN, "rpe_48m_rot": NaN}