{"ape_trans": 131.56118810293782, "ape_rot_deg": 153.70779682967327, "rpe_8m_trans": 3.5348644523674397, "rpe_8m_rot": 2.462689679854723, "rpe_16m_trans": 7.8708539045029475, "rpe_16m_rot": 3.077228620302942, "rpe_24m_trans": 12.841552761754858, "rpe_24m_rot": 3.7396375464337672, "rpe_32m_trans": 18.410253084732883, "rpe_32m_rot": 4.6419967133352715, "rpe_40m_trans": 24.999689088817014, "rpe_40m_rot": 5.324159422149036, "rpe_48m_trans": 32.629024579026336, "rpe_48m_rot": 6.039375287449838}