{"ape_trans": 0.8309082594402541, "ape_rot_deg": 151.25741864952954, "rpe_8m_trans": 0.9780278921138592, "rpe_8m_rot": 2.1491743504565886, "rpe_16m_trans": 1.73535035153258, "rpe_16m_rot": 3.7030373705399837, "rpe_24m_trans": 2.3824768478486265, "rpe_24m_rot": 4.971469307934611, "rpe_32m_trans": 2.3868613545427335, "rpe_32m_rot": 4.941576081273604, "rpe_40m_trans": 2.3735831620907084, "rpe_40m_rot": 4.90643844383732, "rpe_48m_trans": NaN, "rpe_48m_rot": NaN}