{"rmse": 0.375170225579797, "mean": 0.3693633505466722, "median": 0.3648509987255448, "std": 0.06575266864950789, "min": 0.23095473901156935, "max": 0.5650203102440884, "sse": 64.32398305984927}