{"rmse": 0.16694107539118838, "mean": 0.1562079883102407, "median": 0.15279225231954038, "std": 0.058893013514628056, "min": 0.03794205921832993, "max": 0.27323824755618226, "sse": 21.905287605074427}