{"rmse": 0.4218119866339922, "mean": 0.3613666591356037, "median": 0.3186749319628215, "std": 0.21757639976175638, "min": 0.0932532510186573, "max": 0.9818125439173075, "sse": 227.03274923891502}