{"std": 0.10455183498017867, "rmse": 0.23774879089806683, "sse": 102.64846943346276, "max": 0.409258804119005, "min": 0.015892718601594278, "median": 0.19093050765539893, "mean": 0.21352611403706614}