{"rmse": 0.09758649851698972, "mean": 0.08736338460554312, "median": 0.08011322797409524, "std": 0.04348291300120531, "min": 0.009065707214224783, "max": 0.18660348622635956, "sse": 12.02770648701453}