{"ape_trans": 6.4465868241265385, "ape_rot_deg": 176.4703084263895, "rpe_8m_trans": 6.022897711934734, "rpe_8m_rot": 3.576072776432332, "rpe_16m_trans": 7.665106536499998, "rpe_16m_rot": 5.567501842869576, "rpe_24m_trans": 7.970791525629513, "rpe_24m_rot": 6.9486968410507535, "rpe_32m_trans": 8.461351164589477, "rpe_32m_rot": 9.201590664526382, "rpe_40m_trans": 9.178563332659621, "rpe_40m_rot": 11.087868446458307, "rpe_48m_trans": 9.170321429198205, "rpe_48m_rot": 13.26175572064923}