{"ape_trans": 0.29668988680275366, "ape_rot_deg": 18.94296277411086, "rpe_8m_trans": 0.3576410588779691, "rpe_8m_rot": 1.3612374257742323, "rpe_16m_trans": 0.5879496013921764, "rpe_16m_rot": 2.269735613441609, "rpe_24m_trans": 0.6798775632152121, "rpe_24m_rot": 2.9084280365518027, "rpe_32m_trans": 0.6829862291734586, "rpe_32m_rot": 3.142675381883851, "rpe_40m_trans": NaN, "rpe_40m_rot": NaN, "rpe_48m_trans": NaN, "rpe_48m_rot": NaN}