{"rmse_8m_trans": 0.190649042271811, "rmse_8m_rot": 1.647615905602863, "rmse_16m_trans": 0.2617589016644722, "rmse_16m_rot": 1.8018018593673102, "rmse_24m_trans": 0.3156892470265476, "rmse_24m_rot": 2.104815423397398, "rmse_32m_trans": 0.3553391547922465, "rmse_32m_rot": 2.325200992292279, "rmse_40m_trans": 0.37953750576842493, "rmse_40m_rot": 2.293955292362441, "rmse_48m_trans": 0.4674465313757245, "rmse_48m_rot": 2.645606872578137}