{"ape_trans": 0.17093139917802175, "ape_rot_deg": 2.5228435484286025, "rpe_8m_trans": 0.15414922194802452, "rpe_8m_rot": 1.0927003337110246, "rpe_16m_trans": 0.2165646944073691, "rpe_16m_rot": 1.2576299819090975, "rpe_24m_trans": 0.2699257800264799, "rpe_24m_rot": 1.5364969738322092, "rpe_32m_trans": 0.3040320733098496, "rpe_32m_rot": 1.8475934135189342, "rpe_40m_trans": 0.2856614555308858, "rpe_40m_rot": 2.103450915781391, "rpe_48m_trans": 0.24972330814143642, "rpe_48m_rot": 2.419094081877523}