{"ape_trans": 5.894469231283893, "ape_rot_deg": 25.86843800552822, "rpe_8m_trans": 0.034798780456284144, "rpe_8m_rot": 1.0523095236281463, "rpe_16m_trans": 4.087199976877015, "rpe_16m_rot": 2.894862093925328, "rpe_24m_trans": 6.248760607969848, "rpe_24m_rot": 4.198869835616046, "rpe_32m_trans": 7.917882963028743, "rpe_32m_rot": 5.189131827902601, "rpe_40m_trans": 9.945246239222348, "rpe_40m_rot": 6.333008614159878, "rpe_48m_trans": 11.526558374889616, "rpe_48m_rot": 7.047744683261851}