{"rmse": 1.0616403333251387, "mean": 1.0214455502042898, "median": 1.009800115561395, "std": 0.2893599580290401, "min": 0.24394734183151576, "max": 2.7825374108073615, "sse": 569.1754996580695}