{"rmse": 86.28711452509269, "mean": 82.08064294575608, "median": 63.121276881465356, "std": 26.612669664612074, "min": 61.00357561443605, "max": 119.36123523446452, "sse": 40153398.85562743}