{"rmse_8m_trans": 0.19062945297090864, "rmse_8m_rot": 1.7909783789727185, "rmse_16m_trans": 0.25356055339680256, "rmse_16m_rot": 2.0406979435068977, "rmse_24m_trans": 0.2988628946116497, "rmse_24m_rot": 2.440974060281669, "rmse_32m_trans": 0.3407997174923981, "rmse_32m_rot": 2.819590723626203, "rmse_40m_trans": 0.37978731626303425, "rmse_40m_rot": 2.964321329523155, "rmse_48m_trans": 0.4752535013628107, "rmse_48m_rot": 3.421831991384754}