{"ape_trans": 0.10837212951673443, "ape_rot_deg": 2.3625111978443036, "rpe_8m_trans": 0.1253342993110428, "rpe_8m_rot": 1.9434888760949482, "rpe_16m_trans": 0.197238224188391, "rpe_16m_rot": 3.367595364591474, "rpe_24m_trans": 0.3276977693669509, "rpe_24m_rot": 4.993104140905429, "rpe_32m_trans": 0.3185755260650886, "rpe_32m_rot": 7.153819756392744, "rpe_40m_trans": 0.27154170895353197, "rpe_40m_rot": 8.856231626814356, "rpe_48m_trans": NaN, "rpe_48m_rot": NaN}