{"rmse": 0.08275428644850993, "mean": 0.08075528470375277, "median": 0.08305964143693154, "std": 0.01807915700517772, "min": 0.0180449422667033, "max": 0.125407644409397, "sse": 5.410134821225608}