{"ape_trans": 16.498948548406382, "ape_rot_deg": 123.16140656592377, "rpe_8m_trans": 3.6041238555398625, "rpe_8m_rot": 1.5402119735941204, "rpe_16m_trans": 7.7779404704517745, "rpe_16m_rot": 1.9397809659770362, "rpe_24m_trans": 13.704645982247856, "rpe_24m_rot": 3.839746911186208, "rpe_32m_trans": 18.41314526808423, "rpe_32m_rot": 5.144968622071624, "rpe_40m_trans": 22.59314350606202, "rpe_40m_rot": 5.757517091707169, "rpe_48m_trans": 26.936264529349856, "rpe_48m_rot": 6.317718206836109}