{"rmse": 0.21012050524891634, "mean": 0.18701308330175767, "median": 0.19363753283404128, "std": 0.09579526815051842, "min": 0.0142422960481773, "max": 0.35542052505401683, "sse": 55.40903654120515}