{"ape_trans": 13.368742921043594, "ape_rot_deg": 162.66726725004028, "rpe_8m_trans": 0.10404037739365944, "rpe_8m_rot": 1.3602716353635755, "rpe_16m_trans": 0.12552560429523202, "rpe_16m_rot": 1.7639232914461627, "rpe_24m_trans": 0.153999100317553, "rpe_24m_rot": 1.888333065339774, "rpe_32m_trans": 21.118101251247143, "rpe_32m_rot": 4.781960054684892, "rpe_40m_trans": 27.536978213322154, "rpe_40m_rot": 6.0894379936902645, "rpe_48m_trans": 27.523875583552247, "rpe_48m_rot": 6.3159753351787025}