{"ape_trans": 6.442673797545145, "ape_rot_deg": 32.06133199225808, "rpe_8m_trans": 3.0428614725597023, "rpe_8m_rot": 4.047314890942023, "rpe_16m_trans": 5.655800886057925, "rpe_16m_rot": 5.093098533656505, "rpe_24m_trans": 7.475167891388484, "rpe_24m_rot": 6.414760748660803, "rpe_32m_trans": 9.349205689104277, "rpe_32m_rot": 6.222266710009816, "rpe_40m_trans": 11.351866728977111, "rpe_40m_rot": 6.540782659467989, "rpe_48m_trans": 12.751106955268193, "rpe_48m_rot": 7.515904434793646}