{"rmse": 0.12214697870552488, "mean": 0.1079823816077209, "median": 0.08581429912090649, "std": 0.057093692026461924, "min": 0.017099692235727607, "max": 0.2614583608667809, "sse": 16.79978984215583}