{"ape_trans": 0.161037405779828, "ape_rot_deg": 2.016943059927184, "rpe_8m_trans": 0.11153907780361479, "rpe_8m_rot": 0.5055777366754035, "rpe_16m_trans": 0.20387217392251614, "rpe_16m_rot": 0.5434022828839415, "rpe_24m_trans": 0.21652563211374473, "rpe_24m_rot": 0.6783341364517855, "rpe_32m_trans": 0.2576957563428612, "rpe_32m_rot": 0.9130586752040871, "rpe_40m_trans": 0.2944582257801419, "rpe_40m_rot": 1.0600493215473643, "rpe_48m_trans": 0.32524273345978033, "rpe_48m_rot": 1.1862424175205883}